id,prediction
0,245 394 373 599 11 142 526 46 603 772 602 713 739 34 33 649 49 808 281 818
1,6 364 407 232 777 146 245 373 599 11 142 526 46 603 772 602 739 34 33 649
2,6 364 407 232 777 146 245 394 373 599 11 142 526 46 603 772 602 713 739 34
3,6 364 407 232 777 146 245 394 373 599 11 142 526 46 603 772 602 713 739 34
4,6 364 407 232 777 146 245 394 373 599 11 526 46 603 772 602 713 739 34 33
5,6 364 407 232 777 146 245 394 373 599 11 142 526 46 603 772 602 713 739 34
6,245 394 373 599 11 142 526 46 603 772 602 713 739 34 33 649 49 808 281 818
7,6 364 407 232 777 146 599 142 526 772 602 713 739 34 33 649 49 808 281 818
8,245 394 373 599 11 142 526 46 603 772 602 713 739 34 33 649 49 808 281 818
9,245 394 373 599 11 142 526 46 603 772 602 713 739 34 33 649 49 808 281 818
10,245 394 373 599 11 142 526 46 603 772 602 713 739 34 33 649 49 808 281 818
11,6 364 407 232 777 146 245 394 373 599 11 142 526 46 603 772 602 713 739 34
12,6 364 407 232 777 146 245 394 373 599 11 142 526 46 603 772 602 713 739 34
13,6 364 407 232 777 146 245 394 373 599 11 142 526 46 603 772 602 713 739 34
14,245 394 373 599 11 142 526 46 603 772 602 713 739 34 33 649 49 808 281 818
15,245 394 373 599 11 142 526 46 603 772 602 713 739 34 33 649 49 808 281 818
16,6 364 407 232 777 146 245 394 373 599 11 142 526 46 603 772 602 713 739 34
17,245 394 373 599 11 142 526 46 603 772 602 713 739 34 33 649 49 808 281 818
18,6 364 407 232 777 146 245 394 373 599 11 526 46 603 772 602 713 739 34 33
19,6 364 407 232 777 146 245 373 599 11 142 526 46 603 772 602 713 739 34 33
20,6 364 407 232 777 146 245 394 373 599 11 142 526 46 603 772 602 713 739 34
21,6 364 407 232 777 146 245 394 373 599 11 142 526 46 603 772 602 713 739 34
22,6 364 407 232 777 146 245 394 373 599 11 142 526 46 603 772 602 713 739 34
23,6 364 407 232 777 146 245 394 373 599 11 142 526 772 602 713 739 34 33 649
24,6 364 407 232 777 146 245 394 373 599 11 142 526 46 603 602 713 739 34 33
25,6 364 407 232 777 146 245 394 373 599 11 142 526 46 603 772 602 713 739 34
26,6 364 407 232 777 146 245 394 373 599 11 142 526 46 603 772 602 713 739 34
27,6 364 407 232 777 146 245 394 373 599 11 142 526 46 603 772 602 713 739 34
28,6 364 407 232 777 146 245 394 373 599 11 142 526 46 603 772 602 713 739 34
29,6 364 407 232 777 146 245 394 373 599 11 142 526 46 603 772 602 713 739 34
30,245 394 373 599 11 142 526 46 603 772 602 713 739 34 33 649 49 808 281 818
31,245 394 373 599 11 142 526 46 603 772 602 713 739 34 33 649 49 808 281 818
32,245 394 373 599 11 142 526 46 603 772 602 713 739 34 33 649 49 808 281 818
33,6 364 407 232 777 146 373 142 526 46 603 772 602 713 739 34 649 49 808 281
34,245 394 373 599 11 142 526 46 603 772 602 713 739 34 33 649 49 808 281 818
35,6 364 407 232 777 146 245 394 373 599 11 142 526 46 603 772 602 713 739 34
36,6 364 407 232 777 146 245 394 373 599 11 142 526 46 603 772 602 713 739 34
37,6 364 407 232 777 146 245 394 373 599 11 142 526 46 603 772 602 713 739 34
38,6 364 407 232 777 146 245 394 373 599 11 142 526 46 603 772 602 739 34 33
39,6 364 407 232 777 146 245 394 373 599 142 526 46 603 772 602 713 739 34 33
40,6 364 407 232 777 146 11 526 772 602 713 34 33 649 49 808 281 818 604 313
41,245 394 373 599 11 142 526 46 603 772 602 713 739 34 33 649 49 808 281 818
42,6 364 407 232 777 146 245 394 373 599 11 142 526 46 603 772 602 713 34 33
43,6 364 407 232 777 146 245 394 373 599 11 142 526 46 603 772 602 713 739 34
44,6 364 407 232 777 146 394 373 599 11 142 526 46 603 772 602 713 739 34 33
45,6 364 407 232 777 146 245 394 373 599 11 142 526 46 603 772 602 713 739 34
46,245 394 373 599 11 142 526 46 603 772 602 713 739 34 33 649 49 808 281 818
47,6 364 407 232 777 146 245 394 373 599 11 142 526 46 603 772 602 713 739 34
48,245 394 373 599 11 142 526 46 603 772 602 713 739 34 33 649 49 808 281 818
49,6 364 407 232 777 146 245 394 373 599 11 142 526 46 603 772 602 713 739 34
50,245 394 373 599 11 142 526 46 603 772 602 713 739 34 33 649 49 808 281 818
51,6 364 407 232 777 146 245 394 373 599 11 142 526 46 603 772 602 713 739 34
52,6 364 407 232 777 146 245 394 373 599 11 526 46 603 772 602 713 739 34 33
53,6 364 407 232 777 146 245 394 373 599 526 46 603 772 602 713 739 34 33 649
54,245 394 373 599 11 142 526 46 603 772 602 713 739 34 33 649 49 808 281 818
55,6 364 407 232 777 146 245 394 373 599 11 142 526 46 603 772 602 713 739 34
56,6 364 407 232 777 146 394 373 142 526 603 772 602 713 739 34 33 649 49 808
57,6 364 407 232 777 146 11 142 526 46 603 772 602 713 34 33 649 49 808 281
58,6 364 407 232 777 146 245 394 373 599 11 142 526 46 603 772 602 713 739 34
59,6 364 407 232 777 146 245 394 373 599 11 142 526 46 603 772 602 713 739 34
60,245 394 373 599 11 142 526 46 603 772 602 713 739 34 33 649 49 808 281 818
61,245 394 373 599 11 142 526 46 603 772 602 713 739 34 33 649 49 808 281 818
62,6 364 407 232 777 146 245 394 373 599 11 142 526 46 603 772 602 713 739 34
63,6 364 407 232 777 146 245 373 526 46 603 772 739 34 33 49 808 281 818 604
64,245 394 373 599 11 142 526 46 603 772 602 713 739 34 33 649 49 808 281 818
65,6 364 407 232 777 146 245 394 373 599 11 142 526 46 603 772 602 713 739 34
66,6 364 407 232 777 146 245 394 373 599 11 142 526 46 603 772 602 713 739 34
67,245 394 373 599 11 142 526 46 603 772 602 713 739 34 33 649 49 808 281 818
68,6 364 407 232 777 146 245 394 373 599 11 142 526 46 603 772 602 713 739 34
69,6 364 407 232 777 146 394 599 11 142 526 46 603 772 602 713 739 34 33 649
70,6 364 407 232 777 146 245 394 373 599 11 142 526 46 603 772 602 713 739 34
71,6 364 407 232 777 146 245 394 373 599 11 142 526 46 603 772 602 713 739 34
72,6 364 407 232 777 146 245 394 373 599 11 142 526 46 603 772 602 713 739 34
73,6 364 407 232 777 146 245 394 373 599 11 142 526 46 603 772 602 713 739 34
74,6 364 407 232 777 146 245 394 373 11 142 526 46 603 772 602 713 739 34 33
75,245 394 373 599 11 142 526 46 603 772 602 713 739 34 33 649 49 808 281 818
76,245 394 373 599 11 142 526 46 603 772 602 713 739 34 33 649 49 808 281 818
77,6 364 407 232 777 146 245 394 373 599 11 142 526 46 603 772 602 713 739 34
78,6 364 407 232 777 146 245 394 373 599 11 142 526 46 772 602 713 739 34 33
79,6 364 407 232 777 146 394 373 11 142 526 46 603 772 713 739 33 649 49 808
80,6 364 407 232 777 146 245 394 373 599 11 142 526 46 603 772 602 713 739 34
81,245 394 373 599 11 142 526 46 603 772 602 713 739 34 33 649 49 808 281 818
82,6 364 407 232 777 146 245 394 373 599 11 142 526 46 603 772 602 713 739 34
83,245 394 373 599 11 142 526 46 603 772 602 713 739 34 33 649 49 808 281 818
84,6 364 407 232 777 146 373 599 142 526 46 603 772 602 713 739 34 33 649 49
85,6 364 407 232 777 146 245 394 373 599 11 142 526 46 603 772 602 713 739 34
86,6 364 407 232 777 146 245 394 373 599 11 142 526 46 603 772 602 713 739 34
87,6 364 407 232 777 146 245 394 373 599 11 142 526 46 603 772 602 713 739 34
88,245 394 373 599 11 142 526 46 603 772 602 713 739 34 33 649 49 808 281 818
89,245 394 373 599 11 142 526 46 603 772 602 713 739 34 33 649 49 808 281 818
90,6 364 407 232 777 146 245 394 373 599 11 142 526 46 603 772 602 713 739 34
91,245 394 373 599 11 142 526 46 603 772 602 713 739 34 33 649 49 808 281 818
92,777 146 245 394 373 599 11 142 526 46 603 772 602 713 739 34 33 649 49 808
93,6 364 407 232 777 146 245 394 373 599 11 142 526 46 603 772 602 713 739 34
94,6 364 407 232 777 146 245 394 373 11 142 526 46 603 772 602 713 739 34 649
95,6 364 407 232 777 146 245 394 373 599 11 142 526 46 603 772 602 713 739 34
96,245 394 373 599 11 142 526 46 603 772 602 713 739 34 33 649 49 808 281 818
97,6 364 407 232 777 146 245 394 373 599 11 142 526 46 603 772 602 713 739 34
98,6 364 407 232 777 146 245 394 373 599 11 142 526 46 603 772 602 713 739 34
99,6 364 407 232 777 146 245 394 373 11 142 526 46 603 772 602 713 739 34 33
100,6 364 407 232 777 146 245 394 373 599 11 142 526 46 603 772 602 713 739 34
101,6 364 407 232 777 146 245 394 373 599 11 142 526 46 603 772 602 713 739 34
102,777 146 245 394 373 599 11 142 526 46 603 772 602 713 739 34 33 649 49 808
103,6 364 407 232 777 146 245 394 373 599 11 142 526 46 603 772 602 713 739 34
104,6 364 407 232 777 146 245 394 373 599 11 142 526 46 603 772 602 739 34 33
105,6 364 407 232 777 146 245 394 373 599 11 142 526 603 772 602 713 739 34 33
106,6 364 407 232 777 146 245 394 373 599 11 142 526 46 603 772 602 713 739 34
107,245 394 373 599 11 142 526 46 603 772 602 713 739 34 33 649 49 808 281 818
108,245 394 373 599 11 142 526 46 603 772 602 713 739 34 33 649 49 808 281 818
109,6 364 407 232 777 146 245 394 373 599 11 142 526 46 603 602 713 739 34 33
110,6 364 407 232 777 146 11 526 46 603 772 602 713 739 34 33 649 49 808 281
111,777 146 245 394 373 599 11 142 526 46 603 772 602 713 739 34 33 649 49 808
112,6 364 407 232 777 146 245 394 373 599 11 142 526 46 603 772 602 713 739 34
113,6 364 407 232 777 146 245 394 373 599 11 142 526 46 603 772 602 713 739 34
114,6 364 407 232 777 146 245 394 373 599 11 526 46 603 772 602 713 739 34 33
115,6 364 407 232 777 146 245 394 373 599 11 142 526 46 603 772 602 713 739 34
116,6 364 407 232 777 146 394 373 599 11 142 526 46 603 772 602 713 34 33 49
117,6 364 407 232 777 146 394 599 11 142 526 46 603 772 602 713 739 34 33 649
118,245 394 373 599 11 142 526 46 603 772 602 713 739 34 33 649 49 808 281 818
119,6 364 407 232 777 146 245 394 373 599 11 526 46 603 772 602 713 739 34 33
120,6 364 407 232 777 146 245 394 373 599 11 142 526 46 603 772 602 713 739 34
121,6 364 407 232 777 146 245 394 11 526 46 603 772 602 713 739 34 33 649 49
122,6 364 407 232 777 146 394 373 599 11 142 526 46 603 772 602 713 739 34 33
123,6 364 407 232 777 146 245 394 373 599 11 142 526 46 603 772 602 713 739 34
124,6 364 407 232 777 146 245 394 373 599 11 142 526 46 603 772 602 713 739 34
125,6 364 407 232 777 146 245 394 373 599 11 142 526 46 603 772 602 713 739 34
126,6 364 407 232 777 146 245 394 373 599 11 142 526 46 603 772 602 713 739 34
127,6 364 407 232 777 146 245 394 373 599 11 142 526 46 772 602 713 739 34 33
128,6 364 407 232 777 146 245 394 373 599 142 526 46 603 772 602 713 739 34 33
129,6 364 407 232 777 146 245 394 373 599 11 142 526 46 603 772 602 713 739 34
130,6 364 407 232 777 146 245 394 373 599 11 142 526 46 603 772 602 713 739 34
131,6 364 407 232 777 146 245 394 373 599 11 142 526 46 603 772 602 713 739 34
132,6 364 407 232 777 146 245 394 373 599 11 142 526 46 603 772 602 713 739 34
133,6 364 407 232 777 146 245 394 373 599 142 526 46 603 772 602 713 739 34 33
134,6 364 407 232 777 146 11 142 526 603 772 602 713 739 34 33 649 49 808 281
135,6 364 407 232 777 146 245 394 373 599 11 142 526 46 603 772 602 713 739 34
136,245 394 373 599 11 142 526 46 603 772 602 713 739 34 33 649 49 808 281 818
137,6 364 407 232 777 146 394 373 11 142 526 46 772 602 713 739 34 33 649 49
138,6 364 407 232 777 146 245 394 373 599 11 142 526 46 603 772 602 713 739 34
139,6 364 407 232 777 146 245 394 599 11 526 46 603 602 713 739 33 649 49 808
140,6 364 407 232 777 146 245 394 373 599 11 142 526 46 603 772 602 713 739 33
141,6 364 407 232 777 146 245 394 373 599 11 142 526 46 603 772 602 713 739 34
142,6 364 407 232 777 146 245 394 373 599 11 142 526 46 603 772 602 713 739 34
143,6 364 407 232 777 146 245 394 373 599 11 142 526 46 603 772 602 713 739 34
144,6 364 407 232 777 146 394 599 142 526 603 772 602 713 739 34 49 281 818 604
145,6 364 407 232 777 146 245 394 373 599 11 142 526 46 603 772 602 713 739 34
146,6 364 407 232 777 146 245 394 373 599 11 142 526 46 603 772 602 713 739 34
147,6 364 407 232 777 146 394 373 11 142 526 46 603 772 602 713 739 34 33 649
148,6 364 407 232 777 146 245 394 373 599 11 142 526 46 603 772 602 713 739 34
149,6 364 407 232 777 146 245 394 373 599 11 526 46 603 772 602 713 739 34 33
150,6 364 407 232 777 146 245 373 599 11 142 526 46 772 602 713 739 34 33 649
151,245 394 373 599 11 142 526 46 603 772 602 713 739 34 33 649 49 808 281 818
152,6 364 407 232 777 146 245 394 373 599 11 142 526 46 603 772 602 713 739 34
153,6 364 407 232 777 146 245 394 373 599 11 142 526 46 603 772 602 713 739 34
154,6 364 407 232 777 146 245 394 373 599 11 142 526 46 603 772 602 713 739 34
155,6 364 407 232 777 146 245 373 599 11 142 526 46 603 772 602 713 739 34 33
156,6 364 407 232 777 146 245 394 373 599 11 142 526 46 603 772 602 713 739 34
157,6 364 407 232 777 146 245 394 373 599 11 142 526 46 603 772 602 713 739 34
158,6 364 407 232 777 146 245 394 373 599 11 142 526 46 603 772 602 713 739 34
159,245 394 373 599 11 142 526 46 603 772 602 713 739 34 33 649 49 808 281 818
160,245 394 373 599 11 142 526 46 603 772 602 713 739 34 33 649 49 808 281 818
161,6 364 407 232 777 146 245 394 373 599 11 142 526 46 603 772 602 713 739 34
162,6 364 407 232 777 146 394 373 599 142 526 46 603 772 602 713 739 34 33 649
163,6 364 407 232 777 146 245 394 373 599 11 142 526 46 603 772 602 713 739 34
164,6 364 407 232 777 146 245 394 373 599 11 142 526 46 603 772 602 713 739 34
165,245 394 373 599 11 142 526 46 603 772 602 713 739 34 33 649 49 808 281 818
166,6 364 407 232 777 146 245 394 373 599 11 142 526 46 603 772 602 713 739 34
167,6 364 407 232 777 146 245 394 373 599 11 526 46 603 772 602 713 739 34 33
168,245 394 373 599 11 142 526 46 603 772 602 713 739 34 33 649 49 808 281 818
169,6 364 407 232 777 146 245 394 373 599 11 142 526 46 603 772 602 713 739 34
170,6 364 407 232 777 146 245 394 373 599 11 142 526 46 603 772 602 713 739 34
171,6 364 407 232 777 146 245 394 373 599 11 142 526 46 603 772 602 713 739 34
172,6 364 407 232 777 146 245 394 373 599 11 142 526 46 603 772 602 713 739 34
173,6 364 407 232 777 146 245 394 373 599 11 142 526 46 603 772 602 713 739 34
174,6 364 407 232 777 146 245 394 373 599 11 142 526 46 603 772 602 713 739 34
175,6 364 407 232 777 146 245 394 373 599 11 142 526 46 603 772 602 713 739 34
176,245 394 373 599 11 142 526 46 603 772 602 713 739 34 33 649 49 808 281 818
177,6 364 407 232 777 146 394 599 11 142 526 46 772 713 34 33 649 808 818 604
178,6 364 407 232 777 146 245 394 599 11 142 526 46 603 772 602 713 739 34 33
179,6 364 407 232 777 146 245 394 373 599 11 142 526 46 603 772 602 713 739 34
180,6 364 407 232 777 146 599 11 142 46 772 602 713 739 34 33 649 49 808 281
181,6 364 407 232 777 146 245 394 599 11 142 526 46 603 772 602 713 739 34 33
182,6 364 407 232 777 146 245 394 373 599 11 142 526 46 603 772 602 713 739 34
183,6 364 407 232 777 146 245 394 373 599 11 142 526 46 603 772 602 713 739 34
184,6 364 407 232 777 146 245 394 373 599 11 142 526 46 603 602 713 739 34 33
185,245 394 373 599 11 142 526 46 603 772 602 713 739 34 33 649 49 808 281 818
186,245 394 373 599 11 142 526 46 603 772 602 713 739 34 33 649 49 808 281 818
187,6 364 407 232 777 146 245 394 373 599 11 142 526 46 603 772 602 713 739 34
188,6 364 407 232 777 146 245 394 373 599 11 142 526 46 603 772 713 739 34 33
189,6 364 407 232 777 146 245 394 373 599 11 142 526 46 603 772 602 713 739 34
190,6 364 407 232 777 146 245 394 373 599 11 142 526 46 603 772 602 713 739 34
191,6 364 407 232 777 146 245 394 373 599 11 142 526 46 603 772 602 713 739 34
192,6 364 407 232 777 146 245 394 373 599 11 142 526 46 603 772 602 713 739 34
193,6 364 407 232 777 146 394 11 142 526 46 603 772 602 713 739 34 33 649 808
194,6 364 407 232 777 146 245 394 373 599 11 142 46 603 772 602 713 739 34 33
195,6 364 407 232 777 146 245 394 373 599 11 142 526 46 603 772 602 713 739 34
196,6 364 407 232 777 146 245 394 373 599 11 142 526 46 603 772 602 713 739 34
197,245 394 373 599 11 142 526 46 603 772 602 713 739 34 33 649 49 808 281 818
198,6 364 407 232 777 146 245 394 373 599 11 142 526 46 603 772 602 713 739 34
199,6 364 407 232 777 146 245 394 373 599 11 142 526 46 603 772 602 713 739 34
200,6 364 407 232 777 146 245 394 373 599 11 142 526 46 603 772 602 713 739 34
201,245 394 373 599 11 142 526 46 603 772 602 713 739 34 33 649 49 808 281 818
202,6 364 407 232 777 146 245 394 373 599 11 142 526 46 603 772 602 713 739 34
203,6 364 407 232 777 146 245 394 373 599 11 142 526 46 603 772 602 739 34 33
204,6 364 407 232 777 146 245 394 373 599 11 142 526 46 603 772 602 713 739 34
205,6 364 407 232 777 146 245 394 373 599 11 142 46 603 772 602 713 739 34 33
206,245 394 373 599 11 142 526 46 603 772 602 713 739 34 33 649 49 808 281 818
207,6 364 407 232 777 146 245 394 599 11 142 526 46 603 772 602 713 739 34 33
208,245 394 373 599 11 142 526 46 603 772 602 713 739 34 33 649 49 808 281 818
209,6 364 407 232 777 146 245 394 373 599 11 142 526 46 603 772 602 713 739 34
210,245 394 373 599 11 142 526 46 603 772 602 713 739 34 33 649 49 808 281 818
211,6 364 407 232 777 146 394 373 142 526 46 603 772 713 739 34 33 49 808 281
212,6 364 407 232 777 146 245 394 373 599 11 142 526 46 603 772 602 713 739 34
213,6 364 407 232 777 146 245 394 373 599 11 142 526 46 603 772 602 713 739 34
214,6 364 407 232 777 146 245 394 373 599 11 142 526 46 603 772 602 713 739 34
215,6 364 407 232 777 146 373 599 11 142 526 603 772 602 713 739 33 649 49 808
216,6 364 407 232 777 146 245 394 373 599 11 142 526 46 603 772 602 713 739 34
217,245 394 373 599 11 142 526 46 603 772 602 713 739 34 33 649 49 808 281 818
218,6 364 407 232 777 146 245 394 373 599 11 142 526 46 603 772 602 713 739 34
219,6 364 407 232 777 146 245 394 373 599 11 142 526 46 603 772 602 713 739 34
220,6 364 407 232 777 146 373 599 142 526 46 603 772 602 713 739 34 33 649 49
221,6 364 407 232 777 146 245 394 373 599 11 142 526 46 603 772 602 713 739 34
222,6 364 407 232 777 146 245 394 373 599 11 142 526 46 603 772 602 713 739 34
223,6 364 407 232 777 146 245 394 373 599 11 142 526 46 603 772 602 713 739 34
224,6 364 407 232 777 146 245 394 373 599 11 142 526 46 603 772 602 713 739 34
225,6 364 407 232 777 146 394 373 599 142 526 46 603 772 602 713 739 34 33 649
226,6 364 407 232 777 146 245 394 373 599 11 142 526 46 603 772 602 713 739 34
227,6 364 407 232 777 146 245 394 373 599 11 46 603 772 602 713 739 34 33 49
228,6 364 407 232 777 146 245 394 373 11 142 526 46 603 772 602 713 739 34 33
229,6 364 407 232 777 146 245 394 373 599 11 142 46 603 772 602 713 739 34 649
230,245 394 373 599 11 142 526 46 603 772 602 713 739 34 33 649 49 808 281 818
231,6 364 407 232 777 146 245 394 373 599 11 142 526 46 603 772 602 713 739 34
232,245 394 373 599 11 142 526 46 603 772 602 713 739 34 33 649 49 808 281 818
233,6 364 407 232 777 146 245 394 373 599 11 142 526 46 603 772 602 713 739 34
234,6 364 407 232 777 146 245 394 373 599 11 142 526 46 603 772 602 713 739 34
235,6 364 407 232 777 146 245 394 373 599 11 142 526 46 603 772 602 713 739 34
236,6 364 407 232 777 146 245 394 373 599 11 142 526 46 603 772 602 713 739 34
237,6 364 407 232 777 146 245 394 373 599 11 142 526 46 603 772 602 713 739 34
238,6 364 407 232 777 146 245 394 373 599 11 142 526 46 603 772 602 713 739 34
239,245 394 373 599 11 142 526 46 603 772 602 713 739 34 33 649 49 808 281 818
240,245 394 373 599 11 142 526 46 603 772 602 713 739 34 33 649 49 808 281 818
241,6 364 407 232 777 146 245 394 373 599 11 142 526 46 603 772 602 713 739 34
242,245 394 373 599 11 142 526 46 603 772 602 713 739 34 33 649 49 808 281 818
243,245 394 373 599 11 142 526 46 603 772 602 713 739 34 33 649 49 808 281 818
244,6 364 407 232 777 146 245 394 373 599 11 142 526 46 603 772 602 713 739 34
245,6 364 407 232 777 146 245 394 373 599 11 142 526 46 603 772 602 713 739 34
246,6 364 407 232 777 146 245 394 373 599 142 526 46 603 772 602 713 739 34 33
247,245 394 373 599 11 142 526 46 603 772 602 713 739 34 33 649 49 808 281 818
248,245 394 373 599 11 142 526 46 603 772 602 713 739 34 33 649 49 808 281 818
249,6 364 407 232 777 146 245 394 373 599 11 142 526 46 603 772 602 713 739 34
250,245 394 373 599 11 142 526 46 603 772 602 713 739 34 33 649 49 808 281 818
251,6 364 407 232 777 146 245 394 373 599 11 142 526 46 603 772 602 713 739 34
252,6 364 407 232 777 146 394 142 526 46 603 772 602 739 34 33 649 49 808 281
253,6 364 407 232 777 146 245 394 373 599 11 142 526 46 603 772 602 713 739 34
254,6 364 407 232 777 146 245 373 599 11 142 526 46 603 772 602 713 739 34 33
255,6 364 407 232 777 146 245 394 373 599 11 142 526 46 772 602 713 739 34 33
256,6 364 407 232 777 146 245 394 373 599 11 142 526 46 603 772 602 713 739 34
257,6 364 407 232 777 146 245 394 373 599 11 142 526 46 603 772 602 713 739 34
258,6 364 407 232 777 146 245 394 373 599 11 142 46 603 772 34 33 649 808 281
259,6 364 407 232 777 146 245 394 373 599 11 142 526 46 603 772 602 713 739 34
260,6 364 407 232 777 146 245 394 373 599 11 142 526 46 603 772 602 713 739 34
261,6 364 407 232 777 146 245 394 373 599 11 142 526 46 603 772 602 713 739 34
262,6 364 407 232 777 146 245 394 373 599 11 526 46 603 772 602 713 739 34 33
263,6 364 407 232 777 146 245 394 373 599 11 142 526 46 603 772 602 713 739 34
264,245 394 373 599 11 142 526 46 603 772 602 713 739 34 33 649 49 808 281 818
265,6 364 407 232 777 146 245 394 373 599 11 142 526 46 603 772 602 713 739 34
266,6 364 407 232 777 146 245 394 373 599 11 142 526 46 603 772 602 713 739 34
267,6 364 407 232 777 146 245 599 11 142 526 603 772 602 713 739 34 33 649 49
268,6 364 407 232 777 146 245 394 373 599 11 142 526 46 603 772 602 713 739 34
269,6 364 407 232 777 146 245 394 373 599 11 142 526 46 603 772 602 713 739 34
270,245 394 373 599 11 142 526 46 603 772 602 713 739 34 33 649 49 808 281 818
271,6 364 407 232 777 146 245 394 373 599 11 526 46 603 772 602 713 739 34 649
272,6 364 407 232 777 146 245 394 373 599 11 142 526 46 603 772 602 713 739 34
273,6 364 407 232 777 146 245 394 373 599 11 142 526 46 603 772 602 713 739 34
274,6 364 407 232 777 146 245 394 599 11 142 526 46 603 772 602 713 739 34 33
275,6 364 407 232 777 146 373 599 142 526 46 772 602 713 34 33 649 49 808 281
276,245 394 373 599 11 142 526 46 603 772 602 713 739 34 33 649 49 808 281 818
277,6 364 407 232 777 146 245 394 373 599 11 142 526 46 603 772 602 713 739 34
278,6 364 407 232 777 146 245 394 373 599 11 142 526 46 603 772 602 713 739 34
279,245 394 373 599 11 142 526 46 603 772 602 713 739 34 33 649 49 808 281 818
280,6 364 407 232 777 146 245 394 373 599 11 142 526 46 603 772 602 713 739 34
281,6 364 407 232 777 146 245 394 373 599 142 526 46 603 772 602 713 739 34 33
282,6 364 407 232 777 146 245 394 373 599 11 142 526 46 603 772 713 739 34 33
283,6 364 407 232 777 146 245 394 373 599 11 142 526 46 603 772 602 713 739 34
284,6 364 407 232 777 146 245 394 599 142 526 46 603 772 602 713 739 34 33 649
285,6 364 407 232 777 146 245 394 373 599 11 142 526 46 603 772 602 713 739 34
286,245 394 373 599 11 142 526 46 603 772 602 713 739 34 33 649 49 808 281 818
287,245 394 373 599 11 142 526 46 603 772 602 713 739 34 33 649 49 808 281 818
288,6 364 407 232 777 146 245 394 373 599 11 142 526 46 603 772 602 713 739 34
289,6 364 407 232 777 146 394 599 11 142 526 46 772 602 713 739 33 649 49 808
290,6 364 407 232 777 146 245 394 373 599 11 142 526 46 603 772 602 713 739 34
291,245 394 373 599 11 142 526 46 603 772 602 713 739 34 33 649 49 808 281 818
292,6 364 407 232 777 146 245 394 373 599 11 142 526 46 603 772 602 713 739 34
293,245 394 373 599 11 142 526 46 603 772 602 713 739 34 33 649 49 808 281 818
294,245 394 373 599 11 142 526 46 603 772 602 713 739 34 33 649 49 808 281 818
295,245 394 373 599 11 142 526 46 603 772 602 713 739 34 33 649 49 808 281 818
296,6 364 407 232 777 146 245 394 373 599 11 142 526 46 603 772 602 713 739 34
297,6 364 407 232 777 146 245 394 373 599 11 142 526 46 603 772 602 713 739 34
298,245 394 373 599 11 142 526 46 603 772 602 713 739 34 33 649 49 808 281 818
299,245 394 373 599 11 142 526 46 603 772 602 713 739 34 33 649 49 808 281 818
300,6 364 407 232 777 146 245 394 373 11 142 526 46 772 602 713 739 34 33 649
301,6 364 407 232 777 146 245 394 373 599 11 142 526 46 603 772 602 713 739 34
302,6 364 407 232 777 146 394 373 599 11 142 526 46 603 772 602 713 739 34 33
303,6 364 407 232 777 146 245 394 373 599 11 142 526 46 603 772 602 713 739 34
304,245 394 373 599 11 142 526 46 603 772 602 713 739 34 33 649 49 808 281 818
305,6 364 407 232 777 146 245 394 373 599 11 142 526 46 603 772 602 713 739 34
306,6 364 407 232 777 146 245 394 373 599 11 142 526 46 603 772 602 713 739 34
307,6 364 407 232 777 146 245 394 373 599 11 142 526 46 603 772 602 713 739 34
308,777 146 245 394 373 599 11 142 526 46 603 772 602 713 739 34 33 649 49 808
309,407 232 777 146 245 394 373 599 11 142 526 46 603 772 602 713 739 34 33 649
310,245 394 373 599 11 142 526 46 603 772 602 713 739 34 33 649 49 808 281 818
311,245 394 373 599 11 142 526 46 603 772 602 713 739 34 33 649 49 808 281 818
312,6 364 407 232 777 146 245 599 11 142 526 46 603 772 602 713 739 34 33 649
313,6 364 407 232 777 146 245 394 373 599 11 142 526 46 603 772 602 713 739 34
314,6 364 407 232 777 146 245 394 373 599 11 142 526 46 603 772 602 713 739 34
315,6 364 407 232 777 146 245 394 373 599 11 142 46 603 772 602 713 34 33 649
316,777 146 245 394 373 599 11 142 526 46 603 772 602 713 739 34 33 649 49 808
317,6 364 407 232 777 146 245 394 373 11 142 46 603 772 602 713 739 34 33 649
318,245 394 373 599 11 142 526 46 603 772 602 713 739 34 33 649 49 808 281 818
319,6 364 407 232 777 146 245 11 142 526 46 603 772 602 713 739 34 33 649 49
320,6 364 407 232 777 146 245 394 373 599 11 142 526 46 772 602 713 739 34 33
321,6 364 407 232 777 146 245 394 373 599 11 142 526 46 603 772 713 739 34 33
322,245 394 373 599 11 142 526 46 603 772 602 713 739 34 33 649 49 808 281 818
323,6 364 407 232 777 146 245 394 373 599 11 142 46 603 772 602 713 34 33 649
324,6 364 407 232 777 146 245 394 373 599 11 142 526 46 603 772 602 713 739 34
325,245 394 373 599 11 142 526 46 603 772 602 713 739 34 33 649 49 808 281 818
326,6 364 407 232 777 146 245 394 373 599 11 142 526 46 603 772 602 713 739 34
327,6 364 407 232 777 146 245 394 373 599 11 142 526 46 603 772 602 713 739 34
328,245 394 373 599 11 142 526 46 603 772 602 713 739 34 33 649 49 808 281 818
329,6 364 407 232 777 146 245 394 373 599 11 142 526 46 603 772 602 713 739 34
330,6 364 407 232 777 146 245 394 373 599 11 142 526 46 603 772 602 713 739 34
331,245 394 373 599 11 142 526 46 603 772 602 713 739 34 33 649 49 808 281 818
332,6 364 407 232 777 146 245 394 373 599 11 142 526 46 603 772 602 713 739 34
333,6 364 407 232 777 146 245 394 373 599 11 142 526 46 603 772 602 713 739 34
334,6 364 407 232 777 146 245 394 373 599 11 526 46 603 772 602 713 739 34 33
335,6 364 407 232 777 146 245 394 373 599 11 142 526 46 603 772 602 713 739 34
336,6 364 407 232 777 146 245 394 373 599 11 142 526 46 603 772 602 713 739 34
337,6 364 407 232 777 146 245 373 599 142 526 46 603 772 602 713 739 34 33 649
338,6 364 407 232 777 146 245 394 373 599 11 142 526 46 603 772 602 713 739 34
339,6 364 407 232 777 146 245 394 373 599 11 142 526 46 603 772 602 713 739 34
340,245 394 373 599 11 142 526 46 603 772 602 713 739 34 33 649 49 808 281 818
341,6 364 407 232 777 146 245 394 373 11 142 526 46 772 602 713 739 34 33 649
342,6 364 407 232 777 146 245 394 373 599 11 142 526 46 603 772 602 713 739 34
343,6 364 407 232 777 146 245 394 373 599 11 142 526 46 603 772 602 713 739 34
344,6 364 407 232 777 146 245 394 373 599 11 142 526 46 603 772 602 713 739 34
345,6 364 407 232 777 146 245 394 373 599 11 142 526 46 603 772 602 713 739 34
346,245 394 373 599 11 142 526 46 603 772 602 713 739 34 33 649 49 808 281 818
347,245 394 373 599 11 142 526 46 603 772 602 713 739 34 33 649 49 808 281 818
348,6 364 407 232 777 146 245 394 373 599 11 142 526 46 603 772 602 713 739 34
349,6 364 407 232 777 146 394 599 11 142 526 46 603 772 602 713 739 34 33 649
350,245 394 373 599 11 142 526 46 603 772 602 713 739 34 33 649 49 808 281 818
351,6 364 407 232 777 146 373 599 11 142 526 46 603 772 602 713 739 34 33 649
352,245 394 373 599 11 142 526 46 603 772 602 713 739 34 33 649 49 808 281 818
353,6 364 407 232 777 146 599 142 526 46 603 772 602 713 739 33 649 49 808 281
354,6 364 407 232 777 146 599 11 142 526 46 772 602 713 739 34 33 649 49 808
355,245 394 373 599 11 142 526 46 603 772 602 713 739 34 33 649 49 808 281 818
356,6 364 407 232 777 146 394 373 599 11 142 526 46 603 772 602 713 739 34 33
357,245 394 373 599 11 142 526 46 603 772 602 713 739 34 33 649 49 808 281 818
358,6 364 407 232 777 146 245 394 373 599 11 142 526 46 603 772 602 713 739 34
359,6 364 407 232 777 146 245 394 373 599 11 142 526 46 603 772 602 713 739 34
360,6 364 407 232 777 146 245 394 373 599 11 142 526 46 603 772 602 713 739 34
361,6 364 407 232 777 146 245 394 373 599 11 142 526 46 603 772 602 713 739 34
362,6 364 407 232 777 146 245 394 373 599 11 142 526 46 603 772 602 713 739 34
363,6 364 407 232 777 146 394 373 599 11 142 526 603 772 602 713 739 34 33 649
364,6 364 407 232 777 146 245 394 373 599 11 142 526 46 603 772 602 713 739 34
365,6 364 407 232 777 146 245 394 599 11 142 526 46 603 602 713 739 34 33 649
366,6 364 407 232 777 146 599 11 142 46 603 772 602 713 739 34 33 49 808 281
367,6 364 407 232 777 146 245 394 373 599 11 142 526 46 603 772 602 713 739 34
368,245 394 373 599 11 142 526 46 603 772 602 713 739 34 33 649 49 808 281 818
369,6 364 407 232 777 146 245 394 373 599 11 142 526 46 603 772 602 739 34 33
370,245 394 373 599 11 142 526 46 603 772 602 713 739 34 33 649 49 808 281 818
371,245 394 373 599 11 142 526 46 603 772 602 713 739 34 33 649 49 808 281 818
372,6 364 407 232 777 146 245 394 373 599 11 142 526 46 603 772 602 713 739 34
373,6 364 407 232 777 146 245 394 373 599 11 142 526 46 603 772 602 713 739 34
374,6 364 407 232 777 146 245 394 373 599 11 142 526 46 603 772 602 713 739 34
375,245 394 373 599 11 142 526 46 603 772 602 713 739 34 33 649 49 808 281 818
376,245 394 373 599 11 142 526 46 603 772 602 713 739 34 33 649 49 808 281 818
377,6 364 407 232 777 146 245 394 373 599 11 142 526 46 603 772 602 713 739 34
378,6 364 407 232 777 146 394 599 11 526 46 603 772 602 713 34 33 649 49 808
379,6 364 407 232 777 146 245 394 373 599 11 142 526 46 603 772 602 713 739 34
380,6 364 407 232 777 146 245 394 373 599 11 142 526 46 603 772 602 713 739 34
381,6 364 407 232 777 146 394 599 11 142 526 603 772 602 713 739 34 33 49 808
382,6 364 407 232 777 146 245 394 373 599 11 142 46 603 772 602 713 739 34 33
383,6 364 407 232 777 146 245 394 373 599 11 142 526 46 603 772 602 713 739 34
384,6 364 407 232 777 146 599 46 772 713 34 33 649 49 808 281 818 604 349 732
385,6 364 407 232 777 146 245 373 599 11 142 526 46 603 772 602 713 739 34 33
386,6 364 407 232 777 146 245 394 373 599 11 142 526 46 603 772 602 713 739 34
387,245 394 373 599 11 142 526 46 603 772 602 713 739 34 33 649 49 808 281 818
388,245 394 373 599 11 142 526 46 603 772 602 713 739 34 33 649 49 808 281 818
389,6 364 407 232 777 146 245 394 373 599 11 142 526 46 603 772 602 713 739 34
390,6 364 407 232 777 146 245 394 373 599 11 142 526 46 603 772 602 713 739 34
391,245 394 373 599 11 142 526 46 603 772 602 713 739 34 33 649 49 808 281 818
392,6 364 407 232 777 146 245 394 373 599 11 142 526 46 603 772 602 713 739 34
393,6 364 407 232 777 146 245 394 373 599 11 526 46 603 772 602 713 739 34 33
394,6 364 407 232 777 146 245 394 373 599 11 142 526 46 603 772 602 713 739 34
395,6 364 407 232 777 146 245 394 373 599 11 142 526 46 603 772 602 713 739 34
396,6 364 407 232 777 146 394 373 142 526 46 603 772 602 713 739 34 33 649 49
397,6 364 407 232 777 146 245 394 373 599 11 142 526 46 603 772 602 713 739 34
398,6 364 407 232 777 146 245 394 373 599 11 142 526 46 603 772 602 713 739 34
399,6 364 407 232 777 146 599 142 526 46 772 602 713 739 34 33 649 49 808 281
400,6 364 407 232 777 146 245 394 373 599 11 526 46 603 772 602 713 739 34 33
401,6 364 407 232 777 146 245 394 373 599 11 142 526 46 603 772 602 713 739 34
402,245 394 373 599 11 142 526 46 603 772 602 713 739 34 33 649 49 808 281 818
403,6 364 407 232 777 146 245 394 373 599 11 142 526 46 603 772 602 713 739 34
404,6 364 407 232 777 146 245 394 373 599 11 142 526 46 603 772 602 713 739 34
405,6 364 407 232 777 146 245 394 373 599 11 526 46 603 602 713 739 34 33 649
406,6 364 407 232 777 146 245 394 373 599 11 142 526 46 772 602 713 739 34 33
407,6 364 407 232 777 146 245 394 373 599 11 526 46 772 713 739 34 33 49 808
408,6 364 407 232 777 146 245 394 373 11 142 526 46 603 772 602 713 739 33 49
409,6 364 407 232 777 146 245 394 373 599 11 142 526 46 603 772 602 713 739 34
410,6 364 407 232 777 146 245 394 373 599 11 142 526 46 603 772 602 713 739 34
411,6 364 407 232 777 146 245 394 599 11 142 526 46 603 772 602 713 739 34 33
412,6 364 407 232 777 146 245 394 373 599 11 142 526 46 603 772 602 713 739 34
413,6 364 407 232 777 146 245 394 373 599 11 142 526 46 603 772 602 713 739 33
414,6 364 407 232 777 146 245 394 373 599 11 142 526 46 772 602 713 739 34 33
415,6 364 407 232 777 146 245 394 373 599 11 142 526 46 603 772 602 739 34 33
416,6 364 407 232 777 146 245 394 599 11 142 526 46 603 602 713 739 34 33 649
417,245 394 373 599 11 142 526 46 603 772 602 713 739 34 33 649 49 808 281 818
418,6 364 407 232 777 146 245 394 373 599 11 142 526 46 603 772 602 713 739 34
419,6 364 407 232 777 146 245 394 373 599 11 142 526 46 603 772 602 713 739 34
420,6 364 407 232 777 146 245 394 373 599 11 142 526 46 603 772 602 713 739 34
421,6 364 407 232 777 146 142 526 46 603 772 602 713 739 34 649 49 808 281 818
422,6 364 407 232 777 146 245 394 373 599 11 142 526 46 603 772 602 713 739 34
423,245 394 373 599 11 142 526 46 603 772 602 713 739 34 33 649 49 808 281 818
424,245 394 373 599 11 142 526 46 603 772 602 713 739 34 33 649 49 808 281 818
425,6 364 407 232 777 146 245 394 373 599 11 142 526 46 603 772 602 713 739 34
426,6 364 407 232 777 146 245 394 373 599 11 142 526 46 603 772 602 713 739 34
427,6 364 407 232 777 146 245 142 603 772 602 713 739 34 33 649 49 808 281 818
428,6 364 407 232 777 146 245 394 373 599 11 142 526 46 603 772 602 739 34 649
429,6 364 407 232 777 146 245 394 373 599 11 142 526 46 603 772 602 713 739 34
430,6 364 407 232 777 146 245 394 373 599 11 142 526 46 603 772 602 713 739 34
431,6 364 407 232 777 146 245 373 599 11 142 526 46 603 772 602 713 739 34 33
432,245 394 373 599 11 142 526 46 603 772 602 713 739 34 33 649 49 808 281 818
433,6 364 407 232 777 146 245 394 373 599 11 142 526 46 603 772 602 713 739 34
434,6 364 407 232 777 146 245 394 373 599 11 142 526 46 603 772 602 713 739 34
435,6 364 407 232 777 146 245 394 373 599 11 142 526 46 603 772 602 713 739 34
436,6 364 407 232 777 146 245 394 373 599 11 142 526 46 603 772 602 713 739 34
437,6 364 407 232 777 146 245 394 373 599 11 142 526 46 603 772 602 713 739 34
438,6 364 407 232 777 146 245 394 373 599 11 142 526 46 603 772 602 713 739 34
439,6 364 407 232 777 146 245 394 373 599 11 142 526 46 603 772 602 713 739 34
440,6 364 407 232 777 146 245 394 373 599 11 142 526 46 603 772 602 713 739 34
441,245 394 373 599 11 142 526 46 603 772 602 713 739 34 33 649 49 808 281 818
442,245 394 373 599 11 142 526 46 603 772 602 713 739 34 33 649 49 808 281 818
443,245 394 373 599 11 142 526 46 603 772 602 713 739 34 33 649 49 808 281 818
444,6 364 407 232 777 146 245 394 373 599 11 142 526 46 603 772 602 713 739 34
445,245 394 373 599 11 142 526 46 603 772 602 713 739 34 33 649 49 808 281 818
446,6 364 407 232 777 146 245 394 373 599 11 142 526 46 603 772 602 713 739 34
447,245 394 373 599 11 142 526 46 603 772 602 713 739 34 33 649 49 808 281 818
448,6 364 407 232 777 146 245 394 373 599 11 142 526 46 603 772 602 713 739 34
449,6 364 407 232 777 146 245 394 373 599 11 142 526 46 603 772 602 713 739 34
450,245 394 373 599 11 142 526 46 603 772 602 713 739 34 33 649 49 808 281 818
451,245 394 373 599 11 142 526 46 603 772 602 713 739 34 33 649 49 808 281 818
452,6 364 407 232 777 146 245 394 373 599 11 142 526 46 603 772 602 713 739 34
453,6 364 407 232 777 146 526 603 602 713 739 34 649 49 808 281 818 604 313 349
454,6 364 407 232 777 146 245 394 373 599 11 142 526 46 603 772 602 713 739 34
455,6 364 407 232 777 146 245 599 142 526 46 603 772 602 739 34 33 649 49 808
456,6 364 407 232 777 146 394 599 11 142 526 46 603 772 602 713 739 34 33 649
457,6 364 407 232 777 146 245 394 373 599 11 142 526 46 603 772 602 713 739 34
458,245 394 373 599 11 142 526 46 603 772 602 713 739 34 33 649 49 808 281 818
459,6 364 407 232 777 146 245 394 373 599 11 142 526 46 603 772 602 713 739 34
460,6 364 407 232 777 146 245 394 373 599 11 142 526 46 603 772 602 713 739 34
461,245 394 373 599 11 142 526 46 603 772 602 713 739 34 33 649 49 808 281 818
462,6 364 407 232 777 146 245 394 373 599 11 142 526 46 603 772 602 713 739 34
463,6 364 407 232 777 146 245 394 373 599 11 142 526 46 603 772 602 713 739 34
464,6 364 407 232 777 146 245 394 373 599 11 142 526 46 603 772 602 713 739 34
465,6 364 407 232 777 146 245 394 373 599 11 142 526 46 603 772 602 713 739 34
466,6 364 407 232 777 146 245 394 373 599 11 142 526 46 603 772 602 713 739 34
467,6 364 407 232 777 146 394 373 599 11 142 526 46 603 772 602 713 739 34 33
468,245 394 373 599 11 142 526 46 603 772 602 713 739 34 33 649 49 808 281 818
469,6 364 407 232 777 146 245 394 373 599 11 142 526 46 603 772 602 713 739 33
470,245 394 373 599 11 142 526 46 603 772 602 713 739 34 33 649 49 808 281 818
471,245 394 373 599 11 142 526 46 603 772 602 713 739 34 33 649 49 808 281 818
472,245 394 373 599 11 142 526 46 603 772 602 713 739 34 33 649 49 808 281 818
473,6 364 407 232 777 146 245 394 373 599 11 142 526 46 603 772 602 713 739 34
474,6 364 407 232 777 146 245 394 373 599 11 142 526 46 603 772 602 713 739 34
475,6 364 407 232 777 146 245 394 373 599 142 526 46 603 772 602 713 739 34 33
476,245 394 373 599 11 142 526 46 603 772 602 713 739 34 33 649 49 808 281 818
477,245 394 373 599 11 142 526 46 603 772 602 713 739 34 33 649 49 808 281 818
478,245 394 373 599 11 142 526 46 603 772 602 713 739 34 33 649 49 808 281 818
479,6 364 407 232 777 146 245 394 373 599 11 142 526 46 603 772 602 713 739 34
480,6 364 407 232 777 146 373 599 11 142 526 603 772 602 713 739 34 33 649 49
481,6 364 407 232 777 146 245 394 373 599 11 142 526 46 603 772 602 713 739 34
482,245 394 373 599 11 142 526 46 603 772 602 713 739 34 33 649 49 808 281 818
483,6 364 407 232 777 146 245 394 599 11 142 526 46 603 772 602 713 739 34 33
484,245 394 373 599 11 142 526 46 603 772 602 713 739 34 33 649 49 808 281 818
485,6 364 407 232 777 146 245 394 373 599 11 142 526 46 603 772 602 713 739 34
486,6 364 407 232 777 146 245 394 373 599 11 142 526 46 603 772 602 713 739 34
487,6 364 407 232 777 146 245 394 373 599 11 142 526 46 603 772 602 713 739 34
488,245 394 373 599 11 142 526 46 603 772 602 713 739 34 33 649 49 808 281 818
489,6 364 407 232 777 146 245 394 373 599 11 142 526 46 603 772 602 713 739 34
490,6 364 407 232 777 146 245 394 373 599 11 142 526 46 603 772 602 713 739 34
491,6 364 407 232 777 146 245 394 373 599 11 142 526 46 603 772 602 713 739 34
492,6 364 407 232 777 146 245 394 373 599 11 142 526 46 603 772 602 739 34 33
493,6 364 407 232 777 146 245 394 373 599 11 142 526 46 603 772 602 713 739 34
494,6 364 407 232 777 146 245 394 373 599 11 142 526 46 603 772 602 713 739 34
495,245 394 373 599 11 142 526 46 603 772 602 713 739 34 33 649 49 808 281 818
496,6 364 407 232 777 146 245 394 373 599 11 142 526 46 603 772 602 713 739 34
497,245 394 373 599 11 142 526 46 603 772 602 713 739 34 33 649 49 808 281 818
498,6 364 407 232 777 146 245 394 599 11 142 526 46 603 772 602 713 739 34 33
499,6 364 407 232 777 146 245 394 373 599 11 142 526 46 603 772 602 713 739 34
500,245 394 373 599 11 142 526 46 603 772 602 713 739 34 33 649 49 808 281 818
501,6 364 407 232 777 146 394 373 599 11 142 526 46 603 772 602 713 739 34 33
502,6 364 407 232 777 146 245 394 373 599 11 142 526 46 603 772 602 713 739 34
503,6 364 407 232 777 146 245 394 373 599 11 142 526 46 603 772 602 713 739 34
504,6 364 407 232 777 146 245 394 373 599 11 142 526 46 603 772 602 713 739 34
505,6 364 407 232 777 146 245 394 373 599 11 142 526 46 603 772 602 713 739 34
506,6 364 407 232 777 146 394 142 603 772 602 713 739 34 33 649 49 808 281 818
507,6 364 407 232 777 146 245 394 373 599 11 142 526 46 603 772 602 713 739 34
508,245 394 373 599 11 142 526 46 603 772 602 713 739 34 33 649 49 808 281 818
509,6 364 407 232 777 146 245 394 373 599 11 142 526 46 603 772 602 713 739 34
510,6 364 407 232 777 146 245 394 373 599 11 142 526 46 602 713 739 33 649 49
511,6 364 407 232 777 146 245 394 373 599 11 142 526 46 603 772 602 713 739 34
512,6 364 407 232 777 146 245 394 599 11 142 526 46 603 772 602 713 739 34 33
513,245 394 373 599 11 142 526 46 603 772 602 713 739 34 33 649 49 808 281 818
514,6 364 407 232 777 146 245 394 373 599 11 142 526 46 603 772 602 713 739 34
515,6 364 407 232 777 146 245 394 373 599 11 526 46 603 772 602 713 739 34 33
516,6 364 407 232 777 146 245 394 373 599 11 142 526 46 603 772 602 713 739 34
517,6 364 407 232 777 146 245 394 373 599 11 142 526 46 603 772 602 713 739 34
518,6 364 407 232 777 146 245 394 373 599 11 142 526 46 603 772 602 713 739 34
519,6 364 407 232 777 146 245 394 373 599 11 142 526 46 603 772 602 713 739 34
520,245 394 373 599 11 142 526 46 603 772 602 713 739 34 33 649 49 808 281 818
521,6 364 407 232 777 146 245 394 142 526 46 772 602 713 34 33 649 49 808 281
522,245 394 373 599 11 142 526 46 603 772 602 713 739 34 33 649 49 808 281 818
523,6 364 407 232 777 146 245 394 373 599 11 526 46 603 772 602 713 739 34 33
524,6 364 407 232 777 146 245 394 373 599 11 142 526 46 603 772 602 713 739 34
525,6 364 407 232 777 146 245 394 373 599 11 142 526 46 603 772 602 713 739 34
526,245 394 373 599 11 142 526 46 603 772 602 713 739 34 33 649 49 808 281 818
527,6 364 407 232 777 146 245 394 373 599 11 526 46 603 772 602 713 739 34 33
528,245 394 373 599 11 142 526 46 603 772 602 713 739 34 33 649 49 808 281 818
529,6 364 407 232 777 146 245 394 373 599 11 142 526 46 603 772 602 713 739 34
530,6 364 407 232 777 146 245 394 373 599 11 142 526 46 603 772 602 713 739 34
531,6 364 407 232 777 146 245 394 373 599 11 142 526 46 603 772 602 713 739 34
532,6 364 407 232 777 146 245 394 373 599 11 142 526 46 603 772 602 713 739 34
533,6 364 407 232 777 146 245 394 373 599 11 142 526 46 603 772 602 713 739 34
534,6 364 407 232 777 146 245 11 142 526 603 772 602 713 739 34 33 649 49 808
535,245 394 373 599 11 142 526 46 603 772 602 713 739 34 33 649 49 808 281 818
536,6 364 407 232 777 146 373 142 526 46 603 772 602 713 739 34 33 649 49 808
537,245 394 373 599 11 142 526 46 603 772 602 713 739 34 33 649 49 808 281 818
538,6 364 407 232 777 146 11 142 526 46 603 772 602 713 34 33 49 808 281 313
539,6 364 407 232 777 146 245 394 373 599 11 142 526 46 603 772 602 713 739 34
540,245 394 373 599 11 142 526 46 603 772 602 713 739 34 33 649 49 808 281 818
541,6 364 407 232 777 146 245 373 599 11 142 526 46 603 772 602 713 739 34 33
542,6 364 407 232 777 146 245 394 373 599 11 142 526 46 603 772 602 713 739 34
543,6 364 407 232 777 146 245 394 373 599 11 142 526 46 603 772 602 713 739 34
544,6 364 407 232 777 146 245 394 373 599 11 142 526 46 603 772 602 713 739 34
545,6 364 407 232 777 146 245 394 373 599 11 142 526 46 603 772 602 713 739 34
546,6 364 407 232 777 146 245 394 373 599 11 142 526 46 603 772 602 713 739 34
547,6 364 407 232 777 146 245 394 373 599 11 142 526 46 603 772 602 713 739 34
548,6 364 407 232 777 146 245 394 373 599 11 142 526 46 603 772 602 713 739 34
549,6 364 407 232 777 146 245 394 373 599 11 142 526 46 603 772 602 713 739 34
550,6 364 407 232 777 146 245 394 373 599 11 142 526 46 603 772 602 713 739 34
551,6 364 407 232 777 146 245 394 373 599 11 142 526 46 603 772 602 713 739 34
552,6 364 407 232 777 146 245 394 373 599 11 142 526 46 603 772 602 713 739 34
553,6 364 407 232 777 146 245 394 373 599 11 142 526 46 603 772 602 713 739 34
554,245 394 373 599 11 142 526 46 603 772 602 713 739 34 33 649 49 808 281 818
555,245 394 373 599 11 142 526 46 603 772 602 713 739 34 33 649 49 808 281 818
556,6 364 407 232 777 146 245 394 373 599 11 142 526 46 603 772 602 713 739 34
557,6 364 407 232 777 146 245 394 373 142 526 46 603 772 602 713 739 34 33 649
558,6 364 407 232 777 146 245 394 373 599 11 142 526 46 603 772 602 713 739 34
559,6 364 407 232 777 146 245 394 373 599 11 142 526 46 603 772 602 713 739 34
560,232 777 146 245 394 373 599 11 142 526 46 603 772 602 713 739 34 33 649 49
561,6 364 407 232 777 146 245 394 373 599 11 142 526 46 603 772 602 713 739 34
562,6 364 407 232 777 146 245 394 373 599 11 142 526 46 603 772 602 713 739 34
563,245 394 373 599 11 142 526 46 603 772 602 713 739 34 33 649 49 808 281 818
564,6 364 407 232 777 146 394 373 599 11 142 526 46 603 772 602 713 739 34 649
565,6 364 407 232 777 146 245 394 373 599 11 142 526 46 603 772 602 713 739 34
566,6 364 407 232 777 146 245 394 373 599 11 142 526 46 603 772 602 713 739 34
567,245 394 373 599 11 142 526 46 603 772 602 713 739 34 33 649 49 808 281 818
568,6 364 407 232 777 146 245 394 373 599 11 142 603 772 602 713 739 34 33 649
569,6 364 407 232 777 146 245 394 373 599 11 142 526 46 603 772 602 713 739 34
570,6 364 407 232 777 146 245 394 373 599 11 142 526 46 603 772 602 713 739 34
571,245 394 373 599 11 142 526 46 603 772 602 713 739 34 33 649 49 808 281 818
572,6 364 407 232 777 146 245 394 373 142 526 46 603 772 602 713 739 34 33 649
573,777 146 245 394 373 599 11 142 526 46 603 772 602 713 739 34 33 649 49 808
574,6 364 407 232 777 146 245 394 373 599 11 142 526 46 603 772 602 713 739 34
575,245 394 373 599 11 142 526 46 603 772 602 713 739 34 33 649 49 808 281 818
576,6 364 407 232 777 146 245 394 373 599 11 142 526 46 603 772 602 713 739 34
577,6 364 407 232 777 146 245 394 373 599 11 142 526 46 603 772 602 713 739 34
578,6 364 407 232 777 146 245 394 373 599 11 142 526 46 603 772 602 713 739 34
579,6 364 407 232 777 146 245 394 373 599 11 142 526 46 603 772 602 713 739 34
580,245 394 373 599 11 142 526 46 603 772 602 713 739 34 33 649 49 808 281 818
581,6 364 407 232 777 146 245 394 373 599 11 142 526 46 603 772 602 713 739 34
582,6 364 407 232 777 146 394 373 599 11 142 603 602 713 739 34 33 649 49 808
583,245 394 373 599 11 142 526 46 603 772 602 713 739 34 33 649 49 808 281 818
584,245 394 373 599 11 142 526 46 603 772 602 713 739 34 33 649 49 808 281 818
585,6 364 407 232 777 146 245 373 599 142 526 603 713 34 33 649 49 808 281 818
586,245 394 373 599 11 142 526 46 603 772 602 713 739 34 33 649 49 808 281 818
587,6 364 407 232 777 146 245 394 373 599 11 142 526 46 603 772 602 713 739 34
588,6 364 407 232 777 146 394 373 599 11 142 526 46 603 772 602 713 739 34 33
589,245 394 373 599 11 142 526 46 603 772 602 713 739 34 33 649 49 808 281 818
590,6 364 407 232 777 146 245 394 373 599 11 142 526 46 603 772 602 713 739 34
591,6 364 407 232 777 146 245 394 373 599 11 142 526 46 603 772 602 713 739 34
592,6 364 407 232 777 146 245 394 599 11 142 526 603 772 602 713 739 34 33 649
593,6 364 407 232 777 146 245 394 373 599 142 526 603 772 602 713 739 34 33 649
594,245 394 373 599 11 142 526 46 603 772 602 713 739 34 33 649 49 808 281 818
595,6 364 407 232 777 146 245 394 373 599 11 142 526 46 603 772 602 713 739 34
596,6 364 407 232 777 146 245 394 373 599 11 142 526 46 603 602 713 739 34 33
597,6 364 407 232 777 146 245 394 599 11 142 526 46 603 772 602 713 739 34 33
598,6 364 407 232 777 146 245 394 373 599 11 142 526 46 603 772 602 713 739 34
599,6 364 407 232 777 146 245 394 599 11 526 46 603 772 602 713 739 34 33 649
600,6 364 407 232 777 146 245 394 373 11 142 526 46 603 772 602 713 739 34 33
601,6 364 407 232 777 146 245 394 373 11 142 526 46 603 772 602 713 739 34 33
602,6 364 407 232 777 146 245 394 373 599 11 142 526 46 603 772 602 713 739 34
603,245 394 373 599 11 142 526 46 603 772 602 713 739 34 33 649 49 808 281 818
604,6 364 407 232 777 146 245 394 373 599 11 142 526 46 603 772 602 713 739 34
605,6 364 407 232 777 146 373 599 11 142 526 46 603 772 602 713 739 34 33 649
606,6 364 407 232 777 146 245 394 373 599 11 142 526 46 603 772 602 713 739 34
607,6 364 407 232 777 146 245 394 373 599 11 142 526 46 603 772 602 713 739 34
608,6 364 407 232 777 146 245 394 373 599 11 142 526 46 603 772 602 713 739 34
609,6 364 407 232 777 146 245 394 373 599 11 142 526 46 603 772 602 713 739 34
610,245 394 373 599 11 142 526 46 603 772 602 713 739 34 33 649 49 808 281 818
611,245 394 373 599 11 142 526 46 603 772 602 713 739 34 33 649 49 808 281 818
612,6 364 407 232 777 146 599 11 526 46 602 713 739 34 33 649 49 808 281 818
613,6 364 407 232 777 146 245 394 373 599 11 526 46 603 602 739 34 33 649 49
614,6 364 407 232 777 146 245 394 373 599 11 142 526 46 603 772 602 713 739 34
615,6 364 407 232 777 146 245 394 373 599 11 142 526 46 603 772 602 713 739 34
616,6 364 407 232 777 146 245 394 373 599 11 142 526 46 603 772 602 713 739 34
617,245 394 373 599 11 142 526 46 603 772 602 713 739 34 33 649 49 808 281 818
618,245 394 373 599 11 142 526 46 603 772 602 713 739 34 33 649 49 808 281 818
619,6 364 407 232 777 146 245 394 373 599 11 142 526 46 603 772 602 713 739 34
620,6 364 407 232 777 146 245 394 373 599 11 142 526 46 603 772 602 713 739 34
621,245 394 373 599 11 142 526 46 603 772 602 713 739 34 33 649 49 808 281 818
622,245 394 373 599 11 142 526 46 603 772 602 713 739 34 33 649 49 808 281 818
623,6 364 407 232 777 146 245 394 373 599 11 142 526 46 603 772 602 713 739 34
624,245 394 373 599 11 142 526 46 603 772 602 713 739 34 33 649 49 808 281 818
625,6 364 407 232 777 146 245 394 373 599 11 142 526 46 603 772 602 713 739 34
626,6 364 407 232 777 146 245 394 599 11 142 526 46 603 772 602 713 739 34 33
627,245 394 373 599 11 142 526 46 603 772 602 713 739 34 33 649 49 808 281 818
628,6 364 407 232 777 146 245 394 373 599 11 142 526 46 603 772 602 713 739 34
629,245 394 373 599 11 142 526 46 603 772 602 713 739 34 33 649 49 808 281 818
630,6 364 407 232 777 146 142 526 603 772 602 739 34 33 649 49 808 281 818 604
631,245 394 373 599 11 142 526 46 603 772 602 713 739 34 33 649 49 808 281 818
632,245 394 373 599 11 142 526 46 603 772 602 713 739 34 33 649 49 808 281 818
633,6 364 407 232 777 146 245 394 373 599 11 142 526 46 603 772 602 713 739 33
634,6 364 407 232 777 146 373 142 526 46 603 772 602 713 739 34 33 649 49 808
635,6 364 407 232 777 146 245 394 373 599 11 142 526 46 603 772 602 713 739 34
636,245 394 373 599 11 142 526 46 603 772 602 713 739 34 33 649 49 808 281 818
637,6 364 407 232 777 146 245 394 373 599 11 142 526 46 603 772 602 713 739 34
638,245 394 373 599 11 142 526 46 603 772 602 713 739 34 33 649 49 808 281 818
639,6 364 407 232 777 146 245 394 373 599 11 142 526 46 603 772 602 713 739 34
640,6 364 407 232 777 146 245 394 373 599 11 142 526 46 603 772 602 713 739 34
641,6 364 407 232 777 146 245 394 373 599 11 142 526 46 603 772 602 713 739 34
642,6 364 407 232 777 146 245 394 373 599 11 142 526 46 603 772 602 713 739 34
643,6 364 407 232 777 146 373 599 11 142 526 603 772 602 713 739 34 33 649 49
644,245 394 373 599 11 142 526 46 603 772 602 713 739 34 33 649 49 808 281 818
645,6 364 407 232 777 146 245 394 373 599 11 142 526 46 603 772 602 713 739 34
646,6 364 407 232 777 146 245 394 373 599 11 142 526 46 603 772 602 713 739 34
647,245 394 373 599 11 142 526 46 603 772 602 713 739 34 33 649 49 808 281 818
648,6 364 407 232 777 146 245 394 373 599 11 142 526 46 603 772 602 713 739 34
649,6 364 407 232 777 146 245 394 373 599 11 142 526 46 603 772 602 713 739 34
650,6 364 407 232 777 146 245 394 373 599 11 142 526 46 603 772 602 713 739 34
651,6 364 407 232 777 146 245 394 11 142 526 46 603 772 602 713 739 34 33 649
652,6 364 407 232 777 146 245 394 373 599 11 142 526 46 603 772 602 713 739 33
653,245 394 373 599 11 142 526 46 603 772 602 713 739 34 33 649 49 808 281 818
654,6 364 407 232 777 146 142 526 46 772 602 713 739 33 649 49 808 281 818 313
655,6 364 407 232 777 146 394 373 599 11 142 526 46 603 772 602 713 739 34 33
656,6 364 407 232 777 146 245 394 373 599 11 142 526 46 603 772 602 713 739 34
657,6 364 407 232 777 146 245 394 373 599 11 142 526 46 603 772 602 713 739 34
658,245 394 373 599 11 142 526 46 603 772 602 713 739 34 33 649 49 808 281 818
659,6 364 407 232 777 146 245 394 373 599 11 142 526 46 603 772 602 713 739 34
660,6 364 407 232 777 146 245 394 373 599 11 142 526 46 603 772 602 713 739 34
661,6 364 407 232 777 146 245 394 373 599 11 142 526 46 603 772 602 713 739 34
662,245 394 373 599 11 142 526 46 603 772 602 713 739 34 33 649 49 808 281 818
663,6 364 407 232 777 146 245 394 373 599 11 142 46 603 772 602 713 739 34 33
664,245 394 373 599 11 142 526 46 603 772 602 713 739 34 33 649 49 808 281 818
665,6 364 407 232 777 146 245 394 373 599 11 142 526 46 603 772 602 713 739 34
666,6 364 407 232 777 146 245 394 373 599 11 142 526 46 603 772 602 713 739 34
667,6 364 407 232 777 146 245 394 373 599 11 142 526 46 603 772 602 713 739 34
668,6 364 407 232 777 146 245 394 373 599 11 142 526 46 603 772 602 713 739 34
669,6 364 407 232 777 146 373 11 142 526 46 603 602 713 739 34 33 649 49 808
670,245 394 373 599 11 142 526 46 603 772 602 713 739 34 33 649 49 808 281 818
671,777 146 245 394 373 599 11 142 526 46 603 772 602 713 739 34 33 649 49 808
672,6 364 407 232 777 146 245 394 373 599 11 142 526 46 603 772 602 713 739 34
673,6 364 407 232 777 146 245 394 373 599 11 142 526 46 603 772 602 713 739 34
674,6 364 407 232 777 146 373 599 11 142 526 46 603 772 602 713 739 34 33 649
675,6 364 407 232 777 146 245 394 373 599 11 142 526 46 603 772 602 713 739 34
676,6 364 407 232 777 146 245 394 373 599 11 142 526 46 713 739 34 33 649 808
677,245 394 373 599 11 142 526 46 603 772 602 713 739 34 33 649 49 808 281 818
678,6 364 407 232 777 146 245 142 526 46 603 772 602 713 739 34 33 649 49 281
679,6 364 407 232 777 146 245 394 373 599 11 142 526 46 603 772 602 713 739 34
680,6 364 407 232 777 146 245 394 373 599 11 142 526 46 603 772 602 713 739 34
681,6 364 407 232 777 146 245 394 373 599 11 142 526 46 603 772 602 713 739 34
682,6 364 407 232 777 146 245 394 373 599 11 142 526 46 603 772 602 713 739 34
683,245 394 373 599 11 142 526 46 603 772 602 713 739 34 33 649 49 808 281 818
684,245 394 373 599 11 142 526 46 603 772 602 713 739 34 33 649 49 808 281 818
685,6 364 407 232 777 146 245 394 373 599 11 142 526 46 603 772 602 713 739 34
686,245 394 373 599 11 142 526 46 603 772 602 713 739 34 33 649 49 808 281 818
687,6 364 407 232 777 146 245 394 373 599 11 142 526 46 603 772 602 713 739 34
688,245 394 373 599 11 142 526 46 603 772 602 713 739 34 33 649 49 808 281 818
689,6 364 407 232 777 146 245 394 373 599 11 142 46 603 772 602 713 739 34 33
690,6 364 407 232 777 146 394 373 599 11 142 526 603 772 602 713 739 34 33 649
691,6 364 407 232 777 146 245 394 373 599 142 526 46 603 772 713 739 34 33 649
692,6 364 407 232 777 146 245 394 373 599 11 142 526 46 603 772 602 713 739 34
693,245 394 373 599 11 142 526 46 603 772 602 713 739 34 33 649 49 808 281 818
694,245 394 373 599 11 142 526 46 603 772 602 713 739 34 33 649 49 808 281 818
695,6 364 407 232 777 146 394 373 11 142 526 46 603 772 602 713 739 34 33 649
696,6 364 407 232 777 146 245 373 599 11 142 526 603 772 602 713 739 34 33 649
697,6 364 407 232 777 146 245 394 373 599 11 142 526 46 603 772 602 713 739 34
698,245 394 373 599 11 142 526 46 603 772 602 713 739 34 33 649 49 808 281 818
699,6 364 407 232 777 146 245 394 373 599 11 142 526 46 603 772 602 713 739 34
700,6 364 407 232 777 146 245 394 373 599 11 142 526 46 603 772 602 713 739 34
701,6 364 407 232 777 146 245 394 373 599 11 142 526 46 603 772 602 713 739 34
702,6 364 407 232 777 146 245 394 373 599 11 142 526 46 603 772 602 713 739 34
703,245 394 373 599 11 142 526 46 603 772 602 713 739 34 33 649 49 808 281 818
704,6 364 407 232 777 146 245 373 599 11 526 46 603 713 34 33 649 808 281 818
705,6 364 407 232 777 146 394 373 599 142 526 46 603 772 713 34 33 649 49 808
706,6 364 407 232 777 146 245 142 526 46 603 772 602 713 739 34 33 649 49 808
707,6 364 407 232 777 146 245 394 373 599 11 142 526 46 603 772 602 713 739 34
708,6 364 407 232 777 146 245 394 373 599 11 142 526 46 603 772 602 713 739 34
709,6 364 407 232 777 146 245 394 373 599 11 142 526 46 603 772 602 713 739 34
710,6 364 407 232 777 146 245 394 373 599 11 142 526 46 603 772 602 713 739 34
711,6 364 407 232 777 146 245 394 373 599 11 142 526 603 772 602 713 739 34 33
712,6 364 407 232 777 146 245 394 373 599 11 142 526 46 603 772 602 713 739 34
713,6 364 407 232 777 146 245 394 373 599 11 142 526 46 603 772 602 713 739 34
714,6 364 407 232 777 146 599 142 526 46 603 772 602 713 739 34 649 49 808 281
715,6 364 407 232 777 146 245 394 373 599 11 142 526 46 603 772 602 713 739 34
716,6 364 407 232 777 146 245 394 373 599 11 142 526 46 603 772 602 713 739 34
717,6 364 407 232 777 146 394 373 599 11 142 526 46 603 772 602 713 739 34 33
718,6 364 407 232 777 146 245 394 373 599 11 142 526 46 603 772 602 713 739 34
719,6 364 407 232 777 146 245 394 373 599 11 142 526 46 603 772 602 713 739 34
720,6 364 407 232 777 146 245 394 373 599 11 142 526 46 603 772 602 713 739 34
721,245 394 373 599 11 142 526 46 603 772 602 713 739 34 33 649 49 808 281 818
722,6 364 407 232 777 146 245 394 373 142 526 46 603 772 602 713 739 34 33 649
723,6 364 407 232 777 146 245 394 373 599 11 142 526 46 603 772 602 713 739 34
724,6 364 407 232 777 146 245 394 373 599 11 142 526 46 603 772 602 713 739 34
725,6 364 407 232 777 146 245 373 599 11 526 46 603 772 602 713 739 34 33 649
726,6 364 407 232 777 146 245 394 373 599 11 142 526 46 603 772 602 713 739 34
727,6 364 407 232 777 146 394 599 526 46 603 772 602 713 739 33 649 49 808 281
728,6 364 407 232 777 146 245 394 373 599 11 142 526 46 603 772 602 713 739 34
729,6 364 407 232 777 146 245 394 373 599 11 142 526 46 603 772 602 713 739 34
730,777 146 245 394 373 599 11 142 526 46 603 772 602 713 739 34 33 649 49 808
731,6 364 407 232 777 146 245 394 373 599 11 142 526 46 603 772 602 713 739 34
732,6 364 407 232 777 146 245 394 373 599 11 526 46 603 772 602 713 739 33 649
733,6 364 407 232 777 146 245 394 373 599 11 142 526 46 603 772 602 713 739 34
734,245 394 373 599 11 142 526 46 603 772 602 713 739 34 33 649 49 808 281 818
735,6 364 407 232 777 146 245 394 373 599 11 142 526 46 603 772 602 713 739 34
736,6 364 407 232 777 146 373 599 142 526 46 603 772 602 713 739 34 33 649 49
737,245 394 373 599 11 142 526 46 603 772 602 713 739 34 33 649 49 808 281 818
738,6 364 407 232 777 146 245 394 373 599 11 142 526 46 603 772 602 713 739 34
739,6 364 407 232 777 146 245 373 599 11 142 526 46 603 772 602 713 739 34 33
740,6 364 407 232 777 146 245 394 373 599 11 142 526 46 603 772 602 713 739 34
741,6 364 407 232 777 146 245 394 373 599 11 142 526 46 603 772 602 713 739 34
742,6 364 407 232 777 146 245 394 11 142 46 603 602 713 739 34 33 649 49 808
743,6 364 407 232 777 146 245 394 373 599 11 142 526 46 603 772 602 713 739 34
744,245 394 373 599 11 142 526 46 603 772 602 713 739 34 33 649 49 808 281 818
745,245 394 373 599 11 142 526 46 603 772 602 713 739 34 33 649 49 808 281 818
746,6 364 407 232 777 146 245 394 373 599 11 142 526 46 603 772 602 713 739 34
747,6 364 407 232 777 146 245 394 373 599 11 142 526 603 772 602 713 739 34 33
748,6 364 407 232 777 146 245 394 373 599 11 142 526 46 772 713 739 33 649 49
749,6 364 407 232 777 146 245 394 373 599 11 142 526 46 603 772 602 713 739 34
750,6 364 407 232 777 146 245 394 373 599 11 142 526 46 603 772 602 713 739 34
751,245 394 373 599 11 142 526 46 603 772 602 713 739 34 33 649 49 808 281 818
752,777 146 245 394 373 599 11 142 526 46 603 772 602 713 739 34 33 649 49 808
753,6 364 407 232 777 146 245 394 599 11 142 526 46 603 772 602 713 34 33 649
754,6 364 407 232 777 146 245 394 373 599 11 142 526 46 603 772 602 713 739 34
755,245 394 373 599 11 142 526 46 603 772 602 713 739 34 33 649 49 808 281 818
756,6 364 407 232 777 146 245 394 373 599 11 142 526 46 603 772 602 713 739 34
757,6 364 407 232 777 146 245 394 373 11 142 526 46 603 772 602 713 739 34 33
758,6 364 407 232 777 146 245 373 599 11 526 46 603 772 602 713 739 33 649 49
759,6 364 407 232 777 146 245 394 373 599 11 142 526 46 603 772 602 713 739 34
760,6 364 407 232 777 146 373 11 142 526 46 603 772 602 713 739 34 33 649 49
761,6 364 407 232 777 146 245 394 373 599 11 142 526 46 603 772 602 713 739 34
762,6 364 407 232 777 146 245 394 373 599 11 142 526 46 603 772 602 713 739 34
763,6 364 407 232 777 146 245 394 373 599 11 526 46 603 772 602 713 739 34 33
764,6 364 407 232 777 146 245 394 373 599 11 142 526 46 603 772 602 713 739 34
765,6 364 407 232 777 146 245 394 373 599 11 142 526 46 603 772 602 713 739 34
766,6 364 407 232 777 146 245 394 373 599 11 142 526 46 603 772 602 713 739 34
767,6 364 407 232 777 146 245 394 373 599 11 142 526 46 603 772 602 713 739 34
768,6 364 407 232 777 146 245 394 373 599 11 142 526 46 603 772 602 713 739 34
769,6 364 407 232 777 146 245 394 373 599 11 142 526 46 603 772 602 713 739 34
770,6 364 407 232 777 146 245 394 373 599 11 142 526 46 603 772 602 713 739 34
771,6 364 407 232 777 146 245 394 373 599 11 142 526 46 603 772 602 739 33 649
772,6 364 407 232 777 146 245 394 373 599 11 526 46 603 772 602 713 739 33 649
773,245 394 373 599 11 142 526 46 603 772 602 713 739 34 33 649 49 808 281 818
774,6 364 407 232 777 146 245 394 373 599 11 142 46 603 772 602 713 739 34 33
775,6 364 407 232 777 146 245 394 373 599 11 142 526 46 603 772 602 713 739 34
776,6 364 407 232 777 146 245 394 599 11 142 526 46 603 602 713 739 34 33 649
777,6 364 407 232 777 146 245 394 373 599 11 142 526 46 603 772 602 713 739 34
778,6 364 407 232 777 146 245 394 373 599 11 142 526 46 603 772 602 713 739 34
779,6 364 407 232 777 146 245 394 373 11 142 526 46 603 772 602 713 739 34 33
780,6 364 407 232 777 146 394 599 11 142 526 46 603 772 602 713 739 34 33 649
781,245 394 373 599 11 142 526 46 603 772 602 713 739 34 33 649 49 808 281 818
782,6 364 407 232 777 146 245 394 373 599 11 142 526 46 603 772 602 713 739 33
783,6 364 407 232 777 146 245 394 373 599 11 142 526 46 603 772 602 713 739 34
784,245 394 373 599 11 142 526 46 603 772 602 713 739 34 33 649 49 808 281 818
785,245 394 373 599 11 142 526 46 603 772 602 713 739 34 33 649 49 808 281 818
786,6 364 407 232 777 146 245 394 373 599 11 142 526 46 603 772 602 713 739 34
787,6 364 407 232 777 146 245 394 599 11 142 526 46 603 772 602 713 34 33 649
788,245 394 373 599 11 142 526 46 603 772 602 713 739 34 33 649 49 808 281 818
789,245 394 373 599 11 142 526 46 603 772 602 713 739 34 33 649 49 808 281 818
790,6 364 407 232 777 146 245 394 373 599 11 142 526 46 603 772 602 713 739 34
791,6 364 407 232 777 146 245 599 11 142 526 46 603 772 602 713 739 34 33 649
792,245 394 373 599 11 142 526 46 603 772 602 713 739 34 33 649 49 808 281 818
793,6 364 407 232 777 146 245 394 599 11 526 603 772 602 713 739 33 49 808 281
794,6 364 407 232 777 146 245 394 373 599 11 142 526 46 603 772 602 713 739 34
795,6 364 407 232 777 146 245 394 373 599 11 142 526 46 603 772 602 713 739 34
796,245 394 373 599 11 142 526 46 603 772 602 713 739 34 33 649 49 808 281 818
797,6 364 407 232 777 146 245 394 373 599 11 142 526 46 603 772 602 713 739 34
798,6 364 407 232 777 146 245 394 373 599 11 142 526 46 603 772 602 713 739 34
799,6 364 407 232 777 146 245 394 373 599 11 142 526 46 603 772 602 713 739 34
800,6 364 407 232 777 146 245 394 373 599 11 142 526 46 603 772 602 713 739 34
801,6 364 407 232 777 146 245 394 373 599 11 142 526 46 603 772 602 713 739 34
802,6 364 407 232 777 146 245 394 373 599 11 142 526 46 603 772 602 713 739 34
803,6 364 407 232 777 146 245 394 373 599 11 142 526 46 603 772 602 713 739 34
804,245 394 373 599 11 142 526 46 603 772 602 713 739 34 33 649 49 808 281 818
805,6 364 407 232 777 146 245 394 373 599 11 142 526 46 603 772 602 713 739 34
806,6 364 407 232 777 146 245 394 373 599 11 142 526 46 603 772 602 713 739 34
807,6 364 407 232 777 146 245 394 373 599 11 142 526 46 603 602 713 739 34 33
808,6 364 407 232 777 146 245 394 373 599 142 526 46 603 772 602 713 739 34 33
809,245 394 373 599 11 142 526 46 603 772 602 713 739 34 33 649 49 808 281 818
810,6 364 407 232 777 146 245 394 373 599 11 142 526 603 772 602 713 739 34 33
811,6 364 407 232 777 146 245 394 373 599 11 142 46 603 772 602 713 739 34 33
812,6 364 407 232 777 146 245 394 373 11 142 526 46 603 772 602 739 34 33 649
813,6 364 407 232 777 146 245 394 373 599 11 142 526 46 603 772 602 713 739 34
814,6 364 407 232 777 146 245 394 373 599 11 142 526 46 603 772 602 713 739 34
815,6 364 407 232 777 146 245 394 373 599 11 142 526 46 603 772 602 713 739 34
816,6 364 407 232 777 146 245 394 599 11 526 46 603 772 602 713 34 33 649 49
817,6 364 407 232 777 146 599 11 142 526 46 603 772 602 713 739 34 33 649 49
818,245 394 373 599 11 142 526 46 603 772 602 713 739 34 33 649 49 808 281 818
819,245 394 373 599 11 142 526 46 603 772 602 713 739 34 33 649 49 808 281 818
820,245 394 373 599 11 142 526 46 603 772 602 713 739 34 33 649 49 808 281 818
821,6 364 407 232 777 146 142 46 603 772 602 713 739 34 33 649 49 808 281 818
822,6 364 407 232 777 146 245 394 373 599 11 142 526 46 603 772 602 713 739 34
823,6 364 407 232 777 146 245 394 373 599 11 142 526 46 603 772 602 713 739 34
824,6 364 407 232 777 146 394 373 599 142 46 603 772 602 713 739 34 33 649 49
825,245 394 373 599 11 142 526 46 603 772 602 713 739 34 33 649 49 808 281 818
826,245 394 373 599 11 142 526 46 603 772 602 713 739 34 33 649 49 808 281 818
827,6 364 407 232 777 146 245 11 142 46 603 772 602 713 739 34 33 649 49 808
828,245 394 373 599 11 142 526 46 603 772 602 713 739 34 33 649 49 808 281 818
829,6 364 407 232 777 146 245 394 373 599 11 142 526 46 603 772 602 713 739 34
830,6 364 407 232 777 146 245 394 373 599 11 142 526 46 772 602 713 739 34 33
831,6 364 407 232 777 146 245 394 373 599 11 142 526 46 603 772 602 713 739 34
832,6 364 407 232 777 146 245 394 373 599 11 142 526 46 603 772 602 713 739 34
833,6 364 407 232 777 146 245 394 373 599 11 142 526 46 603 772 602 713 739 34
834,6 364 407 232 777 146 245 394 373 599 11 142 526 46 603 772 602 713 739 34
835,245 394 373 599 11 142 526 46 603 772 602 713 739 34 33 649 49 808 281 818
836,6 364 407 232 777 146 245 394 373 599 11 142 526 46 603 772 602 713 739 34
837,245 394 373 599 11 142 526 46 603 772 602 713 739 34 33 649 49 808 281 818
838,6 364 407 232 777 146 245 394 373 599 11 142 526 46 603 772 602 713 739 34
839,245 394 373 599 11 142 526 46 603 772 602 713 739 34 33 649 49 808 281 818
840,6 364 407 232 777 146 245 394 373 599 11 142 526 46 603 772 602 713 739 34
841,6 364 407 232 777 146 245 394 373 599 11 142 526 46 603 772 602 713 739 34
842,6 364 407 232 777 146 245 394 373 599 11 142 526 46 603 772 602 713 739 34
843,6 364 407 232 777 146 245 394 373 599 11 526 46 603 772 602 713 739 34 33
844,6 364 407 232 777 146 245 394 373 599 11 142 526 46 603 772 602 713 739 34
845,6 364 407 232 777 146 142 526 46 603 772 602 713 739 34 33 649 49 808 281
846,6 364 407 232 777 146 245 394 373 599 11 142 526 46 603 772 602 713 739 34
847,6 364 407 232 777 146 245 394 373 599 11 142 526 46 603 772 602 713 739 34
848,6 364 407 232 777 146 245 394 373 599 11 142 526 46 603 772 602 713 739 34
849,6 364 407 232 777 146 245 394 373 599 11 142 526 46 603 772 602 713 739 34
850,6 364 407 232 777 146 394 373 599 11 142 46 603 772 602 713 739 33 649 49
851,6 364 407 232 777 146 245 394 373 599 11 142 526 46 603 772 602 713 739 34
852,6 364 407 232 777 146 245 394 373 599 11 142 526 46 603 772 602 713 739 34
853,245 394 373 599 11 142 526 46 603 772 602 713 739 34 33 649 49 808 281 818
854,245 394 373 599 11 142 526 46 603 772 602 713 739 34 33 649 49 808 281 818
855,6 364 407 232 777 146 245 394 373 599 11 142 526 46 603 772 602 713 739 34
856,6 364 407 232 777 146 599 142 526 603 772 602 713 739 34 33 649 49 808 281
857,245 394 373 599 11 142 526 46 603 772 602 713 739 34 33 649 49 808 281 818
858,6 364 407 232 777 146 245 394 373 599 142 526 46 603 772 602 713 739 34 649
859,6 364 407 232 777 146 245 394 373 599 11 142 526 46 603 772 713 739 34 33
860,6 364 407 232 777 146 245 394 599 11 142 526 46 603 772 602 713 739 34 33
861,6 364 407 232 777 146 245 394 373 599 11 142 526 46 603 772 602 739 34 33
862,6 364 407 232 777 146 245 394 373 599 11 142 526 46 603 772 602 713 739 34
863,6 364 407 232 777 146 245 394 373 599 11 142 526 46 603 772 602 713 739 34
864,6 364 407 232 777 146 245 394 373 599 11 142 526 46 603 772 602 713 739 34
865,6 364 407 232 777 146 373 11 142 526 46 603 772 602 713 739 33 649 49 808
866,6 364 407 232 777 146 394 373 599 11 142 526 46 603 772 602 713 739 34 33
867,6 364 407 232 777 146 245 394 373 599 11 142 526 46 603 772 602 713 739 34
868,6 364 407 232 777 146 245 394 373 599 11 142 526 46 603 772 602 713 739 34
869,6 364 407 232 777 146 394 373 11 142 526 46 603 772 602 713 739 34 33 649
870,6 364 407 232 777 146 599 11 142 526 46 603 772 602 739 34 33 649 49 808
871,6 364 407 232 777 146 245 394 373 599 11 142 526 46 603 772 713 739 34 33
872,6 364 407 232 777 146 245 373 599 11 46 603 772 713 34 33 649 808 281 818
873,6 364 407 232 777 146 245 394 373 599 11 142 526 46 603 772 602 713 739 34
874,245 394 373 599 11 142 526 46 603 772 602 713 739 34 33 649 49 808 281 818
875,6 364 407 232 777 146 245 394 373 599 11 142 526 46 713 739 33 649 808 281
876,6 364 407 232 777 146 245 394 373 599 11 142 526 46 603 772 602 713 739 34
877,6 364 407 232 777 146 245 394 373 599 11 142 526 46 603 772 602 713 739 34
878,6 364 407 232 777 146 245 394 373 599 11 142 526 46 603 772 602 713 739 34
879,6 364 407 232 777 146 245 394 373 599 11 142 526 46 603 772 602 713 739 34
880,146 245 394 373 599 11 142 526 46 603 772 602 713 739 34 33 649 49 808 281
881,6 364 407 232 777 146 245 394 373 599 11 142 526 46 603 772 602 713 34 33
882,6 364 407 232 777 146 245 394 373 599 11 142 526 46 603 772 602 713 739 34
883,245 394 373 599 11 142 526 46 603 772 602 713 739 34 33 649 49 808 281 818
884,6 364 407 232 777 146 245 394 373 599 11 142 526 46 603 772 602 713 739 34
885,245 394 373 599 11 142 526 46 603 772 602 713 739 34 33 649 49 808 281 818
886,6 364 407 232 777 146 245 394 373 599 11 142 526 46 603 772 602 713 739 34
887,245 394 373 599 11 142 526 46 603 772 602 713 739 34 33 649 49 808 281 818
888,245 394 373 599 11 142 526 46 603 772 602 713 739 34 33 649 49 808 281 818
889,6 364 407 232 777 146 245 394 373 599 11 142 526 46 603 772 602 713 739 34
890,6 364 407 232 777 146 245 394 373 599 11 142 526 46 603 772 602 713 739 34
891,245 394 373 599 11 142 526 46 603 772 602 713 739 34 33 649 49 808 281 818
892,6 364 407 232 777 146 245 394 373 599 11 142 526 46 603 772 602 713 739 34
893,6 364 407 232 777 146 245 394 373 599 11 142 526 46 603 772 602 713 739 34
894,6 364 407 232 777 146 245 373 599 11 142 526 46 603 772 602 713 739 34 33
895,6 364 407 232 777 146 245 394 373 599 11 142 526 46 603 772 602 713 739 34
896,6 364 407 232 777 146 245 394 373 599 11 142 526 46 603 772 602 713 739 34
897,245 394 373 599 11 142 526 46 603 772 602 713 739 34 33 649 49 808 281 818
898,6 364 407 232 777 146 245 394 373 599 11 142 526 46 603 772 602 713 739 34
899,6 364 407 232 777 146 373 599 11 142 526 46 603 772 602 713 739 34 33 649
900,6 364 407 232 777 146 245 394 373 599 11 142 526 46 603 772 713 739 34 33
901,6 364 407 232 777 146 245 394 373 599 11 142 526 46 603 772 602 713 739 34
902,6 364 407 232 777 146 245 394 373 599 11 142 526 46 603 772 602 713 739 34
903,6 364 407 232 777 146 245 394 373 599 11 142 526 46 603 772 602 713 739 34
904,6 364 407 232 777 146 245 394 373 599 11 142 526 46 603 772 602 713 739 34
905,6 364 407 232 777 146 245 394 373 599 11 142 526 772 602 713 739 34 33 649
906,245 394 373 599 11 142 526 46 603 772 602 713 739 34 33 649 49 808 281 818
907,6 364 407 232 777 146 245 394 11 142 603 772 602 34 33 649 49 808 281 818
908,6 364 407 232 777 146 245 394 373 599 11 142 526 46 603 772 602 713 739 34
909,6 364 407 232 777 146 245 394 373 599 11 142 526 46 603 772 602 713 739 34
910,6 364 407 232 777 146 245 394 373 599 11 142 526 46 603 772 602 713 739 34
911,245 394 373 599 11 142 526 46 603 772 602 713 739 34 33 649 49 808 281 818
912,245 394 373 599 11 142 526 46 603 772 602 713 739 34 33 649 49 808 281 818
913,6 364 407 232 777 146 394 599 11 142 526 46 603 772 602 713 739 34 33 649
914,6 364 407 232 777 146 245 394 373 599 11 142 526 46 603 772 602 713 739 33
915,6 364 407 232 777 146 245 394 373 599 11 526 46 772 602 713 739 34 33 49
916,6 364 407 232 777 146 245 394 373 599 11 142 526 46 603 772 602 713 739 34
917,6 364 407 232 777 146 11 142 772 602 713 739 34 33 649 49 808 281 818 604
918,6 364 407 232 777 146 245 394 373 599 11 142 526 46 603 772 602 713 739 34
919,245 394 373 599 11 142 526 46 603 772 602 713 739 34 33 649 49 808 281 818
920,6 364 407 232 777 146 245 394 373 599 11 142 526 46 603 772 602 713 739 34
921,6 364 407 232 777 146 245 394 373 599 11 142 526 46 603 772 602 713 739 34
922,6 364 407 232 777 146 245 394 373 599 11 142 526 46 603 772 713 739 34 33
923,6 364 407 232 777 146 394 373 599 11 142 526 603 772 602 713 739 34 649 49
924,6 364 407 232 777 146 245 394 373 599 11 142 526 46 772 602 713 739 34 33
925,6 364 407 232 777 146 599 11 526 46 603 772 602 713 34 33 649 49 808 281
926,6 364 407 232 777 146 245 394 373 599 11 142 526 46 603 772 602 713 739 34
927,6 364 407 232 777 146 245 394 373 599 11 142 526 46 603 772 602 713 739 33
928,6 364 407 232 777 146 245 394 373 599 11 142 526 46 603 772 602 713 739 34
929,146 245 394 373 599 11 142 526 46 603 772 602 713 739 34 33 649 49 808 281
930,245 394 373 599 11 142 526 46 603 772 602 713 739 34 33 649 49 808 281 818
931,245 394 373 599 11 142 526 46 603 772 602 713 739 34 33 649 49 808 281 818
932,245 394 373 599 11 142 526 46 603 772 602 713 739 34 33 649 49 808 281 818
933,6 364 407 232 777 146 245 394 373 599 11 142 526 46 603 772 602 713 739 34
934,6 364 407 232 777 146 245 394 373 599 11 142 526 46 603 772 602 713 739 34
935,6 364 407 232 777 146 245 394 373 599 11 142 526 46 603 772 602 713 739 34
936,6 364 407 232 777 146 245 394 373 599 11 142 526 46 603 772 602 713 739 34
937,6 364 407 232 777 146 245 394 373 599 11 142 526 46 603 772 602 713 739 34
938,6 364 407 232 777 146 245 394 373 599 11 142 526 46 603 772 602 713 739 34
939,6 364 407 232 777 146 394 373 142 46 603 772 602 713 739 34 649 49 808 818
940,6 364 407 232 777 146 245 394 373 599 11 142 526 46 603 772 602 713 739 34
941,6 364 407 232 777 146 245 394 373 599 11 142 526 46 603 772 602 713 739 34
942,245 394 373 599 11 142 526 46 603 772 602 713 739 34 33 649 49 808 281 818
943,6 364 407 232 777 146 245 394 373 599 11 142 526 46 603 772 602 713 739 34
944,6 364 407 232 777 146 394 373 142 46 603 713 34 33 649 808 281 818 604 313
945,6 364 407 232 777 146 245 394 373 599 11 142 526 46 603 772 602 713 739 34
946,6 364 407 232 777 146 599 142 526 603 772 602 713 739 34 33 649 49 808 281
947,6 364 407 232 777 146 245 394 599 11 142 526 46 603 772 602 713 739 34 33
948,6 364 407 232 777 146 373 599 11 142 526 46 603 772 602 713 739 34 33 49
949,6 364 407 232 777 146 245 394 373 599 11 142 526 46 603 772 602 713 739 34
950,6 364 407 232 777 146 245 394 373 599 11 142 526 46 603 772 602 713 739 34
951,245 394 373 599 11 142 526 46 603 772 602 713 739 34 33 649 49 808 281 818
952,6 364 407 232 777 146 245 394 373 599 11 142 526 46 603 772 602 713 739 34
953,6 364 407 232 777 146 245 394 373 599 11 142 526 46 603 772 602 713 739 34
954,6 364 407 232 777 146 245 394 373 599 11 142 526 46 603 772 602 713 739 34
955,6 364 407 232 777 146 394 373 599 11 142 526 46 603 772 602 713 739 34 33
956,6 364 407 232 777 146 245 394 373 11 142 526 46 603 772 602 713 739 34 33
957,245 394 373 599 11 142 526 46 603 772 602 713 739 34 33 649 49 808 281 818
958,245 394 373 599 11 142 526 46 603 772 602 713 739 34 33 649 49 808 281 818
959,6 364 407 232 777 146 245 394 373 599 11 142 526 46 603 772 602 713 739 34
960,6 364 407 232 777 146 245 394 373 599 11 142 526 46 603 772 602 713 739 34
961,6 364 407 232 777 146 245 394 373 599 11 142 526 46 603 772 602 713 739 34
962,6 364 407 232 777 146 245 373 599 11 142 526 46 603 772 602 713 739 34 33
963,6 364 407 232 777 146 245 394 373 599 11 142 526 46 603 772 602 713 739 33
964,6 364 407 232 777 146 245 394 373 599 11 142 526 46 603 772 602 713 739 34
965,777 146 245 394 373 599 11 142 526 46 603 772 602 713 739 34 33 649 49 808
966,6 364 407 232 777 146 373 599 142 526 46 603 772 602 713 34 33 649 49 808
967,6 364 407 232 777 146 245 394 373 599 11 142 526 46 603 772 602 713 739 34
968,6 364 407 232 777 146 245 394 373 599 11 142 526 46 603 772 602 713 739 34
969,245 394 373 599 11 142 526 46 603 772 602 713 739 34 33 649 49 808 281 818
970,6 364 407 232 777 146 245 394 599 11 142 526 46 603 772 602 713 739 34 33
971,6 364 407 232 777 146 245 394 373 599 11 142 526 46 603 772 602 713 739 34
972,6 364 407 232 777 146 245 394 373 599 11 142 46 603 772 602 713 739 34 33
973,245 394 373 599 11 142 526 46 603 772 602 713 739 34 33 649 49 808 281 818
974,245 394 373 599 11 142 526 46 603 772 602 713 739 34 33 649 49 808 281 818
975,6 364 407 232 777 146 245 394 373 599 11 142 526 46 603 772 602 713 739 34
976,6 364 407 232 777 146 245 394 373 599 11 142 526 46 603 772 602 713 739 34
977,245 394 373 599 11 142 526 46 603 772 602 713 739 34 33 649 49 808 281 818
978,245 394 373 599 11 142 526 46 603 772 602 713 739 34 33 649 49 808 281 818
979,6 364 407 232 777 146 245 394 373 599 11 142 526 46 603 772 602 713 739 34
980,245 394 373 599 11 142 526 46 603 772 602 713 739 34 33 649 49 808 281 818
981,6 364 407 232 777 146 245 373 11 142 526 46 772 602 713 739 34 33 649 49
982,6 364 407 232 777 146 245 394 373 599 11 142 526 46 603 772 602 713 739 34
983,6 364 407 232 777 146 245 394 373 599 11 142 46 603 772 602 713 739 34 649
984,245 394 373 599 11 142 526 46 603 772 602 713 739 34 33 649 49 808 281 818
985,6 364 407 232 777 146 11 142 526 603 772 602 713 739 34 33 649 49 808 281
986,245 394 373 599 11 142 526 46 603 772 602 713 739 34 33 649 49 808 281 818
987,6 364 407 232 777 146 245 373 11 526 46 603 772 602 713 739 34 33 649 49
988,6 364 407 232 777 146 245 394 373 599 11 142 526 46 603 772 602 713 739 34
989,245 394 373 599 11 142 526 46 603 772 602 713 739 34 33 649 49 808 281 818
990,6 364 407 232 777 146 245 394 11 526 46 602 713 739 34 33 649 49 808 281
991,6 364 407 232 777 146 245 394 373 599 11 526 46 603 772 602 713 739 34 33
992,6 364 407 232 777 146 245 394 373 599 11 142 526 46 603 772 602 713 739 34
993,6 364 407 232 777 146 245 394 373 599 11 142 526 46 603 772 602 713 739 34
994,6 364 407 232 777 146 245 373 599 11 142 526 46 603 772 602 713 739 34 33
995,6 364 407 232 777 146 394 373 599 11 142 526 46 603 772 602 713 739 34 33
996,6 364 407 232 777 146 245 394 373 599 11 142 526 46 603 772 602 713 739 34
997,6 364 407 232 777 146 245 394 373 599 11 142 526 46 603 772 602 739 34 33
998,6 364 407 232 777 146 245 394 373 599 11 142 526 46 603 772 602 713 739 34
999,6 364 407 232 777 146 394 373 599 142 526 46 603 772 602 713 739 34 33 649
1000,6 364 407 232 777 146 394 373 599 11 142 526 46 603 772 602 713 739 34 33
1001,6 364 407 232 777 146 245 394 373 599 11 142 526 46 603 772 602 713 739 34
1002,6 364 407 232 777 146 394 373 11 142 46 603 772 602 713 739 34 33 649 49
1003,6 364 407 232 777 146 245 394 373 11 142 526 46 603 772 602 713 739 34 33
1004,6 364 407 232 777 146 245 394 599 11 142 603 772 602 713 34 33 649 49 808
1005,245 394 373 599 11 142 526 46 603 772 602 713 739 34 33 649 49 808 281 818
1006,6 364 407 232 777 146 394 373 599 11 142 526 46 603 772 602 713 739 34 33
1007,245 394 373 599 11 142 526 46 603 772 602 713 739 34 33 649 49 808 281 818
1008,6 364 407 232 777 146 245 394 373 599 11 142 526 46 603 772 602 713 739 34
1009,6 364 407 232 777 146 245 394 373 599 11 526 46 603 772 602 713 739 34 33
1010,6 364 407 232 777 146 245 394 373 599 11 142 526 46 603 772 602 713 739 34
1011,6 364 407 232 777 146 245 394 373 599 11 142 526 46 603 772 602 713 739 34
1012,245 394 373 599 11 142 526 46 603 772 602 713 739 34 33 649 49 808 281 818
1013,6 364 407 232 777 146 245 394 373 599 11 142 526 46 603 772 602 713 739 34
1014,6 364 407 232 777 146 245 394 373 599 11 142 526 46 603 772 602 713 739 34
1015,245 394 373 599 11 142 526 46 603 772 602 713 739 34 33 649 49 808 281 818
1016,6 364 407 232 777 146 245 394 373 599 11 142 526 46 603 772 602 713 739 34
1017,6 364 407 232 777 146 245 394 373 599 11 142 526 46 772 602 713 739 34 33
1018,6 364 407 232 777 146 245 599 11 142 526 46 603 772 602 713 34 33 649 49
1019,6 364 407 232 777 146 11 142 526 46 603 772 602 713 739 34 33 649 49 808
1020,6 364 407 232 777 146 245 394 373 599 11 142 526 46 603 772 602 713 739 34
1021,6 364 407 232 777 146 394 373 599 526 603 772 713 739 33 649 49 808 818 313
1022,6 364 407 232 777 146 245 394 373 599 11 142 526 46 603 772 602 713 739 34
1023,6 364 407 232 777 146 245 394 373 599 11 142 526 46 603 772 602 739 34 33
1024,6 364 407 232 777 146 245 394 599 11 526 46 603 772 602 713 739 34 33 649
1025,6 364 407 232 777 146 245 394 373 599 11 142 526 46 772 602 713 34 33 649
1026,6 364 407 232 777 146 245 394 373 599 11 142 526 46 603 772 602 713 739 34
1027,6 364 407 232 777 146 245 394 373 599 11 142 526 46 603 772 602 713 739 34
1028,6 364 407 232 777 146 245 599 11 142 526 46 603 772 602 33 49 808 281 604
1029,777 146 245 394 373 599 11 142 526 46 603 772 602 713 739 34 33 649 49 808
1030,6 364 407 232 777 146 245 394 373 599 11 142 526 46 603 772 602 713 739 34
1031,6 364 407 232 777 146 245 373 599 11 142 526 46 603 772 602 713 739 34 33
1032,6 364 407 232 777 146 245 394 373 599 11 142 526 46 603 772 602 713 739 34
1033,6 364 407 232 777 146 245 394 373 599 11 142 526 46 603 772 602 713 739 34
1034,6 364 407 232 777 146 245 394 373 599 11 142 526 46 603 772 602 713 739 34
1035,777 146 245 394 373 599 11 142 526 46 603 772 602 713 739 34 33 649 49 808
1036,245 394 373 599 11 142 526 46 603 772 602 713 739 34 33 649 49 808 281 818
1037,6 364 407 232 777 146 245 394 373 599 11 142 526 46 603 772 602 713 739 34
1038,6 364 407 232 777 146 245 394 373 599 11 142 526 46 603 772 602 713 739 34
1039,245 394 373 599 11 142 526 46 603 772 602 713 739 34 33 649 49 808 281 818
1040,6 364 407 232 777 146 245 394 373 599 11 142 526 46 603 772 602 713 739 34
1041,6 364 407 232 777 146 245 394 373 599 11 142 526 46 603 772 602 713 739 34
1042,777 146 245 394 373 599 11 142 526 46 603 772 602 713 739 34 33 649 49 808
1043,6 364 407 232 777 146 245 394 373 599 11 142 526 46 603 772 602 713 739 34
1044,245 394 373 599 11 142 526 46 603 772 602 713 739 34 33 649 49 808 281 818
1045,6 364 407 232 777 146 245 394 373 599 11 142 526 46 603 772 602 713 739 34
1046,6 364 407 232 777 146 373 599 11 142 526 46 603 772 602 713 739 34 33 649
1047,6 364 407 232 777 146 245 394 373 599 11 142 46 603 602 713 34 33 649 49
1048,6 364 407 232 777 146 245 394 373 599 11 142 526 46 603 772 602 713 739 34
1049,245 394 373 599 11 142 526 46 603 772 602 713 739 34 33 649 49 808 281 818
1050,6 364 407 232 777 146 245 394 373 599 11 142 526 46 603 772 602 713 739 34
1051,6 364 407 232 777 146 245 394 373 599 11 142 526 46 603 772 602 713 739 34
1052,6 364 407 232 777 146 245 394 373 599 11 142 526 46 603 772 602 713 739 34
1053,6 364 407 232 777 146 245 394 373 599 11 142 526 46 603 772 602 713 739 34
1054,6 364 407 232 777 146 245 394 373 599 11 142 526 46 603 772 602 713 739 34
1055,6 364 407 232 777 146 245 394 373 599 11 142 526 46 603 772 602 713 739 34
1056,245 394 373 599 11 142 526 46 603 772 602 713 739 34 33 649 49 808 281 818
1057,6 364 407 232 777 146 245 394 373 599 11 526 46 603 772 602 713 739 34 33
1058,245 394 373 599 11 142 526 46 603 772 602 713 739 34 33 649 49 808 281 818
1059,6 364 407 232 777 146 245 394 373 599 11 142 526 46 603 602 713 739 34 33
1060,245 394 373 599 11 142 526 46 603 772 602 713 739 34 33 649 49 808 281 818
1061,6 364 407 232 777 146 245 394 373 11 526 46 603 772 602 739 34 33 649 49
1062,6 364 407 232 777 146 245 394 373 599 11 142 526 46 603 772 602 713 739 34
1063,245 394 373 599 11 142 526 46 603 772 602 713 739 34 33 649 49 808 281 818
1064,6 364 407 232 777 146 245 394 373 599 11 142 46 603 772 602 713 739 34 33
1065,6 364 407 232 777 146 394 599 11 142 46 603 772 602 713 739 34 33 649 808
1066,6 364 407 232 777 146 245 394 373 599 11 142 526 46 603 772 602 713 739 34
1067,6 364 407 232 777 146 245 394 373 599 11 142 526 46 603 602 713 739 34 33
1068,6 364 407 232 777 146 245 394 373 599 11 142 526 46 603 772 602 713 739 34
1069,6 364 407 232 777 146 394 526 46 603 772 602 713 739 34 33 649 49 808 281
1070,6 364 407 232 777 146 245 394 373 599 11 142 526 46 603 772 602 713 739 34
1071,245 394 373 599 11 142 526 46 603 772 602 713 739 34 33 649 49 808 281 818
1072,6 364 407 232 777 146 245 394 373 599 11 142 526 46 603 772 602 713 739 34
1073,245 394 373 599 11 142 526 46 603 772 602 713 739 34 33 649 49 808 281 818
1074,6 364 407 232 777 146 245 394 373 599 11 142 526 46 603 772 602 713 34 33
1075,6 364 407 232 777 146 373 599 11 526 46 603 772 602 713 739 34 33 649 49
1076,6 364 407 232 777 146 245 394 373 599 11 142 526 46 603 772 602 713 739 34
1077,6 364 407 232 777 146 245 394 373 599 11 142 526 46 603 772 602 713 739 34
1078,6 364 407 232 777 146 245 394 373 599 11 142 526 46 603 772 602 713 739 34
1079,6 364 407 232 777 146 245 394 373 599 11 526 46 603 772 602 713 739 34 33
1080,6 364 407 232 777 146 245 394 373 599 11 142 526 46 603 772 602 713 739 34
1081,6 364 407 232 777 146 245 394 373 599 11 142 526 46 603 772 602 713 739 34
1082,6 364 407 232 777 146 245 394 373 599 11 142 526 46 603 772 602 713 739 34
1083,6 364 407 232 777 146 599 142 526 46 603 772 602 713 739 34 33 649 49 808
1084,6 364 407 232 777 146 245 394 373 599 11 142 526 46 603 772 602 713 739 34
1085,6 364 407 232 777 146 245 394 373 599 11 142 526 46 603 772 602 713 739 34
1086,6 364 407 232 777 146 245 394 373 599 11 142 526 46 603 772 602 713 739 34
1087,6 364 407 232 777 146 245 394 599 11 142 526 46 603 772 602 713 739 34 33
1088,245 394 373 599 11 142 526 46 603 772 602 713 739 34 33 649 49 808 281 818
1089,6 364 407 232 777 146 245 394 373 599 11 142 526 46 603 772 602 713 739 34
1090,6 364 407 232 777 146 245 394 373 599 11 142 526 46 603 772 602 713 739 33
1091,245 394 373 599 11 142 526 46 603 772 602 713 739 34 33 649 49 808 281 818
1092,6 364 407 232 777 146 394 373 11 142 526 46 603 772 713 739 34 33 649 808
1093,6 364 407 232 777 146 599 11 142 526 46 772 602 713 739 34 33 649 49 808
1094,6 364 407 232 777 146 245 394 373 599 11 142 526 46 603 772 602 713 739 34
1095,245 394 373 599 11 142 526 46 603 772 602 713 739 34 33 649 49 808 281 818
1096,245 394 373 599 11 142 526 46 603 772 602 713 739 34 33 649 49 808 281 818
1097,6 364 407 232 777 146 245 394 373 599 11 142 526 46 603 772 602 713 739 34
1098,245 394 373 599 11 142 526 46 603 772 602 713 739 34 33 649 49 808 281 818
1099,245 394 373 599 11 142 526 46 603 772 602 713 739 34 33 649 49 808 281 818
1100,245 394 373 599 11 142 526 46 603 772 602 713 739 34 33 649 49 808 281 818
1101,6 364 407 232 777 146 394 599 142 526 46 772 713 739 34 33 649 49 808 281
1102,6 364 407 232 777 146 394 373 599 11 142 526 46 603 772 602 713 739 34 33
1103,6 364 407 232 777 146 245 394 373 599 11 142 526 46 603 772 602 713 739 34
1104,6 364 407 232 777 146 245 394 373 599 11 142 526 46 603 772 602 713 739 34
1105,6 364 407 232 777 146 245 394 373 599 11 142 526 46 603 772 602 713 739 34
1106,6 364 407 232 777 146 245 394 373 599 11 142 526 46 603 772 602 713 739 34
1107,6 364 407 232 777 146 373 11 142 526 46 603 772 602 713 739 34 33 649 49
1108,245 394 373 599 11 142 526 46 603 772 602 713 739 34 33 649 49 808 281 818
1109,6 364 407 232 777 146 245 394 373 599 11 142 526 46 603 602 713 739 34 33
1110,245 394 373 599 11 142 526 46 603 772 602 713 739 34 33 649 49 808 281 818
1111,6 364 407 232 777 146 245 394 373 599 11 142 46 603 772 602 713 739 33 649
1112,6 364 407 232 777 146 245 394 373 599 11 142 526 46 603 772 602 713 739 34
1113,245 394 373 599 11 142 526 46 603 772 602 713 739 34 33 649 49 808 281 818
1114,6 364 407 232 777 146 245 373 599 11 142 526 46 603 772 602 713 739 34 33
1115,6 364 407 232 777 146 245 394 373 599 11 142 526 46 603 772 602 713 739 34
1116,6 364 407 232 777 146 245 394 373 599 11 526 46 603 772 602 713 739 34 33
1117,6 364 407 232 777 146 245 394 373 599 11 142 526 46 603 772 602 713 739 34
1118,6 364 407 232 777 146 245 394 373 599 11 142 526 46 603 772 713 34 33 649
1119,6 364 407 232 777 146 245 394 373 599 11 142 526 46 603 772 602 713 739 34
1120,6 364 407 232 777 146 394 373 11 142 526 46 603 772 602 713 739 34 33 649
1121,6 364 407 232 777 146 373 11 142 526 46 603 772 602 713 739 34 33 649 49
1122,6 364 407 232 777 146 245 394 373 599 11 142 526 46 603 772 602 713 739 34
1123,245 394 373 599 11 142 526 46 603 772 602 713 739 34 33 649 49 808 281 818
1124,6 364 407 232 777 146 245 394 373 142 526 46 602 713 34 33 649 49 808 281
1125,6 364 407 232 777 146 245 394 373 599 11 142 526 46 603 772 713 739 34 33
1126,245 394 373 599 11 142 526 46 603 772 602 713 739 34 33 649 49 808 281 818
1127,245 394 373 599 11 142 526 46 603 772 602 713 739 34 33 649 49 808 281 818
1128,245 394 373 599 11 142 526 46 603 772 602 713 739 34 33 649 49 808 281 818
1129,6 364 407 232 777 146 245 394 373 599 11 142 526 46 603 772 602 713 739 34
1130,245 394 373 599 11 142 526 46 603 772 602 713 739 34 33 649 49 808 281 818
1131,6 364 407 232 777 146 245 394 373 599 11 142 526 46 603 772 602 713 739 34
1132,6 364 407 232 777 146 245 394 373 599 11 142 526 46 603 772 602 713 739 34
1133,6 364 407 232 777 146 245 394 373 599 11 142 526 46 603 772 602 713 739 34
1134,6 364 407 232 777 146 245 394 373 599 11 142 526 46 603 772 602 713 739 34
1135,6 364 407 232 777 146 245 394 373 599 11 142 526 46 603 772 602 713 739 34
1136,245 394 373 599 11 142 526 46 603 772 602 713 739 34 33 649 49 808 281 818
1137,245 394 373 599 11 142 526 46 603 772 602 713 739 34 33 649 49 808 281 818
1138,245 394 373 599 11 142 526 46 603 772 602 713 739 34 33 649 49 808 281 818
1139,6 364 407 232 777 146 245 394 373 599 11 142 526 46 603 772 602 713 739 34
1140,6 364 407 232 777 146 245 394 373 599 11 142 526 46 603 772 602 713 739 34
1141,245 394 373 599 11 142 526 46 603 772 602 713 739 34 33 649 49 808 281 818
1142,245 394 373 599 11 142 526 46 603 772 602 713 739 34 33 649 49 808 281 818
1143,245 394 373 599 11 142 526 46 603 772 602 713 739 34 33 649 49 808 281 818
1144,6 364 407 232 777 146 245 394 11 142 526 46 603 772 602 713 739 34 33 649
1145,245 394 373 599 11 142 526 46 603 772 602 713 739 34 33 649 49 808 281 818
1146,6 364 407 232 777 146 245 394 373 599 11 142 526 46 603 772 602 713 739 34
1147,6 364 407 232 777 146 245 394 373 599 11 142 526 46 603 772 602 713 739 34
1148,6 364 407 232 777 146 245 394 373 599 11 142 526 46 603 772 602 713 739 34
1149,245 394 373 599 11 142 526 46 603 772 602 713 739 34 33 649 49 808 281 818
1150,245 394 373 599 11 142 526 46 603 772 602 713 739 34 33 649 49 808 281 818
1151,6 364 407 232 777 146 245 394 373 599 11 142 526 46 603 772 602 713 739 34
1152,6 364 407 232 777 146 245 394 373 599 11 142 526 46 603 772 602 713 739 34
1153,6 364 407 232 777 146 245 394 373 142 526 46 603 772 602 713 739 34 33 649
1154,6 364 407 232 777 146 245 599 142 526 46 602 713 739 34 33 649 49 808 281
1155,245 394 373 599 11 142 526 46 603 772 602 713 739 34 33 649 49 808 281 818
1156,245 394 373 599 11 142 526 46 603 772 602 713 739 34 33 649 49 808 281 818
1157,6 364 407 232 777 146 373 142 46 603 772 602 713 34 33 649 49 808 281 818
1158,6 364 407 232 777 146 245 394 373 599 11 142 526 46 603 772 602 713 739 34
1159,6 364 407 232 777 146 245 394 373 599 11 142 526 46 603 602 713 739 34 33
1160,6 364 407 232 777 146 245 394 373 599 11 142 526 46 603 772 602 713 739 34
1161,6 364 407 232 777 146 245 394 373 599 11 142 526 46 603 772 602 713 739 34
1162,6 364 407 232 777 146 245 394 373 599 11 142 526 46 603 772 602 713 739 34
1163,245 394 373 599 11 142 526 46 603 772 602 713 739 34 33 649 49 808 281 818
1164,6 364 407 232 777 146 245 394 373 599 11 142 526 46 603 772 602 713 739 34
1165,6 364 407 232 777 146 245 394 373 599 11 142 526 46 603 772 602 713 739 34
1166,6 364 407 232 777 146 394 373 599 11 142 46 603 602 713 739 34 33 649 49
1167,6 364 407 232 777 146 245 394 373 599 11 142 526 46 603 772 602 713 739 34
1168,245 394 373 599 11 142 526 46 603 772 602 713 739 34 33 649 49 808 281 818
1169,245 394 373 599 11 142 526 46 603 772 602 713 739 34 33 649 49 808 281 818
1170,245 394 373 599 11 142 526 46 603 772 602 713 739 34 33 649 49 808 281 818
1171,6 364 407 232 777 146 394 373 599 11 142 526 46 603 772 602 713 739 34 33
1172,6 364 407 232 777 146 245 394 373 599 11 142 526 46 603 772 602 713 739 34
1173,6 364 407 232 777 146 245 394 373 599 11 526 46 603 772 602 713 739 34 33
1174,6 364 407 232 777 146 245 394 373 599 11 142 526 46 603 772 602 713 739 34
1175,245 394 373 599 11 142 526 46 603 772 602 713 739 34 33 649 49 808 281 818
1176,6 364 407 232 777 146 245 394 373 599 11 142 526 46 603 772 602 713 739 34
1177,6 364 407 232 777 146 245 394 373 599 11 142 526 46 603 772 602 713 739 34
1178,6 364 407 232 777 146 245 394 373 599 11 142 526 46 603 772 602 713 739 33
1179,6 364 407 232 777 146 245 394 373 599 11 142 526 46 603 772 602 739 34 33
1180,6 364 407 232 777 146 245 394 373 599 11 142 526 46 603 772 602 713 739 34
1181,6 364 407 232 777 146 245 394 373 599 11 142 526 46 603 772 602 713 739 34
1182,6 364 407 232 777 146 373 599 11 142 526 46 603 772 602 713 739 34 33 649
1183,6 364 407 232 777 146 245 394 373 599 11 142 526 46 603 772 602 713 739 34
1184,6 364 407 232 777 146 245 394 373 599 11 142 526 46 603 772 602 713 739 34
1185,6 364 407 232 777 146 245 394 373 599 11 142 526 46 603 772 602 713 739 34
1186,6 364 407 232 777 146 245 394 373 599 11 142 526 46 603 772 602 713 739 34
1187,6 364 407 232 777 146 245 373 11 526 46 603 772 602 713 739 34 649 49 808
1188,6 364 407 232 777 146 245 394 373 599 11 142 526 46 603 602 713 739 34 33
1189,245 394 373 599 11 142 526 46 603 772 602 713 739 34 33 649 49 808 281 818
1190,6 364 407 232 777 146 245 394 373 599 11 142 526 46 603 772 602 713 739 34
1191,6 364 407 232 777 146 245 394 373 599 11 142 526 603 772 602 739 34 33 649
1192,6 364 407 232 777 146 245 394 599 526 603 772 713 739 34 33 649 49 808 281
1193,6 364 407 232 777 146 245 394 373 599 11 142 526 46 603 772 713 739 34 33
1194,6 364 407 232 777 146 245 599 142 526 603 772 602 713 739 34 33 649 49 808
1195,6 364 407 232 777 146 245 599 11 526 46 603 772 602 713 739 34 33 649 49
1196,245 394 373 599 11 142 526 46 603 772 602 713 739 34 33 649 49 808 281 818
1197,245 394 373 599 11 142 526 46 603 772 602 713 739 34 33 649 49 808 281 818
1198,6 364 407 232 777 146 245 394 373 599 11 142 526 46 603 772 602 713 739 34
1199,6 364 407 232 777 146 245 394 373 599 11 142 526 46 603 772 602 713 739 34
1200,6 364 407 232 777 146 245 394 373 599 11 142 526 46 603 772 602 713 739 34
1201,6 364 407 232 777 146 245 394 373 599 11 142 526 46 603 772 602 713 34 33
1202,6 364 407 232 777 146 394 373 599 526 713 739 34 33 649 49 808 281 818 604
1203,6 364 407 232 777 146 245 394 373 599 11 142 526 46 603 772 602 713 739 34
1204,6 364 407 232 777 146 245 394 373 599 11 142 526 46 603 772 602 713 739 34
1205,245 394 373 599 11 142 526 46 603 772 602 713 739 34 33 649 49 808 281 818
1206,6 364 407 232 777 146 245 394 373 599 11 142 526 46 603 772 602 713 739 34
1207,6 364 407 232 777 146 245 394 373 599 11 142 526 46 603 772 602 739 34 33
1208,245 394 373 599 11 142 526 46 603 772 602 713 739 34 33 649 49 808 281 818
1209,6 364 407 232 777 146 245 394 373 599 11 142 526 46 603 772 602 713 739 34
1210,6 364 407 232 777 146 245 394 373 599 11 142 526 46 603 772 602 713 739 34
1211,6 364 407 232 777 146 245 394 373 599 11 142 526 46 603 772 602 713 739 34
1212,6 364 407 232 777 146 245 394 373 599 11 142 526 46 772 602 713 739 34 33
1213,6 364 407 232 777 146 245 394 373 599 11 142 526 46 603 772 602 713 739 34
1214,6 364 407 232 777 146 245 394 373 599 142 526 46 772 602 713 739 34 33 649
1215,245 394 373 599 11 142 526 46 603 772 602 713 739 34 33 649 49 808 281 818
1216,6 364 407 232 777 146 245 394 373 599 11 142 526 46 603 772 602 713 739 34
1217,6 364 407 232 777 146 245 394 373 599 11 142 526 46 603 772 602 713 739 34
1218,245 394 373 599 11 142 526 46 603 772 602 713 739 34 33 649 49 808 281 818
1219,6 364 407 232 777 146 245 11 142 46 603 772 602 739 34 33 649 49 808 281
1220,6 364 407 232 777 146 603 772 602 739 34 33 649 49 281 818 604 313 349 732
1221,6 364 407 232 777 146 245 394 373 599 11 142 526 46 603 772 602 713 739 34
1222,6 364 407 232 777 146 245 394 373 599 11 142 526 46 603 772 602 713 739 34
1223,6 364 407 232 777 146 373 599 11 142 526 46 603 772 602 713 739 34 33 49
1224,6 364 407 232 777 146 245 394 373 599 11 142 526 46 603 772 602 713 739 34
1225,6 364 407 232 777 146 245 394 373 599 11 142 526 46 603 772 602 713 739 34
1226,245 394 373 599 11 142 526 46 603 772 602 713 739 34 33 649 49 808 281 818
1227,6 364 407 232 777 146 245 394 373 599 11 142 526 46 603 772 602 713 739 34
1228,6 364 407 232 777 146 245 394 373 599 11 142 526 46 603 772 602 713 739 34
1229,6 364 407 232 777 146 245 394 373 599 11 142 526 46 603 772 713 739 34 33
1230,6 364 407 232 777 146 245 394 11 526 46 603 772 713 34 33 649 49 808 281
1231,6 364 407 232 777 146 245 394 373 599 11 142 526 46 603 772 602 713 739 34
1232,6 364 407 232 777 146 245 394 373 599 11 142 526 46 603 772 602 713 739 34
1233,245 394 373 599 11 142 526 46 603 772 602 713 739 34 33 649 49 808 281 818
1234,6 364 407 232 777 146 245 394 373 599 11 142 526 46 603 772 602 713 739 34
1235,245 394 373 599 11 142 526 46 603 772 602 713 739 34 33 649 49 808 281 818
1236,6 364 407 232 777 146 245 394 373 599 11 142 46 603 772 602 713 739 34 33
1237,6 364 407 232 777 146 245 394 373 599 11 142 526 46 603 772 602 713 739 34
1238,245 394 373 599 11 142 526 46 603 772 602 713 739 34 33 649 49 808 281 818
1239,245 394 373 599 11 142 526 46 603 772 602 713 739 34 33 649 49 808 281 818
1240,6 364 407 232 777 146 245 394 373 599 11 142 526 46 603 772 602 713 739 34
1241,6 364 407 232 777 146 245 394 373 599 11 142 526 46 603 772 602 713 739 34
1242,6 364 407 232 777 146 245 394 373 599 11 142 526 46 603 772 602 713 739 34
1243,245 394 373 599 11 142 526 46 603 772 602 713 739 34 33 649 49 808 281 818
1244,6 364 407 232 777 146 245 394 373 599 11 142 526 46 603 772 602 713 739 33
1245,6 364 407 232 777 146 394 599 11 142 526 46 603 772 602 713 739 34 33 649
1246,6 364 407 232 777 146 245 394 373 11 142 526 46 603 772 602 713 739 34 33
1247,6 364 407 232 777 146 245 394 373 599 142 526 46 603 772 602 713 739 34 33
1248,6 364 407 232 777 146 245 394 373 599 11 526 46 602 713 739 33 49 818 604
1249,245 394 373 599 11 142 526 46 603 772 602 713 739 34 33 649 49 808 281 818
1250,245 394 373 599 11 142 526 46 603 772 602 713 739 34 33 649 49 808 281 818
1251,6 364 407 232 777 146 245 373 599 11 526 46 602 713 739 34 33 649 818 604
1252,245 394 373 599 11 142 526 46 603 772 602 713 739 34 33 649 49 808 281 818
1253,245 394 373 599 11 142 526 46 603 772 602 713 739 34 33 649 49 808 281 818
1254,245 394 373 599 11 142 526 46 603 772 602 713 739 34 33 649 49 808 281 818
1255,245 394 373 599 11 142 526 46 603 772 602 713 739 34 33 649 49 808 281 818
1256,6 364 407 232 777 146 245 394 373 599 11 142 526 46 603 772 602 713 739 34
1257,6 364 407 232 777 146 245 394 373 599 11 142 526 46 603 772 602 713 739 34
1258,6 364 407 232 777 146 245 394 373 599 11 142 526 46 603 772 602 713 739 34
1259,6 364 407 232 777 146 245 394 373 599 11 142 526 46 603 772 602 713 739 34
1260,6 364 407 232 777 146 245 394 373 599 11 526 46 603 602 713 739 34 33 649
1261,6 364 407 232 777 146 245 394 373 599 11 142 526 46 772 602 713 739 34 33
1262,6 364 407 232 777 146 245 394 373 599 11 142 526 46 603 772 602 713 739 34
1263,6 364 407 232 777 146 245 394 373 599 11 142 526 46 603 772 602 713 739 34
1264,245 394 373 599 11 142 526 46 603 772 602 713 739 34 33 649 49 808 281 818
1265,6 364 407 232 777 146 394 142 526 603 772 602 713 739 34 33 649 49 808 281
1266,6 364 407 232 777 146 245 394 373 599 11 142 526 46 603 772 602 713 739 34
1267,6 364 407 232 777 146 245 394 373 599 11 142 526 46 603 772 602 713 739 34
1268,6 364 407 232 777 146 245 394 373 599 11 142 526 46 603 772 602 713 739 34
1269,6 364 407 232 777 146 245 394 373 599 11 142 526 46 603 772 602 713 739 34
1270,6 364 407 232 777 146 245 394 373 599 11 526 46 603 772 602 713 739 34 33
1271,245 394 373 599 11 142 526 46 603 772 602 713 739 34 33 649 49 808 281 818
1272,6 364 407 232 777 146 394 373 599 11 142 526 603 772 602 739 34 33 649 49
1273,777 146 245 394 373 599 11 142 526 46 603 772 602 713 739 34 33 649 49 808
1274,6 364 407 232 777 146 245 373 11 142 526 46 603 772 602 713 739 34 33 649
1275,777 146 245 394 373 599 11 142 526 46 603 772 602 713 739 34 33 649 49 808
1276,6 364 407 232 777 146 245 394 373 599 11 142 526 46 603 772 602 713 739 34
1277,364 245 394 373 599 11 142 526 46 603 772 602 713 739 34 33 649 49 808 281
1278,6 364 407 232 777 146 245 394 373 599 11 142 526 46 603 772 602 713 739 34
1279,6 364 407 232 777 146 245 394 373 599 11 142 526 46 603 772 602 713 739 34
1280,6 364 407 232 777 146 245 394 373 599 11 142 526 46 603 772 602 713 739 34
1281,6 364 407 232 777 146 245 394 373 599 11 142 526 46 603 772 602 713 739 34
1282,777 146 245 394 373 599 11 142 526 46 603 772 602 713 739 34 33 649 49 808
1283,6 364 407 232 777 146 245 394 373 599 11 142 526 46 603 772 602 713 739 34
1284,6 364 407 232 777 146 394 373 142 526 603 772 602 713 739 33 649 49 808 281
1285,245 394 373 599 11 142 526 46 603 772 602 713 739 34 33 649 49 808 281 818
1286,6 364 407 232 777 146 245 394 373 599 11 142 526 46 603 602 739 34 33 649
1287,6 364 407 232 777 146 245 373 142 526 603 772 602 713 739 34 33 649 49 808
1288,6 364 407 232 777 146 245 394 373 599 11 142 526 46 603 772 602 713 739 33
1289,6 364 407 232 777 146 245 599 11 142 526 46 603 772 713 739 34 33 649 49
1290,6 364 407 232 777 146 245 394 373 599 11 142 526 46 603 602 713 739 34 33
1291,6 364 407 232 777 146 245 394 373 11 142 526 46 603 772 602 713 739 34 33
1292,6 364 407 232 777 146 245 394 373 599 11 142 526 46 603 772 602 713 739 34
1293,6 364 407 232 777 146 245 394 373 599 11 142 526 603 772 602 713 739 34 33
1294,245 394 373 599 11 142 526 46 603 772 602 713 739 34 33 649 49 808 281 818
1295,6 364 407 232 777 146 394 373 599 11 142 526 46 603 602 713 739 34 33 649
1296,245 394 373 599 11 142 526 46 603 772 602 713 739 34 33 649 49 808 281 818
1297,6 364 407 232 777 146 245 394 373 599 11 142 526 46 603 772 602 713 739 34
1298,6 364 407 232 777 146 394 373 599 11 526 46 603 772 602 713 34 33 649 49
1299,6 364 407 232 777 146 245 394 373 599 11 142 526 46 603 772 602 713 739 34
1300,6 364 407 232 777 146 245 394 373 599 11 142 526 46 603 772 602 713 739 34
1301,6 364 407 232 777 146 245 394 373 142 526 603 772 602 713 739 34 649 49 808
1302,245 394 373 599 11 142 526 46 603 772 602 713 739 34 33 649 49 808 281 818
1303,6 364 407 232 777 146 394 373 599 11 142 526 46 603 772 602 713 739 34 33
1304,6 364 407 232 777 146 245 394 373 599 11 142 526 46 603 772 602 713 739 34
1305,6 364 407 232 777 146 373 11 142 526 46 603 772 602 713 739 34 33 649 49
1306,6 364 407 232 777 146 142 603 772 602 713 739 34 33 649 49 808 281 818 604
1307,6 364 407 232 777 146 245 373 599 11 142 526 46 772 602 739 34 33 649 49
1308,6 364 407 232 777 146 394 11 142 526 603 772 602 713 739 34 33 649 49 808
1309,6 364 407 232 777 146 245 394 373 599 11 142 526 46 603 772 602 713 739 34
1310,6 364 407 232 777 146 245 394 373 599 11 142 526 46 603 772 602 713 739 34
1311,245 394 373 599 11 142 526 46 603 772 602 713 739 34 33 649 49 808 281 818
1312,245 394 373 599 11 142 526 46 603 772 602 713 739 34 33 649 49 808 281 818
1313,6 364 407 232 777 146 245 394 373 599 11 142 526 46 603 772 602 713 739 34
1314,6 364 407 232 777 146 245 394 373 599 11 142 526 46 603 772 602 713 739 34
1315,6 364 407 232 777 146 394 599 11 142 526 46 603 772 602 713 739 34 33 649
1316,6 364 407 232 777 146 245 394 373 599 11 142 46 603 772 602 713 34 33 649
1317,6 364 407 232 777 146 245 394 373 599 11 142 526 46 603 772 602 713 739 34
1318,6 364 407 232 777 146 245 394 373 599 11 142 526 46 603 772 602 713 739 34
1319,6 364 407 232 777 146 245 394 373 599 11 142 526 46 603 772 602 713 739 34
1320,6 364 407 232 777 146 245 394 373 599 11 142 526 46 603 772 602 713 739 34
1321,6 364 407 232 777 146 245 394 373 599 11 142 526 46 603 772 602 713 739 34
1322,6 364 407 232 777 146 245 394 373 599 11 142 526 46 603 772 602 713 739 34
1323,6 364 407 232 777 146 245 394 373 599 11 142 526 46 603 772 713 739 34 33
1324,6 364 407 232 777 146 245 394 373 599 11 142 526 46 603 772 602 713 739 34
1325,6 364 407 232 777 146 245 394 373 599 11 142 526 46 603 772 602 713 739 34
1326,6 364 407 232 777 146 245 394 373 599 11 142 526 46 603 772 602 713 739 34
1327,245 394 373 599 11 142 526 46 603 772 602 713 739 34 33 649 49 808 281 818
1328,6 364 407 232 777 146 245 394 373 599 11 142 526 46 603 772 602 713 739 34
1329,6 364 407 232 777 146 245 394 373 599 11 142 526 46 603 772 602 713 739 34
1330,6 364 407 232 777 146 245 394 373 599 11 142 526 46 603 772 602 713 739 34
1331,6 364 407 232 777 146 245 394 373 599 11 526 46 602 713 739 34 33 649 49
1332,6 364 407 232 777 146 245 394 373 599 11 142 526 46 603 772 602 713 739 34
1333,6 364 407 232 777 146 245 394 373 599 11 142 526 46 603 772 602 713 739 34
1334,6 364 407 232 777 146 245 394 373 599 11 142 526 46 603 772 602 713 739 34
1335,6 364 407 232 777 146 245 394 373 599 11 142 526 46 603 772 602 713 739 34
1336,6 364 407 232 777 146 245 394 373 599 11 142 526 46 603 772 602 713 739 34
1337,6 364 407 232 777 146 245 394 373 599 11 142 526 46 603 772 602 713 739 34
1338,6 364 407 232 777 146 245 394 373 599 11 142 526 46 603 772 602 713 739 34
1339,245 394 373 599 11 142 526 46 603 772 602 713 739 34 33 649 49 808 281 818
1340,6 364 407 232 777 146 245 394 373 599 11 142 526 46 603 772 602 713 739 34
1341,6 364 407 232 777 146 245 394 373 599 11 142 526 46 603 772 713 739 34 33
1342,6 364 407 232 777 146 245 394 373 599 11 142 526 46 603 772 602 713 739 34
1343,6 364 407 232 777 146 245 394 373 11 142 526 46 603 772 602 713 739 34 33
1344,6 364 407 232 777 146 245 394 373 599 11 142 526 46 603 772 713 739 34 33
1345,6 364 407 232 777 146 245 394 373 599 11 142 526 46 603 772 602 713 34 33
1346,6 364 407 232 777 146 245 373 142 526 46 603 772 602 713 34 33 649 49 808
1347,6 364 407 232 777 146 245 394 373 599 11 142 526 46 603 772 602 739 34 33
1348,6 364 407 232 777 146 245 394 373 599 11 142 526 46 603 772 602 713 739 34
1349,245 394 373 599 11 142 526 46 603 772 602 713 739 34 33 649 49 808 281 818
1350,6 364 407 232 777 146 245 394 373 599 11 142 526 46 603 772 602 713 739 34
1351,6 364 407 232 777 146 245 394 373 599 11 142 526 46 603 772 602 713 739 34
1352,6 364 407 232 777 146 245 394 373 599 11 142 526 46 603 772 602 713 739 33
1353,6 364 407 232 777 146 245 394 373 599 11 142 526 46 603 772 602 713 739 34
1354,245 394 373 599 11 142 526 46 603 772 602 713 739 34 33 649 49 808 281 818
1355,6 364 407 232 777 146 245 394 373 142 526 46 603 772 602 739 34 33 649 49
1356,6 364 407 232 777 146 245 394 373 599 11 142 526 46 603 772 602 713 739 34
1357,6 364 407 232 777 146 245 394 373 599 11 142 526 46 603 772 602 713 739 34
1358,6 364 407 232 777 146 245 394 373 599 11 142 526 46 603 772 713 739 34 33
1359,245 394 373 599 11 142 526 46 603 772 602 713 739 34 33 649 49 808 281 818
1360,245 394 373 599 11 142 526 46 603 772 602 713 739 34 33 649 49 808 281 818
1361,6 364 407 232 777 146 599 11 142 526 46 603 772 602 713 739 34 33 649 49
1362,6 364 407 232 777 146 394 599 526 46 603 772 602 713 739 34 33 649 49 808
1363,245 394 373 599 11 142 526 46 603 772 602 713 739 34 33 649 49 808 281 818
1364,6 364 407 232 777 146 245 394 373 599 11 142 526 46 603 772 602 713 739 34
1365,6 364 407 232 777 146 245 394 373 599 11 142 526 46 603 772 602 713 739 34
1366,245 394 373 599 11 142 526 46 603 772 602 713 739 34 33 649 49 808 281 818
1367,6 364 407 232 777 146 245 394 373 599 11 142 603 772 602 713 739 34 33 649
1368,6 364 407 232 777 146 245 394 373 599 11 142 526 46 603 772 602 713 739 34
1369,6 364 407 232 777 146 245 394 373 599 11 142 526 46 603 772 602 713 739 34
1370,6 364 407 232 777 146 245 394 373 599 11 142 526 46 603 772 602 713 739 34
1371,777 146 245 394 373 599 11 142 526 46 603 772 602 713 739 34 33 649 49 808
1372,6 364 407 232 777 146 245 394 373 599 11 142 526 46 603 772 602 713 739 34
1373,6 364 407 232 777 146 245 599 142 526 46 603 772 602 713 739 34 33 649 49
1374,6 364 407 232 777 146 245 394 373 599 11 142 526 46 603 772 602 713 739 34
1375,6 364 407 232 777 146 245 142 526 46 603 772 602 713 739 34 33 649 49 808
1376,6 364 407 232 777 146 245 394 373 599 11 142 46 603 772 713 739 34 33 649
1377,6 364 407 232 777 146 245 394 373 599 11 142 526 46 603 772 602 739 34 33
1378,6 364 407 232 777 146 245 394 373 599 11 142 526 46 603 772 602 713 739 34
1379,6 364 407 232 777 146 245 394 373 11 142 526 46 603 772 602 713 34 33 649
1380,6 364 407 232 777 146 245 394 373 599 11 142 526 46 603 772 602 713 739 34
1381,6 364 407 232 777 146 599 142 526 603 772 602 713 739 33 649 49 808 281 818
1382,6 364 407 232 777 146 245 394 599 526 46 603 772 602 713 739 34 33 649 49
1383,6 364 407 232 777 146 245 394 373 599 11 142 526 46 603 772 602 713 739 34
1384,245 394 373 599 11 142 526 46 603 772 602 713 739 34 33 649 49 808 281 818
1385,245 394 373 599 11 142 526 46 603 772 602 713 739 34 33 649 49 808 281 818
1386,6 364 407 232 777 146 245 394 373 599 11 142 526 46 603 772 602 713 739 34
1387,245 394 373 599 11 142 526 46 603 772 602 713 739 34 33 649 49 808 281 818
1388,245 394 373 599 11 142 526 46 603 772 602 713 739 34 33 649 49 808 281 818
1389,6 364 407 232 777 146 245 394 373 599 11 142 526 46 603 772 602 739 34 649
1390,6 364 407 232 777 146 245 394 599 11 526 46 603 772 602 739 34 33 649 49
1391,6 364 407 232 777 146 394 373 599 142 526 46 603 772 602 713 739 34 33 649
1392,6 364 407 232 777 146 245 373 599 11 142 526 46 603 772 602 713 739 34 33
1393,245 394 373 599 11 142 526 46 603 772 602 713 739 34 33 649 49 808 281 818
1394,6 364 407 232 777 146 245 394 373 599 11 142 526 46 603 772 602 713 739 34
1395,245 394 373 599 11 142 526 46 603 772 602 713 739 34 33 649 49 808 281 818
1396,6 364 407 232 777 146 245 394 373 599 11 142 526 46 603 772 602 713 739 34
1397,245 394 373 599 11 142 526 46 603 772 602 713 739 34 33 649 49 808 281 818
1398,245 394 373 599 11 142 526 46 603 772 602 713 739 34 33 649 49 808 281 818
1399,6 364 407 232 777 146 245 394 373 599 11 142 526 46 603 772 602 713 739 34
1400,245 394 373 599 11 142 526 46 603 772 602 713 739 34 33 649 49 808 281 818
1401,6 364 407 232 777 146 245 394 373 599 11 142 526 46 603 772 602 713 739 34
1402,245 394 373 599 11 142 526 46 603 772 602 713 739 34 33 649 49 808 281 818
1403,6 364 407 232 777 146 245 394 373 599 11 142 526 46 603 772 602 713 739 34
1404,6 364 407 232 777 146 245 394 373 599 11 142 526 46 603 772 602 713 739 34
1405,6 364 407 232 777 146 245 394 373 599 11 142 526 46 603 772 602 713 739 34
1406,6 364 407 232 777 146 245 394 373 599 11 142 526 46 603 772 602 713 739 34
1407,6 364 407 232 777 146 245 394 11 142 526 46 603 772 602 713 739 34 33 649
1408,6 364 407 232 777 146 245 394 373 599 11 142 526 46 603 772 602 713 739 34
1409,245 394 373 599 11 142 526 46 603 772 602 713 739 34 33 649 49 808 281 818
1410,6 364 407 232 777 146 245 394 373 599 11 142 526 46 603 772 602 713 739 34
1411,245 394 373 599 11 142 526 46 603 772 602 713 739 34 33 649 49 808 281 818
1412,6 364 407 232 777 146 245 394 373 599 11 142 526 46 603 772 602 713 739 34
1413,245 394 373 599 11 142 526 46 603 772 602 713 739 34 33 649 49 808 281 818
1414,6 364 407 232 777 146 245 394 373 599 11 142 526 46 603 772 602 713 739 34
1415,6 364 407 232 777 146 245 394 373 599 11 142 526 46 603 772 602 713 739 34
1416,6 364 407 232 777 146 245 394 373 599 11 142 526 46 603 772 602 713 739 34
1417,6 364 407 232 777 146 245 394 373 599 11 142 526 46 603 772 602 713 739 34
1418,6 364 407 232 777 146 245 394 373 599 11 142 526 46 603 772 602 713 739 34
1419,6 364 407 232 777 146 373 142 526 603 772 602 713 739 34 33 649 808 281 818
1420,6 364 407 232 777 146 245 394 373 599 11 142 526 46 603 772 713 739 33 649
1421,6 364 407 232 777 146 245 394 373 599 11 142 526 46 603 602 713 739 34 33
1422,6 364 407 232 777 146 245 394 373 599 11 142 526 46 603 772 602 713 739 34
1423,6 364 407 232 777 146 245 394 373 599 11 142 526 46 603 772 602 713 739 34
1424,6 364 407 232 777 146 245 394 373 599 11 142 526 46 603 772 602 713 739 34
1425,6 364 407 232 777 146 245 394 373 599 11 142 526 46 603 772 602 713 739 34
1426,6 364 407 232 777 146 245 394 373 599 11 142 526 46 603 772 602 713 739 34
1427,6 364 407 232 777 146 245 394 373 599 11 142 526 46 603 772 602 713 739 34
1428,6 364 407 232 777 146 245 394 373 599 11 142 526 46 603 772 602 739 34 33
1429,6 364 407 232 777 146 245 394 373 599 11 142 526 46 603 772 713 739 34 33
1430,6 364 407 232 777 146 245 394 373 599 11 526 46 603 772 602 713 739 34 33
1431,6 364 407 232 777 146 245 394 373 599 11 142 526 46 603 772 602 713 34 33
1432,6 364 407 232 777 146 245 394 373 599 11 142 526 46 603 772 602 713 739 34
1433,6 364 407 232 777 146 245 394 373 599 11 142 526 46 603 772 602 713 739 34
1434,6 364 407 232 777 146 245 394 373 599 11 526 46 603 772 602 713 739 34 33
1435,245 394 373 599 11 142 526 46 603 772 602 713 739 34 33 649 49 808 281 818
1436,6 364 407 232 777 146 245 394 373 599 11 142 526 46 603 772 602 713 739 34
1437,6 364 407 232 777 146 245 394 373 599 11 526 46 603 772 602 713 739 34 33
1438,245 394 373 599 11 142 526 46 603 772 602 713 739 34 33 649 49 808 281 818
1439,6 364 407 232 777 146 245 394 373 599 11 142 526 46 603 772 602 713 739 34
1440,6 364 407 232 777 146 245 394 373 599 11 142 526 46 603 772 602 713 739 34
1441,245 394 373 599 11 142 526 46 603 772 602 713 739 34 33 649 49 808 281 818
1442,6 364 407 232 777 146 394 373 599 11 142 526 46 603 772 602 713 739 34 33
1443,6 364 407 232 777 146 373 599 11 526 46 603 772 602 739 34 33 649 49 808
1444,6 364 407 232 777 146 245 394 373 599 11 142 526 46 603 772 602 713 739 34
1445,6 364 407 232 777 146 245 599 11 142 526 46 603 772 602 713 739 34 33 649
1446,6 364 407 232 777 146 245 394 373 599 11 142 526 46 603 772 602 713 739 34
1447,6 364 407 232 777 146 245 394 373 599 11 142 526 46 603 772 602 713 739 34
1448,6 364 407 232 777 146 245 373 599 11 142 526 603 772 602 713 739 34 33 649
1449,6 364 407 232 777 146 245 394 373 599 11 142 46 603 772 713 739 34 33 649
1450,6 364 407 232 777 146 394 373 599 11 142 526 46 603 772 602 713 739 34 33
1451,6 364 407 232 777 146 245 394 373 599 11 142 526 46 603 772 602 713 739 34
1452,6 364 407 232 777 146 245 373 599 526 603 772 602 713 739 34 33 649 49 808
1453,6 364 407 232 777 146 245 394 373 599 11 142 526 46 603 772 602 739 34 33
1454,6 364 407 232 777 146 245 394 373 599 11 142 46 603 772 602 713 739 34 649
1455,245 394 373 599 11 142 526 46 603 772 602 713 739 34 33 649 49 808 281 818
1456,6 364 407 232 777 146 245 394 373 599 11 142 526 46 603 772 602 713 739 34
1457,245 394 373 599 11 142 526 46 603 772 602 713 739 34 33 649 49 808 281 818
1458,6 364 407 232 777 146 142 526 46 603 602 713 739 34 33 649 49 808 281 818
1459,6 364 407 232 777 146 599 46 603 602 739 34 33 649 49 281 604 349 367 5
1460,6 364 407 232 777 146 245 394 373 599 11 142 526 46 603 772 602 713 739 34
1461,6 364 407 232 777 146 245 373 11 142 526 46 772 602 713 739 34 33 649 49
1462,6 364 407 232 777 146 245 394 373 599 11 142 526 46 603 602 713 739 34 33
1463,245 394 373 599 11 142 526 46 603 772 602 713 739 34 33 649 49 808 281 818
1464,6 364 407 232 777 146 245 394 373 599 11 142 526 46 603 772 602 713 739 34
1465,6 364 407 232 777 146 245 394 373 599 11 142 526 46 603 772 602 713 739 34
1466,245 394 373 599 11 142 526 46 603 772 602 713 739 34 33 649 49 808 281 818
1467,6 364 407 232 777 146 245 394 373 599 11 526 46 603 772 602 713 739 34 33
1468,6 364 407 232 777 146 142 526 603 772 602 713 739 33 649 808 281 818 604 313
1469,6 364 407 232 777 146 245 394 373 599 11 142 526 46 603 772 602 739 34 33
1470,6 364 407 232 777 146 245 394 373 599 142 526 46 603 772 602 713 739 34 649
1471,6 364 407 232 777 146 245 394 373 599 11 142 526 46 603 602 713 739 34 33
1472,6 364 407 232 777 146 245 394 373 599 11 142 526 46 603 772 602 713 739 33
1473,6 364 407 232 777 146 245 394 373 599 11 142 526 46 603 772 602 713 739 34
1474,6 364 407 232 777 146 245 394 373 599 11 142 526 46 603 772 602 713 739 34
1475,6 364 407 232 777 146 245 394 373 599 11 142 526 46 603 772 602 713 739 34
1476,6 364 407 232 777 146 245 394 373 599 11 142 526 46 603 772 602 713 739 34
1477,6 364 407 232 777 146 245 373 599 11 142 526 46 603 772 602 739 34 33 649
1478,6 364 407 232 777 146 245 394 373 599 11 142 526 603 772 602 713 739 34 33
1479,6 364 407 232 777 146 245 394 373 599 11 142 526 46 603 772 602 713 739 34
1480,6 364 407 232 777 146 245 394 373 599 11 142 526 46 603 772 602 713 739 34
1481,6 364 407 232 777 146 245 394 373 599 11 142 526 46 603 772 602 713 739 34
1482,6 364 407 232 777 146 245 394 599 11 142 526 46 603 772 602 713 739 34 33
1483,6 364 407 232 777 146 394 142 526 46 603 713 739 34 33 649 49 808 281 818
1484,6 364 407 232 777 146 245 394 373 599 11 142 526 46 603 772 602 713 739 34
1485,245 394 373 599 11 142 526 46 603 772 602 713 739 34 33 649 49 808 281 818
1486,6 364 407 232 777 146 245 394 373 599 11 142 526 46 772 602 713 739 34 33
1487,6 364 407 232 777 146 245 394 373 599 11 142 526 46 603 772 602 713 739 34
1488,6 364 407 232 777 146 245 394 599 11 142 526 46 603 772 602 713 34 33 649
1489,6 364 407 232 777 146 245 599 11 142 526 46 603 772 602 713 739 34 33 649
1490,6 364 407 232 777 146 245 394 373 599 11 142 526 46 603 772 602 713 739 34
1491,6 364 407 232 777 146 245 394 373 599 11 142 526 46 603 772 602 713 739 34
1492,6 364 407 232 777 146 245 394 373 599 11 142 526 46 603 772 602 713 739 34
1493,6 364 407 232 777 146 245 394 373 599 11 142 526 46 603 772 602 713 739 34
1494,6 364 407 232 777 146 245 394 373 599 11 142 526 46 603 772 602 713 739 34
1495,6 364 407 232 777 146 245 394 373 599 11 142 526 46 603 772 602 713 739 34
1496,6 364 407 232 777 146 245 394 373 599 11 142 526 46 603 772 602 713 739 34
1497,6 364 407 232 777 146 373 11 142 526 46 603 772 602 713 739 34 33 649 49
1498,6 364 407 232 777 146 245 394 373 599 11 142 526 46 603 772 602 713 739 34
1499,245 394 373 599 11 142 526 46 603 772 602 713 739 34 33 649 49 808 281 818
1500,6 364 407 232 777 146 245 394 373 599 11 142 526 46 603 772 602 713 739 34
1501,6 364 407 232 777 146 245 394 373 599 11 142 526 46 603 772 602 713 739 34
1502,245 394 373 599 11 142 526 46 603 772 602 713 739 34 33 649 49 808 281 818
1503,245 394 373 599 11 142 526 46 603 772 602 713 739 34 33 649 49 808 281 818
1504,245 394 373 599 11 142 526 46 603 772 602 713 739 34 33 649 49 808 281 818
1505,245 394 373 599 11 142 526 46 603 772 602 713 739 34 33 649 49 808 281 818
1506,6 364 407 232 777 146 245 394 373 599 11 142 526 46 603 772 602 713 739 34
1507,6 364 407 232 777 146 245 394 373 599 11 142 526 46 603 772 602 713 739 34
1508,6 364 407 232 777 146 245 394 373 599 11 142 526 46 603 772 602 713 739 34
1509,6 364 407 232 777 146 245 394 373 599 11 526 46 602 713 739 33 649 49 818
1510,6 364 407 232 777 146 245 394 373 11 142 526 46 603 772 602 713 739 34 33
1511,6 364 407 232 777 146 245 394 373 599 11 142 526 46 603 772 602 713 739 34
1512,6 364 407 232 777 146 245 394 373 599 11 142 526 46 603 772 602 713 739 34
1513,6 364 407 232 777 146 11 142 526 46 603 772 602 739 34 33 649 49 281 818
1514,6 364 407 232 777 146 245 394 373 599 11 142 526 46 603 772 602 713 739 34
1515,6 364 407 232 777 146 245 394 373 599 11 142 526 46 603 772 602 713 739 34
1516,245 394 373 599 11 142 526 46 603 772 602 713 739 34 33 649 49 808 281 818
1517,245 394 373 599 11 142 526 46 603 772 602 713 739 34 33 649 49 808 281 818
1518,6 364 407 232 777 146 245 394 373 599 11 142 526 46 603 772 713 739 34 33
1519,6 364 407 232 777 146 245 394 373 599 11 142 526 46 603 772 602 739 34 33
1520,245 394 373 599 11 142 526 46 603 772 602 713 739 34 33 649 49 808 281 818
1521,6 364 407 232 777 146 245 394 373 599 11 142 526 46 603 772 602 713 739 34
1522,245 394 373 599 11 142 526 46 603 772 602 713 739 34 33 649 49 808 281 818
1523,6 364 407 232 777 146 245 394 373 599 11 142 526 46 603 772 602 713 739 34
1524,245 394 373 599 11 142 526 46 603 772 602 713 739 34 33 649 49 808 281 818
1525,245 394 373 599 11 142 526 46 603 772 602 713 739 34 33 649 49 808 281 818
1526,245 394 373 599 11 142 526 46 603 772 602 713 739 34 33 649 49 808 281 818
1527,6 364 407 232 777 146 245 394 373 599 11 142 526 46 603 772 602 713 739 34
1528,6 364 407 232 777 146 245 394 373 599 11 142 526 46 603 772 602 713 739 34
1529,6 364 407 232 777 146 245 394 373 599 11 142 526 46 603 772 602 713 739 34
1530,6 364 407 232 777 146 245 394 373 599 11 526 46 772 602 713 739 34 33 649
1531,6 364 407 232 777 146 245 394 373 599 11 142 526 46 603 772 602 713 739 34
1532,6 364 407 232 777 146 245 394 373 599 11 142 526 46 603 772 602 713 739 34
1533,6 364 407 232 777 146 245 394 373 599 11 142 526 46 603 772 602 739 34 33
1534,6 364 407 232 777 146 245 394 373 599 11 142 526 46 603 772 602 713 739 34
1535,6 364 407 232 777 146 245 394 373 599 11 142 526 46 603 772 602 713 739 34
1536,6 364 407 232 777 146 245 394 373 599 11 142 526 46 603 772 602 713 739 34
1537,6 364 407 232 777 146 245 394 373 599 11 142 526 46 603 602 713 739 34 33
1538,6 364 407 232 777 146 245 394 373 599 11 142 526 46 603 772 602 713 739 34
1539,245 394 373 599 11 142 526 46 603 772 602 713 739 34 33 649 49 808 281 818
1540,6 364 407 232 777 146 394 599 11 142 46 603 772 602 713 739 34 33 649 808
1541,6 364 407 232 777 146 245 394 373 599 11 142 526 46 603 772 602 713 739 34
1542,245 394 373 599 11 142 526 46 603 772 602 713 739 34 33 649 49 808 281 818
1543,245 394 373 599 11 142 526 46 603 772 602 713 739 34 33 649 49 808 281 818
1544,245 394 373 599 11 142 526 46 603 772 602 713 739 34 33 649 808 281 818 604
1545,6 364 407 232 777 146 245 394 373 599 11 142 526 46 603 772 602 713 739 34
1546,245 394 373 599 11 142 526 46 603 772 602 713 739 34 33 649 49 808 281 818
1547,6 364 407 232 777 146 245 394 373 599 11 142 526 46 603 772 602 713 739 34
1548,245 394 373 599 11 142 526 46 603 772 602 713 739 34 33 649 49 808 281 818
1549,6 364 407 232 777 146 245 394 373 599 142 526 46 603 772 602 713 739 34 33
1550,245 394 373 599 11 142 526 46 603 772 602 713 739 34 33 649 49 808 281 818
1551,6 364 407 232 777 146 245 394 373 599 11 142 526 46 603 772 602 713 739 34
1552,6 364 407 232 777 146 245 394 373 599 11 142 526 46 603 772 602 713 739 34
1553,6 364 407 232 777 146 245 394 373 599 11 142 526 46 603 772 602 713 739 34
1554,6 364 407 232 777 146 245 394 373 599 142 46 772 602 713 34 33 649 49 808
1555,6 364 407 232 777 146 245 373 11 142 526 46 603 772 602 739 34 33 649 49
1556,245 394 373 599 11 142 526 46 603 772 602 713 739 34 33 649 49 808 281 818
1557,6 364 407 232 777 146 245 394 373 599 11 142 526 46 603 772 602 713 739 34
1558,6 364 407 232 777 146 245 373 599 11 142 526 46 603 772 602 713 739 34 33
1559,245 394 373 599 11 142 526 46 603 772 602 713 739 34 33 649 49 808 281 818
1560,6 364 407 232 777 146 245 394 373 599 11 142 526 46 603 772 602 713 739 34
1561,6 364 407 232 777 146 245 394 373 599 11 142 526 46 603 772 602 713 739 34
1562,245 394 373 599 11 142 526 46 603 772 602 713 739 34 33 649 49 808 281 818
1563,6 364 407 232 777 146 245 394 373 11 142 526 46 603 772 602 713 34 33 649
1564,245 394 373 599 11 142 526 46 603 772 602 713 739 34 33 649 49 808 281 818
1565,6 364 407 232 777 146 245 394 373 599 11 142 526 46 603 772 602 713 739 34
1566,6 364 407 232 777 146 245 394 373 599 11 142 46 603 772 602 713 739 34 33
1567,6 364 407 232 777 146 245 394 373 599 11 142 526 46 603 772 602 713 739 34
1568,245 394 373 599 11 142 526 46 603 772 602 713 739 34 33 649 49 808 281 818
1569,6 364 407 232 777 146 245 394 373 599 11 142 526 46 603 772 602 713 739 34
1570,245 394 373 599 11 142 526 46 603 772 602 713 739 34 33 649 49 808 281 818
1571,6 364 407 232 777 146 245 394 373 599 11 142 526 46 603 772 602 713 739 34
1572,6 364 407 232 777 146 245 394 373 599 11 142 526 46 603 772 602 713 739 34
1573,245 394 373 599 11 142 526 46 603 772 602 713 739 34 33 649 49 808 281 818
1574,6 364 407 232 777 146 245 394 373 599 11 142 526 46 603 772 602 713 739 34
1575,6 364 407 232 777 146 245 394 373 599 11 142 526 46 603 772 602 713 739 34
1576,6 364 407 232 777 146 245 394 373 599 11 142 526 46 603 772 602 713 739 34
1577,6 364 407 232 777 146 394 599 11 142 526 46 603 772 602 739 34 33 649 49
1578,6 364 407 232 777 146 245 394 373 599 11 142 526 46 603 772 602 713 739 34
1579,6 364 407 232 777 146 245 394 373 599 11 142 526 46 603 772 602 713 739 34
1580,245 394 373 599 11 142 526 46 603 772 602 713 739 34 33 649 49 808 281 818
1581,6 364 407 232 777 146 245 394 373 599 11 142 526 46 603 772 602 713 739 34
1582,6 364 407 232 777 146 245 394 373 599 11 142 526 46 603 772 602 713 739 34
1583,6 364 407 232 777 146 11 526 46 603 772 602 713 739 34 33 649 49 808 281
1584,6 364 407 232 777 146 245 394 373 599 11 142 526 46 603 602 713 739 34 33
1585,6 364 407 232 777 146 245 394 373 599 11 142 526 46 603 772 602 713 739 34
1586,6 364 407 232 777 146 245 394 373 599 11 142 526 46 603 772 602 713 739 34
1587,245 394 373 599 11 142 526 46 603 772 602 713 739 34 33 649 49 808 281 818
1588,6 364 407 232 777 146 394 373 142 526 46 603 772 602 713 739 34 33 649 49
1589,6 364 407 232 777 146 245 394 373 599 11 142 526 46 603 772 602 713 739 34
1590,6 364 407 232 777 146 245 373 599 11 142 526 46 603 772 602 713 739 34 33
1591,6 364 407 232 777 146 599 142 46 603 713 739 34 33 649 49 808 281 818 604
1592,6 364 407 232 777 146 245 394 373 599 11 142 526 46 603 772 602 713 739 34
1593,6 364 407 232 777 146 245 394 373 599 11 142 526 46 603 772 602 713 739 34
1594,245 394 373 599 11 142 526 46 603 772 602 713 739 34 33 649 49 808 281 818
1595,6 364 407 232 777 146 245 394 373 599 11 142 526 46 603 772 602 713 739 34
1596,6 364 407 232 777 146 245 373 599 11 142 526 46 603 772 602 713 739 34 33
1597,6 364 407 232 777 146 245 394 373 599 11 526 46 603 602 713 739 34 33 649
1598,6 364 407 232 777 146 245 394 373 599 11 142 526 46 603 772 602 713 739 34
1599,6 364 407 232 777 146 245 394 373 599 11 142 526 46 603 772 602 713 739 34
1600,6 364 407 232 777 146 245 394 373 599 11 142 526 46 603 772 602 713 739 34
1601,6 364 407 232 777 146 599 11 142 46 603 772 602 713 739 34 33 649 49 808
1602,6 364 407 232 777 146 142 526 46 603 772 739 34 33 649 49 281 818 604 349
1603,245 394 373 599 11 142 526 46 603 772 602 713 739 34 33 649 49 808 281 818
1604,6 364 407 232 777 146 245 394 373 599 11 142 526 46 603 772 602 713 739 34
1605,6 364 407 232 777 146 245 394 373 599 11 142 526 46 603 772 602 713 739 34
1606,6 364 407 232 777 146 245 373 599 11 142 526 46 603 772 602 713 739 34 33
1607,6 364 407 232 777 146 245 394 373 599 11 142 526 46 603 772 602 713 739 34
1608,6 364 407 232 777 146 245 394 373 599 11 142 526 46 603 772 602 713 739 33
1609,245 394 373 599 11 142 526 46 603 772 602 713 739 34 33 649 49 808 281 818
1610,6 364 407 232 777 146 245 394 373 599 11 142 526 46 603 772 602 713 739 33
1611,245 394 373 599 11 142 526 46 603 772 602 713 739 34 33 649 49 808 281 818
1612,6 364 407 232 777 146 245 394 373 599 11 142 526 46 603 772 602 713 739 34
1613,245 394 373 599 11 142 526 46 603 772 602 713 739 34 33 649 49 808 281 818
1614,6 364 407 232 777 146 245 394 373 599 11 142 526 46 603 772 602 713 739 34
1615,6 364 407 232 777 146 245 394 373 599 11 142 526 46 603 772 602 713 739 34
1616,6 364 407 232 777 146 245 394 373 599 11 142 526 46 603 772 602 713 739 34
1617,245 394 373 599 11 142 526 46 603 772 602 713 739 34 33 649 49 808 281 818
1618,6 364 407 232 777 146 245 394 373 599 11 142 526 46 603 772 602 713 739 34
1619,245 394 373 599 11 142 526 46 603 772 602 713 739 34 33 649 49 808 281 818
1620,6 364 407 232 777 146 245 394 373 599 11 142 526 46 603 772 602 713 739 33
1621,6 364 407 232 777 146 394 373 11 142 526 46 603 772 713 739 34 33 649 49
1622,245 394 373 599 11 142 526 46 603 772 602 713 739 34 33 649 49 808 281 818
1623,6 364 407 232 777 146 245 394 373 599 11 142 526 46 603 772 602 713 739 34
1624,6 364 407 232 777 146 245 394 373 599 11 142 526 46 603 772 602 713 739 34
1625,6 364 407 232 777 146 245 394 373 599 11 142 526 46 603 772 602 713 739 34
1626,6 364 407 232 777 146 245 394 373 599 11 142 526 46 603 772 602 713 739 34
1627,6 364 407 232 777 146 245 394 373 599 11 142 526 46 603 772 602 713 739 34
1628,245 394 373 599 11 142 526 46 603 772 602 713 739 34 33 649 49 808 281 818
1629,6 364 407 232 777 146 245 394 373 599 11 142 526 46 603 772 602 713 739 34
1630,245 394 373 599 11 142 526 46 603 772 602 713 739 34 33 649 49 808 281 818
1631,245 394 373 599 11 142 526 46 603 772 602 713 739 34 33 649 49 808 281 818
1632,6 364 407 232 777 146 245 11 142 46 603 772 602 713 739 33 649 49 808 281
1633,6 364 407 232 777 146 245 394 373 599 11 142 526 46 603 772 602 713 739 34
1634,6 364 407 232 777 146 394 373 599 46 602 713 739 34 33 649 49 818 604 313
1635,6 364 407 232 777 146 245 394 373 599 11 142 526 46 603 772 602 713 739 34
1636,6 364 407 232 777 146 11 142 526 46 603 772 602 713 739 34 33 649 49 808
1637,6 364 407 232 777 146 245 373 599 11 142 526 46 603 772 602 713 739 34 33
1638,245 394 373 599 11 142 526 46 603 772 602 713 739 34 33 649 49 808 281 818
1639,245 394 373 599 11 142 526 46 603 772 602 713 739 34 33 649 49 808 281 818
1640,6 364 407 232 777 146 245 394 373 599 11 142 526 46 603 772 602 713 739 34
1641,6 364 407 232 777 146 245 394 373 599 11 142 526 46 603 772 602 713 739 34
1642,6 364 407 232 777 146 245 394 373 599 11 142 526 46 603 772 602 713 739 34
1643,6 364 407 232 777 146 245 394 373 599 11 142 526 46 603 772 602 713 739 34
1644,6 364 407 232 777 146 245 394 373 599 11 142 526 46 603 772 602 713 739 34
1645,6 364 407 232 777 146 245 394 373 599 11 142 526 46 603 772 602 713 739 34
1646,6 364 407 232 777 146 245 394 373 599 11 142 526 46 603 772 602 713 739 34
1647,6 364 407 232 777 146 394 373 599 11 142 46 603 772 602 713 739 34 33 649
1648,6 364 407 232 777 146 245 394 599 142 526 46 603 772 602 713 739 34 33 649
1649,6 364 407 232 777 146 245 394 11 142 46 603 772 739 34 33 649 49 808 281
1650,245 394 373 599 11 142 526 46 603 772 602 713 739 34 33 649 49 808 281 818
1651,6 364 407 232 777 146 394 373 599 11 142 526 603 772 602 739 33 649 49 808
1652,6 364 407 232 777 146 245 394 373 599 11 526 46 772 602 713 739 34 33 649
1653,245 394 373 599 11 142 526 46 603 772 602 713 739 34 33 649 49 808 281 818
1654,245 394 373 599 11 142 526 46 603 772 602 713 739 34 33 649 49 808 281 818
1655,6 364 407 232 777 146 245 394 373 599 11 142 526 46 603 772 602 713 739 34
1656,6 364 407 232 777 146 245 394 373 599 11 142 526 46 603 772 602 713 739 34
1657,245 394 373 599 11 142 526 46 603 772 602 713 739 34 33 649 49 808 281 818
1658,6 364 407 232 777 146 245 394 373 599 11 142 526 46 603 772 602 713 739 34
1659,245 394 373 599 11 142 526 46 603 772 602 713 739 34 33 649 49 808 281 818
1660,6 364 407 232 777 146 245 394 373 599 11 142 526 46 603 772 602 713 739 34
1661,6 364 407 232 777 146 245 394 373 599 11 46 713 34 33 649 808 281 818 604
1662,6 364 407 232 777 146 245 394 599 11 142 526 46 603 772 602 713 739 34 33
1663,6 364 407 232 777 146 245 394 373 599 11 142 526 46 603 772 602 713 739 34
1664,6 364 407 232 777 146 394 373 11 142 603 772 602 713 739 34 33 649 49 808
1665,6 364 407 232 777 146 245 394 373 599 11 142 526 46 603 772 602 713 739 34
1666,6 364 407 232 777 146 245 394 373 599 11 142 526 46 603 772 602 713 739 34
1667,6 364 407 232 777 146 245 394 373 599 11 142 526 46 772 602 713 739 34 33
1668,245 394 373 599 11 142 526 46 603 772 602 713 739 34 33 649 49 808 281 818
1669,6 364 407 232 777 146 245 394 373 599 11 142 526 46 603 772 602 713 739 34
1670,6 364 407 232 777 146 245 394 373 599 11 142 526 46 603 772 602 713 739 34
1671,6 364 407 232 777 146 394 373 599 11 142 46 772 602 713 739 34 33 649 49
1672,6 364 407 232 777 146 245 394 373 599 11 142 526 46 603 772 602 713 739 34
1673,6 364 407 232 777 146 245 394 373 599 11 142 526 46 603 772 602 713 739 34
1674,6 364 407 232 777 146 245 394 373 599 11 142 526 46 603 772 602 713 739 34
1675,6 364 407 232 777 146 245 394 373 599 11 142 526 46 603 772 602 713 739 34
1676,6 364 407 232 777 146 245 394 373 599 11 142 526 46 603 772 602 713 739 34
1677,245 394 373 599 11 142 526 46 603 772 602 713 739 34 33 649 49 808 281 818
1678,6 364 407 232 777 146 245 394 373 599 11 142 526 46 603 772 602 713 739 34
1679,245 394 373 599 11 142 526 46 603 772 602 713 739 34 33 649 49 808 281 818
1680,6 364 407 232 777 146 245 394 373 599 11 142 526 46 603 602 713 739 34 33
1681,6 364 407 232 777 146 245 394 373 599 11 142 526 46 603 772 602 713 739 34
1682,245 394 373 599 11 142 526 46 603 772 602 713 739 34 33 649 49 808 281 818
1683,6 364 407 232 777 146 245 394 373 599 11 142 526 46 603 772 602 713 739 34
1684,245 394 373 599 11 142 526 46 603 772 602 713 739 34 33 649 49 808 281 818
1685,6 364 407 232 777 146 245 394 373 599 11 142 526 46 603 772 602 713 739 34
1686,245 394 373 599 11 142 526 46 603 772 602 713 739 34 33 649 49 808 281 818
1687,6 364 407 232 777 146 599 142 526 46 603 772 602 713 739 34 33 649 49 808
1688,245 394 373 599 11 142 526 46 603 772 602 713 739 34 33 649 49 808 281 818
1689,245 394 373 599 11 142 526 46 603 772 602 713 739 34 33 649 49 808 281 818
1690,6 364 407 232 777 146 245 394 373 599 11 142 526 46 603 772 602 713 739 34
1691,245 394 373 599 11 142 526 46 603 772 602 713 739 34 33 649 49 808 281 818
1692,245 394 373 599 11 142 526 46 603 772 602 713 739 34 33 649 49 808 281 818
1693,6 364 407 232 777 146 245 394 373 599 11 142 526 46 603 772 602 713 739 34
1694,245 394 373 599 11 142 526 46 603 772 602 713 739 34 33 649 49 808 281 818
1695,6 364 407 232 777 146 245 394 373 599 11 142 526 46 603 772 602 713 739 34
1696,245 394 373 599 11 142 526 46 603 772 602 713 739 34 33 649 49 808 281 818
1697,6 364 407 232 777 146 245 394 373 599 11 142 526 46 603 772 602 713 739 34
1698,6 364 407 232 777 146 245 394 373 599 11 142 526 46 603 772 602 713 739 34
1699,6 364 407 232 777 146 245 394 373 599 11 142 526 46 603 772 602 713 739 34
1700,6 364 407 232 777 146 245 394 373 599 11 142 526 46 603 772 602 713 739 34
1701,6 364 407 232 777 146 245 394 373 599 11 142 526 46 603 772 602 713 739 34
1702,245 394 373 599 11 142 526 46 603 772 602 713 739 34 33 649 49 808 281 818
1703,6 364 407 232 777 146 245 394 373 599 11 142 526 46 603 772 602 713 739 34
1704,6 364 407 232 777 146 245 394 373 599 11 142 526 46 603 772 602 713 739 34
1705,245 394 373 599 11 142 526 46 603 772 602 713 739 34 33 649 49 808 281 818
1706,6 364 407 232 777 146 245 394 373 599 11 142 526 46 603 772 602 713 739 34
1707,6 364 407 232 777 146 245 373 599 11 142 526 46 603 772 602 713 739 34 33
1708,245 394 373 599 11 142 526 46 603 772 602 713 739 34 33 649 49 808 281 818
1709,6 364 407 232 777 146 245 394 373 599 11 142 526 46 603 772 602 713 739 34
1710,6 364 407 232 777 146 599 46 713 33 808 818 604 313 349 732 367 5 158 201
1711,6 364 407 232 777 146 245 394 373 599 11 142 526 46 603 772 602 713 739 34
1712,245 394 373 599 11 142 526 46 603 772 602 713 739 34 33 649 49 808 281 818
1713,245 394 373 599 11 142 526 46 603 772 602 713 739 34 33 649 49 808 281 818
1714,6 364 407 232 777 146 245 394 373 599 11 142 526 46 603 772 602 713 739 34
1715,6 364 407 232 777 146 245 394 373 599 11 142 526 46 603 602 739 34 33 649
1716,6 364 407 232 777 146 245 394 373 599 11 142 526 603 772 602 713 739 34 33
1717,6 364 407 232 777 146 245 394 373 599 11 526 46 603 772 602 713 739 34 33
1718,6 364 407 232 777 146 245 394 373 599 11 142 526 46 772 602 713 739 34 33
1719,6 364 407 232 777 146 245 394 373 599 11 142 526 46 603 772 602 713 739 34
1720,245 394 373 599 11 142 526 46 603 772 602 713 739 34 33 649 49 808 281 818
1721,6 364 407 232 777 146 245 394 373 599 11 142 526 46 603 602 713 739 34 33
1722,6 364 407 232 777 146 245 394 373 599 11 142 526 46 603 772 602 713 739 34
1723,6 364 407 232 777 146 245 394 373 599 11 142 526 46 603 772 602 713 739 34
1724,6 364 407 232 777 146 245 394 373 599 11 142 526 46 603 602 713 739 34 33
1725,6 364 407 232 777 146 245 394 373 599 11 142 526 46 603 772 602 713 739 34
1726,6 364 407 232 777 146 245 394 373 599 11 142 526 46 603 772 602 713 739 34
1727,6 364 407 232 777 146 245 394 373 599 11 142 526 46 603 772 602 713 739 34
1728,245 394 373 599 11 142 526 46 603 772 602 713 739 34 33 649 49 808 281 818
1729,6 364 407 232 777 146 245 394 373 599 11 142 526 46 603 772 602 713 739 34
1730,245 394 373 599 11 142 526 46 603 772 602 713 739 34 33 649 49 808 281 818
1731,6 364 407 232 777 146 245 394 373 599 11 142 526 46 603 772 602 713 739 34
1732,245 394 373 599 11 142 526 46 603 772 602 713 739 34 33 649 49 808 281 818
1733,6 364 407 232 777 146 245 394 373 599 11 142 526 46 603 772 602 713 739 34
1734,6 364 407 232 777 146 245 394 373 599 11 142 526 46 603 772 602 713 739 34
1735,245 394 373 599 11 142 526 46 603 772 602 713 739 34 33 649 49 808 281 818
1736,6 364 407 232 777 146 11 142 603 772 602 713 739 34 33 649 281 818 604 349
1737,6 364 407 232 777 146 245 394 373 599 11 142 46 603 772 602 713 739 34 33
1738,6 364 407 232 777 146 245 394 373 599 772 713 739 34 33 281 818 604 313 349
1739,6 364 407 232 777 146 245 394 599 11 46 713 34 33 649 281 818 604 313 349
1740,6 364 407 232 777 146 245 394 373 599 11 526 46 603 772 602 739 34 33 649
1741,6 364 407 232 777 146 373 11 46 772 713 33 649 808 281 818 313 349 367 158
1742,6 364 407 232 777 146 245 394 373 599 11 142 526 46 603 772 602 713 739 34
1743,245 394 373 599 11 142 526 46 603 772 602 713 739 34 33 649 49 808 281 818
1744,6 364 407 232 777 146 245 394 373 599 11 142 526 46 603 772 602 713 739 34
1745,6 364 407 232 777 146 245 394 373 11 142 526 46 603 772 602 713 739 34 33
1746,6 364 407 232 777 146 245 394 373 599 11 142 526 46 603 772 602 713 739 34
1747,6 364 407 232 777 146 245 394 373 599 11 142 526 46 603 772 602 713 739 34
1748,6 364 407 232 777 146 245 394 373 599 11 142 526 46 603 772 602 713 739 34
1749,6 364 407 232 777 146 245 394 373 599 11 142 526 46 603 772 602 713 739 34
1750,6 364 407 232 777 146 245 394 373 599 11 142 526 46 603 772 602 713 739 34
1751,6 364 407 232 777 146 245 394 373 599 11 142 526 46 603 772 602 713 739 34
1752,6 364 407 232 777 146 245 394 373 599 11 142 526 46 603 772 602 713 739 34
1753,6 364 407 232 777 146 245 394 373 599 11 142 526 46 603 772 602 713 739 34
1754,6 364 407 232 777 146 245 394 373 599 11 142 526 46 603 772 602 713 739 34
1755,6 364 407 232 777 146 245 394 373 599 11 142 526 46 603 772 602 713 739 34
1756,6 364 407 232 777 146 245 394 373 599 11 142 526 46 603 772 602 713 739 34
1757,6 364 407 232 777 146 245 394 599 526 46 603 772 602 713 739 34 33 649 49
1758,6 364 407 232 777 146 394 599 11 142 526 46 602 713 739 34 33 808 281 818
1759,6 364 407 232 777 146 245 394 373 599 11 142 526 46 603 772 602 713 739 34
1760,6 364 407 232 777 146 245 394 373 599 11 142 526 46 603 772 602 713 739 34
1761,6 364 407 232 777 146 394 599 11 142 46 603 772 602 713 739 34 33 649 49
1762,245 394 373 599 11 142 526 46 603 772 602 713 739 34 33 649 49 808 281 818
1763,6 364 407 232 777 146 245 394 373 599 11 142 526 46 603 772 602 713 739 34
1764,6 364 407 232 777 146 245 394 373 599 11 142 526 46 603 772 602 713 739 34
1765,245 394 373 599 11 142 526 46 603 772 602 713 739 34 33 649 49 808 281 818
1766,245 394 373 599 11 142 526 46 603 772 602 713 739 34 33 649 49 808 281 818
1767,6 364 407 232 777 146 245 394 373 599 11 142 526 46 603 772 602 713 739 34
1768,245 394 373 599 11 142 526 46 603 772 602 713 739 34 33 649 49 808 281 818
1769,6 364 407 232 777 146 245 394 373 599 11 142 526 46 603 772 602 713 739 34
1770,6 364 407 232 777 146 245 394 373 599 11 142 526 46 603 602 713 739 34 33
1771,245 394 373 599 11 142 526 46 603 772 602 713 739 34 33 649 49 808 281 818
1772,6 364 407 232 777 146 245 394 373 599 11 142 526 46 603 772 602 713 739 34
1773,6 364 407 232 777 146 245 394 373 599 11 142 526 46 603 772 602 713 739 34
1774,6 364 407 232 777 146 245 394 373 599 11 142 526 46 603 772 602 713 739 34
1775,6 364 407 232 777 146 245 394 373 599 11 142 46 603 772 602 713 739 34 33
1776,6 364 407 232 777 146 245 394 373 599 11 142 526 46 603 772 602 713 739 34
1777,6 364 407 232 777 146 245 394 373 599 11 142 526 46 603 772 602 713 739 34
1778,6 364 407 232 777 146 245 394 373 599 11 142 526 46 603 772 602 713 739 34
1779,6 364 407 232 777 146 245 394 373 599 11 142 526 46 603 772 602 713 739 34
1780,6 364 407 232 777 146 245 394 373 599 11 142 526 46 603 772 602 713 739 34
1781,6 364 407 232 777 146 245 394 373 599 11 142 526 46 603 772 602 713 739 34
1782,6 364 407 232 777 146 245 394 373 599 11 142 526 46 603 772 602 713 739 34
1783,6 364 407 232 777 146 394 599 142 46 603 772 602 739 34 33 649 808 281 604
1784,6 364 407 232 777 146 245 373 599 142 526 46 603 772 602 713 739 34 33 649
1785,245 394 373 599 11 142 526 46 603 772 602 713 739 34 33 649 49 808 281 818
1786,6 364 407 232 777 146 245 394 373 599 11 142 526 46 603 772 602 713 739 34
1787,6 364 407 232 777 146 245 394 373 599 11 142 526 46 603 772 602 713 739 34
1788,245 394 373 599 11 142 526 46 603 772 602 713 739 34 33 649 49 808 281 818
1789,245 394 373 599 11 142 526 46 603 772 602 713 739 34 33 649 49 808 281 818
1790,6 364 407 232 777 146 245 394 373 11 142 526 46 603 772 602 713 739 34 33
1791,6 364 407 232 777 146 245 394 373 599 11 142 526 46 603 772 602 713 739 34
1792,245 394 373 599 11 142 526 46 603 772 602 713 739 34 33 649 49 808 281 818
1793,6 364 407 232 777 146 394 373 11 142 526 46 603 772 602 713 34 33 649 49
1794,245 394 373 599 11 142 526 46 603 772 602 713 739 34 33 649 49 808 281 818
1795,6 364 407 232 777 146 245 394 373 599 11 142 526 46 603 772 602 713 739 34
1796,6 364 407 232 777 146 245 394 373 599 11 142 526 46 603 772 602 713 739 34
1797,6 364 407 232 777 146 245 394 373 599 11 142 526 46 603 772 602 713 739 34
1798,6 364 407 232 777 146 394 599 11 142 526 46 603 772 602 713 739 33 649 49
1799,6 364 407 232 777 146 245 373 599 11 142 46 603 772 602 713 739 34 33 649
1800,245 394 373 599 11 142 526 46 603 772 602 713 739 34 33 649 49 808 281 818
1801,245 394 373 599 11 142 526 46 603 772 602 713 739 34 33 649 49 808 281 818
1802,245 394 373 599 11 142 526 46 603 772 602 713 739 34 33 649 49 808 281 818
1803,245 394 373 599 11 142 526 46 603 772 602 713 739 34 33 649 49 808 281 818
1804,6 364 407 232 777 146 245 394 373 599 11 142 526 46 603 772 602 713 739 34
1805,6 364 407 232 777 146 245 373 11 46 603 772 602 713 34 33 649 49 808 281
1806,245 394 373 599 11 142 526 46 603 772 602 713 739 34 33 649 49 808 281 818
1807,6 364 407 232 777 146 599 11 142 526 46 603 772 602 713 739 34 33 649 49
1808,6 364 407 232 777 146 245 394 373 599 11 142 526 46 603 772 602 713 739 34
1809,6 364 407 232 777 146 245 394 373 599 11 142 526 46 603 772 602 713 739 34
1810,6 364 407 232 777 146 245 373 599 11 142 603 772 602 713 739 33 649 49 808
1811,6 364 407 232 777 146 245 394 373 599 11 142 526 46 603 772 602 713 739 34
1812,6 364 407 232 777 146 245 394 373 599 11 142 526 46 603 772 602 713 739 34
1813,6 364 407 232 777 146 394 373 599 11 142 526 46 603 772 602 713 739 34 33
1814,245 394 373 599 11 142 526 46 603 772 602 713 739 34 33 649 49 808 281 818
1815,6 364 407 232 777 146 245 394 373 599 11 142 526 46 603 772 602 713 34 33
1816,6 364 407 232 777 146 245 394 373 599 11 142 526 46 603 772 713 739 34 649
1817,245 394 373 599 11 142 526 46 603 772 602 713 739 34 33 649 49 808 281 818
1818,245 394 373 599 11 142 526 46 603 772 602 713 739 34 33 649 49 808 281 818
1819,6 364 407 232 777 146 599 11 142 46 603 772 602 713 739 34 33 649 49 808
1820,6 364 407 232 777 146 245 599 11 142 526 46 603 772 602 713 739 34 33 649
1821,6 364 407 232 777 146 245 394 373 599 11 142 526 46 603 772 602 713 739 34
1822,6 364 407 232 777 146 245 11 142 526 603 772 602 713 739 34 33 649 49 808
1823,6 364 407 232 777 146 245 394 373 599 11 142 526 46 603 772 602 713 739 34
1824,6 364 407 232 777 146 373 526 46 603 602 713 739 34 33 649 49 808 281 818
1825,6 364 407 232 777 146 245 394 373 599 11 142 526 46 603 772 602 713 739 34
1826,6 364 407 232 777 146 245 394 373 599 11 142 526 46 603 772 602 713 739 34
1827,245 394 373 599 11 142 526 46 603 772 602 713 739 34 33 649 49 808 281 818
1828,245 394 373 599 11 142 526 46 603 772 602 713 739 34 33 649 49 808 281 818
1829,6 364 407 232 777 146 245 394 373 599 11 142 526 46 603 772 602 713 739 34
1830,6 364 407 232 777 146 245 394 599 11 526 46 603 772 602 713 739 34 33 649
1831,6 364 407 232 777 146 245 394 373 599 11 142 526 46 603 772 602 713 739 34
1832,245 394 373 599 11 142 526 46 603 772 602 713 739 34 33 649 49 808 281 818
1833,6 364 407 232 777 146 245 394 373 599 11 142 526 46 603 772 602 713 739 34
1834,6 364 407 232 777 146 245 394 373 599 11 142 526 46 603 772 602 713 739 34
1835,6 364 407 232 777 146 245 394 373 599 11 142 526 46 603 772 602 713 739 34
1836,245 394 373 599 11 142 526 46 603 602 713 739 34 33 649 49 808 281 818 604
1837,6 364 407 232 777 146 245 394 373 599 11 142 526 46 603 772 602 713 739 34
1838,6 364 407 232 777 146 245 394 373 599 11 142 526 46 603 772 602 713 739 34
1839,245 394 373 599 11 142 526 46 603 772 602 713 739 34 33 649 49 808 281 818
1840,6 364 407 232 777 146 245 394 373 599 11 142 526 46 603 772 602 713 739 34
