id,prediction
0,306 662 60 434 158 151 140 444 565 84 349 67 508 185 77 173 628 395 114 634
1,185 103 677 712 460 619 530 62 247 800 333 807 109 196 92 207 195 743 298 457
2,405 259 439 121 210 198 114 434 77 151 60 482 140 91 579 642 537 781 103 304
3,769 520 554 330 806 699 647 218 88 241 627 498 23 796 507 716 174 72 236 70
4,747 107 76 141 3 751 720 358 268 192 748 527 611 718 380 517 631 67 590 798
5,141 268 380 718 76 751 688 747 107 309 720 608 590 631 192 611 358 104 271 748
6,306 662 60 434 158 151 140 444 565 84 349 67 508 185 77 173 628 395 114 634
7,185 677 25 103 460 619 712 530 247 800 457 62 207 109 454 195 196 512 775 92
8,306 662 60 434 158 151 140 444 565 84 349 67 508 185 77 173 628 395 114 634
9,306 662 60 434 158 151 140 444 565 84 349 67 508 185 77 173 628 395 114 634
10,306 662 60 158 140 444 565 84 349 67 508 77 185 395 173 634 114 628 740 803
11,568 14 501 13 262 462 463 99 727 409 410 33 162 194 719 591 592 199 680 734
12,580 195 247 309 185 677 242 40 552 782 724 123 668 159 127 181 31 526 519 302
13,185 677 460 619 25 103 457 247 195 712 530 109 207 512 62 40 800 580 298 807
14,306 662 60 434 158 151 140 444 565 84 349 67 508 185 77 173 628 395 114 634
15,306 662 60 434 158 151 140 444 565 84 349 67 508 185 77 173 628 395 114 634
16,439 91 198 494 121 126 304 400 210 421 221 725 17 436 642 607 114 349 532 131
17,306 662 60 434 158 151 140 444 565 84 349 67 508 185 77 173 628 395 114 634
18,3 747 631 141 215 748 107 76 358 751 517 216 720 226 42 837 21 590 625 268
19,185 677 195 460 25 103 247 712 457 207 619 512 11 580 530 298 46 197 31 373
20,118 754 601 841 42 45 732 527 352 156 580 696 419 526 432 515 358 50 163 479
21,677 185 247 207 103 195 457 712 298 580 25 8 534 619 530 40 460 316 181 210
22,45 580 601 441 307 156 732 527 795 841 526 632 119 515 352 750 168 50 303 167
23,530 185 25 712 619 196 460 333 345 210 677 397 775 382 140 192 455 807 81 33
24,185 677 195 457 40 247 580 25 619 614 630 253 31 255 207 302 8 775 807 724
25,527 185 619 677 142 530 45 580 210 512 192 649 207 119 303 457 611 50 732 432
26,580 247 526 45 40 195 167 50 307 119 795 601 818 182 309 159 841 441 552 677
27,580 526 45 247 795 307 668 841 601 614 309 156 818 167 195 40 182 782 50 724
28,210 775 439 625 382 530 140 486 77 654 318 295 311 701 397 185 24 611 196 142
29,229 625 259 151 295 140 389 434 382 24 458 397 77 536 565 405 349 634 103 482
30,306 662 60 434 158 151 140 444 565 84 349 67 508 185 77 173 628 395 114 634
31,306 662 60 434 158 151 140 444 565 84 349 67 508 185 77 173 628 395 114 634
32,662 60 434 158 140 151 444 84 565 349 67 508 185 77 173 628 395 114 634 740
33,185 677 195 247 460 25 103 457 619 207 580 512 31 712 530 123 46 40 298 724
34,306 662 60 434 158 151 140 444 565 84 349 67 508 185 77 173 628 395 114 634
35,185 103 210 247 91 534 530 439 121 113 512 580 158 298 476 775 435 434 316 546
36,128 42 652 414 412 230 631 4 656 598 490 426 76 696 45 413 176 748 3 133
37,185 677 25 247 457 195 103 40 619 460 181 207 712 92 836 62 512 775 807 530
38,103 185 530 25 619 460 677 712 109 807 247 196 62 33 210 775 81 10 649 345
39,185 677 195 25 103 460 247 619 530 580 712 109 800 81 457 46 207 62 512 298
40,185 677 103 25 619 460 530 712 457 512 247 298 800 62 195 807 775 92 454 40
41,306 662 60 434 158 151 140 444 565 84 349 67 508 185 77 173 628 395 114 634
42,185 677 25 103 619 530 460 457 247 712 775 62 207 92 800 40 454 618 675 33
43,580 841 45 247 526 195 795 40 307 601 668 50 724 818 441 167 156 182 152 309
44,185 677 25 247 460 103 457 619 580 207 394 512 712 31 40 123 11 46 298 530
45,501 651 568 592 462 243 782 14 461 809 127 487 208 123 144 167 608 188 761 591
46,306 662 60 434 158 151 140 444 565 84 349 67 508 185 77 173 628 395 114 634
47,70 256 788 510 277 575 292 796 582 222 700 539 741 136 464 66 834 0 699 660
48,662 60 434 158 140 151 444 84 565 349 67 508 185 77 173 628 395 114 634 740
49,70 256 510 267 277 575 292 796 700 227 539 582 741 136 0 66 20 699 88 72
50,306 662 60 434 158 151 140 444 565 84 349 67 508 185 77 173 628 395 114 634
51,205 273 134 823 133 149 616 326 521 286 142 820 303 332 638 333 238 631 272 45
52,33 25 185 103 460 247 193 775 517 10 619 530 14 712 333 85 457 196 677 92
53,185 677 247 103 195 25 439 460 712 91 692 121 457 62 530 580 40 92 298 619
54,662 60 434 158 140 151 444 84 565 349 67 508 185 77 173 628 395 114 634 740
55,677 185 195 580 247 123 724 31 127 245 40 457 668 512 25 46 207 373 197 11
56,185 677 103 25 460 530 712 619 195 247 800 457 207 454 512 196 775 109 298 62
57,185 677 25 103 460 619 530 109 62 712 800 195 457 775 207 454 196 618 92 512
58,185 103 210 775 140 677 382 77 460 712 196 247 121 81 67 25 113 40 605 580
59,568 592 34 501 461 462 208 18 409 513 14 428 651 323 838 385 273 635 327 53
60,306 662 60 434 158 151 140 444 565 84 349 67 508 185 77 173 628 395 114 634
61,662 60 434 158 140 151 444 84 565 349 67 508 185 77 173 628 395 114 634 740
62,438 788 70 256 267 510 227 582 700 539 575 292 222 796 765 699 464 72 322 66
63,185 103 677 712 530 25 460 619 62 454 457 800 109 207 333 508 192 396 298 210
64,306 662 60 434 158 151 140 444 565 84 349 67 508 185 77 173 628 395 114 634
65,677 185 195 247 580 724 123 127 31 245 207 512 40 457 460 46 373 25 11 298
66,434 662 151 77 140 349 634 382 259 113 405 121 210 565 833 114 103 740 537 486
67,306 662 60 434 158 151 140 444 565 84 349 67 508 185 77 173 628 395 114 634
68,716 699 98 330 627 70 256 790 241 23 72 498 20 489 647 218 448 840 65 227
69,185 677 195 460 25 103 247 712 207 457 619 512 298 530 800 801 580 11 40 62
70,580 40 247 195 159 309 552 724 167 668 119 181 677 614 302 31 127 123 608 185
71,438 70 256 788 575 510 222 582 66 741 700 539 136 834 765 356 227 72 689 699
72,439 198 91 692 126 781 210 78 304 400 17 574 421 349 607 114 77 103 140 530
73,247 195 580 185 677 40 724 668 159 123 127 31 614 552 526 457 253 309 181 50
74,185 677 195 460 25 247 103 394 619 245 123 31 11 457 580 46 207 512 712 298
75,306 662 60 434 158 151 140 444 565 84 349 67 508 185 77 173 628 395 114 634
76,306 662 60 434 158 151 140 444 565 84 349 67 508 185 77 173 628 395 114 634
77,677 807 247 185 103 25 457 584 530 619 14 512 207 580 40 92 675 712 527 156
78,580 45 441 841 795 601 526 818 750 195 247 156 182 50 479 119 724 40 668 167
79,185 677 195 25 247 460 103 457 619 580 207 40 512 712 394 31 298 530 800 92
80,128 656 652 42 668 526 457 614 441 517 767 580 142 40 230 414 102 783 631 168
81,306 662 60 434 158 151 140 444 565 84 349 67 508 185 77 173 628 395 114 634
82,434 77 151 662 140 60 121 113 382 444 634 537 740 210 295 833 439 349 405 185
83,306 60 434 158 140 151 444 565 349 67 77 508 173 185 634 114 395 628 740 486
84,185 677 195 580 247 40 457 619 207 25 668 460 31 512 103 724 298 123 127 181
85,580 247 195 40 677 185 552 159 724 309 127 31 674 123 50 119 167 457 302 181
86,80 424 151 434 113 72 634 77 444 806 405 60 662 387 140 295 158 100 229 196
87,33 165 428 410 501 461 144 593 14 613 623 567 29 568 409 702 193 99 618 9
88,306 662 60 434 158 151 140 444 565 84 349 67 508 185 77 173 628 395 114 634
89,306 662 60 434 158 151 140 444 565 84 349 67 508 185 77 173 628 395 114 634
90,185 247 580 195 103 50 619 25 460 210 512 91 40 457 81 775 668 439 552 92
91,306 662 60 434 158 151 140 444 565 84 349 67 508 185 77 173 628 395 114 634
92,234 146 306 662 60 434 158 151 140 444 565 84 349 67 77 508 628 634 173 185
93,45 580 337 841 118 42 732 754 527 358 601 352 795 303 696 142 156 748 195 432
94,185 677 619 530 103 457 247 460 40 25 712 62 807 195 512 207 580 732 527 142
95,169 344 190 417 752 604 602 40 93 614 280 562 659 668 478 404 5 181 186 255
96,306 662 60 434 158 151 140 444 565 84 349 67 508 185 77 173 628 395 114 634
97,185 677 247 195 25 580 619 40 457 103 512 775 460 210 534 92 298 207 181 836
98,280 14 165 367 33 399 461 428 726 501 409 34 323 410 702 193 427 183 592 612
99,185 677 103 454 712 530 25 460 619 775 210 109 800 38 333 140 247 508 269 311
100,185 677 580 103 195 460 457 25 619 40 92 512 207 775 530 668 181 50 712 8
101,677 195 185 580 247 724 123 31 127 245 394 512 46 373 457 207 45 40 197 619
102,234 146 306 662 60 434 158 151 140 444 565 84 349 67 77 508 628 634 173 185
103,654 527 118 580 142 841 156 732 500 337 204 441 352 795 432 696 677 45 307 310
104,185 677 195 247 580 619 50 457 668 103 25 807 460 512 207 40 605 31 181 62
105,185 677 195 460 580 247 245 123 512 31 207 11 25 127 724 619 298 103 373 457
106,580 45 307 441 841 795 601 50 526 818 182 247 156 119 195 724 167 479 608 303
107,306 662 60 434 158 151 140 444 565 84 349 67 508 185 77 173 628 395 114 634
108,306 662 60 434 158 151 140 444 565 84 349 67 508 185 77 173 628 395 114 634
109,185 677 195 460 25 247 619 103 712 457 207 530 512 92 580 298 800 109 62 801
110,185 25 103 677 712 530 460 619 454 800 62 196 109 333 618 457 247 67 92 33
111,234 146 306 662 60 434 158 151 140 444 565 84 349 67 77 508 628 634 173 185
112,580 195 247 668 159 724 782 614 526 167 123 40 152 50 302 309 185 31 841 809
113,185 677 195 25 247 460 394 580 457 31 123 103 11 619 245 40 127 724 46 512
114,580 45 441 307 795 841 526 601 50 247 818 182 195 668 156 119 724 479 159 40
115,77 259 775 210 398 537 662 397 60 439 544 618 625 165 486 317 388 634 67 740
116,185 25 677 103 619 712 530 457 460 62 454 247 207 800 775 40 33 508 675 618
117,185 530 25 712 677 460 196 333 454 775 800 210 345 62 396 33 807 247 140 618
118,306 662 60 434 158 151 140 444 565 84 349 67 508 185 77 173 628 395 114 634
119,185 677 103 247 25 460 712 619 530 512 457 62 207 195 800 109 210 775 580 92
120,185 677 247 103 207 457 530 460 25 195 619 712 298 668 40 92 775 534 210 316
121,677 103 460 530 712 619 454 62 800 109 333 196 775 774 457 618 537 210 760 67
122,185 677 195 25 247 460 103 457 207 512 619 580 712 530 394 31 298 11 46 40
123,70 1 464 525 36 333 284 345 477 617 788 339 517 674 609 21 625 791 528 582
124,568 513 501 14 262 463 381 194 13 810 33 481 208 545 593 188 95 462 162 461
125,527 696 118 841 45 42 192 358 337 754 432 580 795 138 352 275 156 601 732 160
126,427 810 425 183 165 469 367 75 18 170 144 428 323 635 409 201 528 831 34 29
127,358 527 841 45 337 352 142 732 156 42 432 580 118 696 754 192 441 611 204 303
128,677 185 195 247 580 512 31 25 724 460 457 394 207 123 127 619 103 373 40 46
129,195 185 457 40 142 677 580 31 309 127 45 123 431 207 160 245 303 724 630 614
130,185 677 668 457 40 142 775 181 152 247 460 195 742 619 774 109 253 476 302 580
131,611 358 732 352 142 774 210 674 748 654 178 527 625 677 530 649 382 318 500 552
132,70 438 582 788 256 464 292 277 322 510 741 700 136 834 227 699 66 539 0 810
133,185 677 103 530 460 712 25 109 800 33 454 62 207 457 760 67 223 775 247 210
134,185 677 103 619 530 460 25 712 454 62 109 333 457 605 800 67 33 207 223 662
135,580 45 441 795 841 601 526 247 750 195 818 50 182 668 724 479 119 156 40 167
136,306 662 60 434 158 151 140 444 565 84 349 67 508 185 77 173 628 395 114 634
137,185 103 677 25 712 460 530 619 800 454 33 247 210 207 196 618 62 457 269 109
138,580 45 526 352 795 601 307 441 50 119 677 156 619 476 750 303 247 164 40 42
139,185 677 103 619 460 25 712 530 512 298 457 247 195 800 62 40 775 92 109 316
140,142 273 838 548 170 101 428 593 280 823 265 32 388 755 333 344 5 756 616 93
141,70 256 510 700 438 227 627 292 98 699 769 507 277 716 376 765 20 660 582 138
142,195 309 580 242 185 677 123 668 247 127 724 40 630 31 253 301 519 775 614 159
143,548 132 176 656 399 128 148 4 652 370 160 426 388 326 133 153 624 142 36 612
144,185 103 677 25 530 712 460 619 454 62 333 207 800 457 109 247 210 67 807 195
145,439 198 91 494 781 210 304 400 121 221 17 642 77 574 436 114 725 349 579 607
146,580 45 732 142 355 527 649 619 795 352 119 601 668 156 631 168 602 50 441 748
147,185 677 195 460 25 247 103 207 619 712 457 512 394 46 530 580 31 298 123 40
148,438 70 256 788 510 267 582 575 227 700 765 464 796 222 741 834 699 660 0 66
149,185 619 67 580 40 457 25 62 530 732 677 527 156 712 103 602 697 45 807 611
150,185 677 103 247 25 207 619 457 460 530 195 712 298 534 580 800 775 40 8 807
151,662 60 114 140 84 434 158 151 565 185 67 444 77 173 239 710 403 544 122 740
152,113 210 121 387 439 77 775 103 196 140 114 81 91 382 151 806 434 198 349 662
153,185 25 103 677 247 460 712 775 457 92 619 800 530 207 508 807 40 836 454 62
154,412 133 76 598 3 149 176 388 238 249 631 4 799 141 148 326 273 128 246 230
155,185 677 195 247 580 457 25 619 40 512 207 460 103 31 123 724 245 127 668 298
156,185 677 195 247 580 512 394 25 207 460 123 31 103 724 197 373 298 127 619 436
157,439 210 77 91 486 382 318 662 434 140 311 38 494 379 151 60 574 158 740 103
158,185 677 25 247 103 457 207 460 512 712 195 92 619 530 298 775 534 800 269 40
159,662 60 434 158 140 151 444 84 565 349 67 508 185 77 173 628 395 114 634 740
160,306 662 60 434 158 151 140 444 565 84 349 67 508 185 77 173 628 395 114 634
161,141 268 3 76 358 720 107 380 337 747 631 192 271 611 718 118 590 688 748 353
162,185 677 103 460 25 530 712 619 247 207 457 800 62 512 109 196 92 269 775 454
163,247 91 677 185 439 692 580 195 198 103 607 210 781 436 460 50 40 530 298 121
164,247 195 185 677 40 526 724 668 50 552 123 159 182 127 31 181 309 119 795 457
165,306 662 60 434 158 151 140 444 565 84 349 67 508 185 77 173 628 395 114 634
166,580 732 352 45 156 795 601 841 50 195 303 185 307 119 619 677 527 441 40 526
167,185 677 195 394 123 31 580 25 245 247 724 11 127 197 457 46 40 103 460 619
168,306 662 60 434 158 151 140 444 565 84 349 67 508 185 77 173 628 395 114 634
169,439 198 126 91 494 781 304 210 121 421 400 221 17 436 574 77 607 114 579 349
170,580 841 601 526 441 818 307 167 795 152 668 156 50 479 168 119 247 40 614 651
171,185 677 25 103 460 712 775 196 247 619 454 109 457 121 605 62 800 774 223 333
172,580 45 156 527 841 795 677 441 303 307 42 601 732 119 185 393 432 275 50 750
173,142 358 763 732 303 841 352 441 156 479 515 658 580 343 531 307 45 631 527 110
174,434 151 662 634 382 60 140 444 77 158 740 486 565 833 446 405 259 482 775 758
175,580 185 45 195 677 40 247 119 619 457 160 526 668 303 50 841 724 31 127 181
176,306 662 60 434 158 151 140 444 565 84 349 67 508 185 77 173 628 395 114 634
177,185 677 619 460 530 457 62 207 247 800 512 775 142 210 807 195 92 508 298 333
178,185 677 195 712 103 460 247 298 25 207 457 619 512 62 530 580 800 40 92 760
179,185 210 103 121 677 775 530 25 196 460 619 382 140 247 40 662 223 92 546 397
180,185 677 25 103 712 460 619 62 457 530 247 109 800 807 40 207 195 775 142 196
181,185 677 195 460 25 103 245 247 207 712 11 298 436 46 123 512 457 31 580 619
182,247 677 185 195 40 526 50 724 552 668 159 123 127 182 31 795 119 457 181 309
183,210 439 692 121 77 126 113 140 198 403 103 91 574 485 662 84 151 304 185 434
184,677 25 103 619 460 247 457 530 195 712 62 800 775 92 207 807 109 40 580 512
185,306 662 60 434 158 151 140 444 565 84 349 67 508 185 77 173 628 395 114 634
186,306 662 60 434 158 151 140 444 565 84 349 67 508 185 77 173 628 395 114 634
187,185 195 677 580 724 123 31 247 127 245 512 373 91 197 298 460 207 436 11 439
188,185 677 247 25 103 460 619 457 775 712 800 530 207 195 40 807 512 580 62 621
189,810 323 162 702 568 501 410 208 556 582 279 425 18 826 464 145 322 513 409 13
190,132 42 149 160 413 747 748 76 517 141 3 479 216 720 215 107 26 152 168 490
191,185 677 103 530 460 712 25 210 619 512 247 775 457 62 800 196 38 454 92 195
192,185 677 31 123 25 127 394 245 11 724 580 247 373 512 46 460 207 103 457 599
193,185 677 195 247 460 25 207 103 512 457 580 619 298 712 40 31 123 46 724 11
194,185 677 25 195 457 247 103 712 207 460 454 836 40 668 298 512 62 619 800 142
195,12 591 367 343 14 612 651 427 165 183 718 658 142 501 492 155 141 696 132 409
196,121 382 140 113 439 77 103 295 210 546 574 833 403 634 349 836 642 301 752 91
197,306 662 60 434 158 151 140 444 565 84 349 67 508 185 77 173 628 395 114 634
198,33 165 567 568 501 14 367 32 183 428 461 336 658 410 635 208 727 323 702 13
199,580 441 45 795 247 50 526 601 841 182 818 668 614 40 119 167 156 159 479 393
200,148 133 414 149 631 101 286 747 748 548 76 187 326 3 590 388 598 652 426 273
201,306 662 60 434 158 151 140 444 565 84 349 67 508 185 77 173 628 395 114 634
202,103 259 210 397 775 196 382 140 486 295 24 121 258 396 77 113 530 81 458 730
203,580 45 841 601 247 526 195 50 724 818 182 167 668 608 479 119 156 159 40 651
204,358 611 732 352 631 748 580 527 142 268 419 515 500 204 192 303 42 774 271 530
205,185 103 677 530 619 25 460 712 247 457 207 512 62 800 298 10 775 40 210 92
206,306 662 60 434 158 151 140 444 565 84 349 67 508 185 77 173 628 395 114 634
207,185 677 25 103 619 712 195 460 530 457 247 62 298 207 800 580 512 40 210 109
208,662 60 434 158 140 151 444 84 565 349 67 508 185 77 173 628 395 114 634 740
209,140 662 434 77 634 444 349 121 259 114 210 565 382 486 103 295 439 113 84 833
210,306 662 60 434 158 151 140 444 565 84 349 67 508 185 77 173 628 395 114 634
211,185 677 25 712 103 460 530 619 457 62 800 207 512 247 298 195 454 210 333 142
212,70 788 256 510 582 267 277 292 796 575 834 699 66 741 136 700 222 464 689 660
213,337 45 754 696 42 352 732 841 527 601 632 432 580 156 515 526 795 785 204 441
214,358 268 107 747 76 141 611 748 380 192 3 751 527 590 271 631 443 732 352 160
215,185 677 103 25 530 619 460 712 62 207 247 457 41 800 192 775 210 807 454 333
216,367 810 427 165 702 201 14 528 33 34 323 410 183 428 409 32 722 623 194 13
217,306 662 60 434 158 151 140 444 565 84 349 67 508 77 185 173 634 114 395 628
218,527 358 696 841 337 45 118 601 156 42 754 204 441 192 142 352 432 732 419 275
219,185 677 195 247 580 25 512 31 457 460 103 394 245 207 619 724 123 11 127 373
220,185 103 530 677 619 712 25 460 454 33 62 333 457 618 800 210 67 247 775 193
221,185 580 677 195 619 527 50 40 156 25 732 247 457 119 109 807 142 45 530 668
222,252 699 834 23 627 769 88 788 38 261 376 143 138 723 363 498 284 806 330 554
223,103 185 530 712 677 25 247 460 92 196 81 619 743 775 580 195 210 207 621 800
224,185 247 580 512 195 457 619 103 207 25 534 40 460 8 92 298 530 668 775 181
225,185 677 619 25 103 460 530 247 457 195 712 62 605 207 580 40 109 512 807 298
226,439 103 210 527 508 397 512 677 821 81 25 198 121 530 156 247 67 185 10 62
227,185 25 62 712 103 530 677 619 460 247 457 81 196 807 92 800 397 760 774 775
228,185 677 103 25 460 712 619 530 207 247 512 800 457 454 662 109 298 760 775 394
229,580 195 247 724 185 309 677 123 40 127 668 31 45 159 782 302 181 50 552 242
230,306 662 60 434 158 151 140 444 565 84 349 67 508 185 77 173 628 395 114 634
231,286 748 149 187 133 148 331 76 414 747 517 303 333 488 616 652 454 101 226 753
232,306 662 60 434 158 151 140 444 565 84 349 67 508 185 77 173 628 395 114 634
233,412 3 176 76 216 132 326 598 141 413 246 414 230 42 149 490 107 160 747 215
234,121 210 113 140 77 574 482 625 544 634 833 349 485 565 80 486 403 178 530 439
235,185 677 195 580 247 31 123 724 127 40 457 245 25 512 207 11 46 460 373 298
236,185 677 247 195 580 40 457 668 207 181 25 31 724 512 619 123 127 775 8 460
237,580 25 185 677 247 619 195 103 67 775 439 210 530 50 732 534 92 81 156 512
238,26 358 527 748 217 303 696 720 160 479 753 580 732 432 697 45 42 282 166 754
239,306 662 60 434 158 151 140 444 565 84 349 67 508 185 77 173 628 395 114 634
240,306 662 60 434 158 151 140 444 565 84 349 67 508 185 77 173 628 395 114 634
241,677 195 185 580 247 31 724 123 127 245 457 25 394 40 46 512 207 373 619 460
242,306 662 60 434 158 151 140 444 565 84 349 67 508 185 77 173 628 395 114 634
243,306 662 60 434 158 151 140 444 565 84 349 67 508 185 77 173 628 395 114 634
244,80 113 70 806 434 510 788 151 438 627 229 196 345 660 379 77 103 292 435 382
245,580 195 247 309 677 185 668 724 40 159 809 608 526 167 782 181 123 614 127 651
246,185 247 580 195 25 50 619 103 457 40 460 807 668 512 207 775 62 92 109 800
247,306 662 60 434 158 151 140 444 565 84 349 67 508 185 77 173 628 395 114 634
248,662 60 434 349 151 158 565 77 114 444 382 173 67 239 508 185 544 740 634 486
249,614 255 630 668 152 309 253 782 40 709 580 159 181 195 123 302 457 242 160 526
250,306 662 60 434 158 151 140 444 565 84 349 67 508 185 77 173 628 395 114 634
251,567 14 165 568 32 331 517 461 13 428 501 194 314 427 162 656 462 658 727 680
252,185 677 25 103 530 712 619 460 62 457 207 454 800 109 247 618 807 775 333 605
253,580 841 45 526 601 307 795 441 156 247 40 818 50 167 195 182 608 668 479 42
254,185 677 103 25 460 619 530 712 454 247 457 207 109 800 512 62 298 807 621 775
255,677 185 247 195 580 457 25 40 207 512 8 668 281 142 181 534 619 103 50 31
256,210 77 140 439 434 662 60 113 151 574 121 126 91 103 692 544 403 486 444 382
257,595 810 314 568 48 578 208 687 672 262 291 194 125 56 766 481 495 162 815 513
258,185 677 247 457 40 195 25 619 207 775 8 103 614 807 62 255 512 92 712 31
259,113 77 403 434 100 466 318 435 358 654 301 70 802 510 38 485 788 833 151 362
260,185 677 247 25 457 195 103 460 40 619 580 530 207 62 712 92 512 775 800 50
261,185 677 580 247 195 50 40 159 298 512 668 552 724 526 8 119 732 45 457 207
262,747 76 26 3 748 751 215 107 141 192 720 268 517 358 42 149 85 335 104 21
263,580 45 195 142 40 841 119 795 732 160 668 355 601 303 127 168 31 631 441 724
264,306 662 60 434 158 151 140 444 565 84 349 67 508 185 77 173 628 395 114 634
265,268 358 141 3 337 76 751 611 107 118 748 380 720 192 631 754 590 732 42 352
266,185 103 460 247 530 210 25 712 775 619 580 81 62 196 800 537 195 538 298 207
267,185 677 25 619 457 103 195 247 712 460 207 530 40 512 775 62 800 807 580 668
268,485 301 113 403 293 430 802 212 242 386 210 100 362 686 782 692 309 466 775 77
269,699 23 627 582 810 834 98 464 70 322 252 256 826 498 292 59 138 796 520 716
270,306 662 60 434 158 151 140 444 565 84 349 67 508 185 77 173 628 395 114 634
271,580 732 45 795 352 527 119 185 619 358 668 677 50 841 601 611 40 649 168 355
272,580 45 247 309 841 302 195 795 167 526 608 159 50 601 668 479 160 809 818 782
273,195 580 40 309 185 247 677 724 127 242 31 123 457 668 519 775 159 782 301 92
274,185 677 195 247 25 460 580 103 457 207 512 245 619 394 31 712 123 46 298 40
275,185 677 103 530 25 712 619 460 207 62 454 457 333 109 800 195 210 606 807 67
276,306 662 60 434 158 151 140 444 565 84 349 67 508 185 77 173 628 395 114 634
277,229 446 24 295 140 737 77 518 579 439 121 210 382 625 758 103 259 397 151 434
278,309 160 128 132 67 388 141 3 747 431 399 216 548 74 443 580 242 176 149 168
279,306 662 60 434 158 151 140 444 565 84 349 67 508 185 77 173 628 395 114 634
280,185 247 677 195 580 40 207 668 724 457 309 298 31 127 92 512 50 242 123 25
281,185 677 512 247 207 103 195 619 25 712 298 457 580 460 530 534 8 40 800 807
282,210 295 439 401 752 775 404 484 486 169 478 757 357 103 580 121 837 93 562 611
283,580 247 526 195 40 167 45 724 677 159 309 119 152 123 668 614 50 552 181 608
284,185 677 195 247 580 460 25 245 512 207 31 123 298 46 619 457 724 103 197 436
285,185 677 247 103 530 712 25 457 207 512 92 62 775 580 298 40 800 619 50 527
286,306 662 60 434 158 151 140 444 565 84 349 67 508 185 77 173 628 395 114 634
287,662 60 434 158 140 151 444 84 565 349 67 508 185 77 173 628 395 114 634 740
288,652 148 414 133 303 432 422 573 412 36 128 748 42 326 339 548 761 696 426 230
289,185 103 530 677 712 25 619 131 210 109 62 333 196 800 454 618 396 247 207 760
290,580 247 677 195 181 185 50 159 668 40 393 45 8 795 614 552 724 526 91 119
291,306 662 60 434 158 151 140 444 565 84 349 67 508 185 77 173 628 395 114 634
292,40 580 195 247 552 185 677 309 674 457 526 159 127 775 242 519 301 123 31 668
293,306 662 60 434 158 151 140 444 565 84 349 67 508 185 77 173 628 395 114 634
294,306 662 60 434 158 151 140 444 565 84 349 67 508 185 77 173 628 395 114 634
295,140 486 662 349 518 151 544 67 239 565 114 60 382 434 259 625 628 444 537 536
296,331 165 517 514 205 29 428 469 442 134 135 616 658 635 419 161 638 144 162 303
297,252 699 23 506 627 769 788 88 723 138 261 143 498 554 376 256 330 284 292 806
298,306 662 60 434 158 151 140 444 565 84 349 67 508 185 77 173 628 395 114 634
299,306 662 60 434 158 151 140 444 565 84 349 67 508 185 77 173 628 395 114 634
300,185 25 677 712 530 460 800 210 775 618 774 457 62 109 523 454 537 247 196 207
301,128 625 747 412 454 414 107 548 3 160 76 133 517 149 176 748 388 490 216 598
302,185 677 103 25 460 712 530 247 619 457 62 207 800 775 512 298 195 454 109 92
303,268 3 76 42 107 720 380 751 611 748 747 358 337 718 352 732 527 192 590 419
304,306 662 60 434 158 151 140 444 565 84 349 67 508 185 77 173 628 395 114 634
305,185 677 195 103 460 394 245 11 25 530 512 31 247 123 46 619 662 712 207 373
306,439 91 121 78 400 17 436 607 114 642 103 349 333 738 712 476 398 532 579 131
307,185 677 195 11 460 245 25 123 31 692 436 91 298 439 127 103 512 207 247 197
308,234 146 306 662 60 434 158 151 140 444 565 84 349 67 77 508 628 634 173 185
309,407 140 60 146 434 777 234 158 77 306 259 382 537 634 349 232 565 114 121 84
310,662 60 434 158 140 151 444 84 565 349 67 508 185 77 173 628 395 114 634 740
311,306 662 60 434 158 151 140 444 565 84 349 67 508 185 77 173 628 395 114 634
312,185 677 103 460 25 530 712 619 247 800 454 62 207 457 512 109 775 196 33 807
313,90 745 622 704 451 175 816 57 643 685 638 473 474 597 803 689 663 172 695 551
314,580 247 40 159 668 195 677 185 526 614 255 181 309 552 253 519 457 724 242 45
315,185 677 25 103 460 619 247 712 800 62 457 196 775 109 81 210 538 195 40 92
316,234 146 306 662 60 434 158 151 140 444 565 84 349 67 77 508 628 634 173 185
317,185 677 195 247 25 103 580 460 394 619 457 512 31 123 245 207 712 46 11 298
318,306 662 60 434 158 151 140 444 565 84 349 67 508 185 77 173 628 395 114 634
319,185 677 25 103 460 712 530 619 62 457 109 195 800 454 333 142 807 207 40 775
320,358 527 732 611 352 432 142 778 580 748 515 337 118 631 303 119 156 355 795 42
321,160 799 358 680 148 370 754 176 153 252 412 696 326 68 748 656 132 388 670 26
322,306 662 60 434 158 151 140 444 565 84 349 67 508 185 77 173 628 395 114 634
323,530 103 25 712 460 196 62 537 677 210 618 800 619 131 775 333 454 81 675 247
324,185 103 25 530 712 677 619 457 775 807 460 62 210 247 192 618 40 196 800 345
325,306 662 60 434 158 151 140 444 565 84 349 67 508 185 77 173 628 395 114 634
326,344 417 190 93 752 280 40 5 659 602 220 186 676 401 614 767 668 756 562 294
327,344 756 604 142 823 25 752 659 562 593 743 318 417 169 197 548 775 732 102 93
328,306 662 60 434 158 151 140 444 565 84 349 67 508 185 77 173 628 395 114 634
329,580 45 601 527 732 795 156 841 307 119 167 432 441 352 476 668 818 696 50 479
330,247 580 303 50 732 42 527 668 45 196 677 419 526 81 748 601 185 736 795 476
331,306 662 60 434 158 151 140 444 565 84 349 67 508 185 77 173 628 395 114 634
332,185 103 113 140 460 247 196 530 121 677 775 25 210 662 712 77 508 81 269 151
333,580 619 307 538 732 318 795 700 788 0 358 668 70 478 841 156 552 441 113 674
334,530 196 103 185 537 25 62 210 131 382 618 775 109 800 333 121 81 677 397 396
335,747 215 107 625 388 720 133 517 3 76 652 36 748 67 837 518 141 333 611 751
336,148 761 133 521 101 616 286 454 412 548 187 708 754 426 205 331 76 326 422 297
337,185 103 677 530 25 712 619 460 800 109 210 62 67 333 454 140 298 662 396 512
338,580 45 156 601 441 527 841 307 732 795 818 119 479 526 432 632 352 750 40 303
339,823 756 659 604 344 142 631 548 93 593 273 417 237 74 265 752 411 318 313 311
340,306 662 60 434 158 151 140 444 565 84 349 67 508 185 77 173 628 395 114 634
341,185 195 677 394 31 245 460 123 46 580 247 25 619 127 724 103 373 512 457 530
342,388 107 358 754 412 751 271 3 625 631 747 591 21 133 326 337 118 380 500 720
343,252 374 506 261 439 834 291 311 595 219 628 687 421 84 494 23 105 493 798 259
344,42 45 580 668 160 841 479 601 168 631 696 128 441 795 527 119 432 413 748 354
345,568 810 462 409 194 826 702 501 582 651 835 529 188 650 322 513 34 14 18 327
346,306 662 60 434 158 151 140 444 565 84 349 67 508 185 77 173 628 395 114 634
347,306 662 60 434 158 151 140 444 565 84 349 67 508 185 77 173 628 395 114 634
348,42 696 45 652 128 432 527 479 601 668 413 414 76 580 490 168 818 230 841 441
349,185 677 195 460 25 103 712 247 619 394 530 580 207 109 800 11 512 298 62 457
350,306 662 60 434 158 151 140 444 565 84 349 67 508 185 77 173 628 395 114 634
351,185 677 103 530 619 25 460 712 457 247 207 62 512 800 210 807 775 298 454 40
352,306 662 60 434 158 151 140 444 565 84 349 67 508 185 77 173 628 395 114 634
353,185 103 460 25 712 530 677 619 454 33 193 333 62 207 800 14 247 457 10 109
354,185 103 530 712 25 460 677 196 62 109 619 210 131 537 618 333 454 247 775 675
355,306 662 60 434 158 151 140 444 565 84 349 67 508 185 77 173 628 395 114 634
356,185 677 195 25 247 460 580 103 457 31 207 619 394 712 512 40 724 127 46 298
357,306 662 60 434 158 151 140 444 565 84 349 67 508 185 77 173 628 395 114 634
358,91 121 692 494 126 304 78 210 400 221 421 642 17 436 725 607 114 349 60 140
359,367 568 13 427 492 810 612 201 667 702 722 165 208 14 278 623 32 409 481 501
360,580 614 526 247 668 50 159 45 167 601 152 181 818 40 255 302 795 782 608 393
361,568 501 14 13 188 810 262 12 591 243 99 826 462 702 33 162 592 299 56 367
362,14 99 568 33 381 165 810 278 13 623 409 18 193 665 367 702 34 567 501 513
363,185 25 677 103 460 530 712 247 619 800 195 457 775 81 196 62 109 92 207 807
364,815 262 463 622 766 208 568 199 56 48 687 124 162 289 672 291 734 648 513 69
365,185 460 103 25 677 712 530 619 14 10 675 193 584 807 33 207 457 62 454 247
366,185 677 25 103 460 195 247 619 712 530 207 457 512 800 775 210 62 40 92 801
367,113 486 382 77 654 151 210 434 407 234 625 140 627 806 565 833 403 546 146 259
368,306 662 60 434 158 151 140 444 565 84 349 67 508 185 77 173 628 395 114 634
369,185 25 677 103 619 460 457 712 530 62 92 40 775 195 207 800 807 196 538 109
370,306 662 60 434 158 151 140 444 565 84 349 67 508 185 77 173 628 395 114 634
371,306 662 60 434 158 151 140 444 565 84 349 67 508 185 77 173 628 395 114 634
372,439 91 494 692 781 198 126 304 210 121 436 221 725 607 114 642 574 349 103 712
373,358 118 527 192 754 138 500 318 748 696 337 432 555 731 611 670 21 210 271 423
374,185 677 103 247 712 457 195 460 619 800 62 530 40 775 92 743 207 836 807 512
375,662 60 434 158 140 151 444 84 565 349 67 508 185 77 173 628 395 114 634 740
376,306 662 60 434 158 151 140 444 565 84 349 67 508 185 77 173 628 395 114 634
377,185 25 677 103 712 460 619 457 530 807 62 195 800 92 40 775 207 196 512 210
378,185 677 195 460 25 247 457 580 619 512 207 103 298 40 31 712 123 11 724 46
379,121 344 836 113 767 295 93 775 417 253 742 40 210 25 247 546 103 301 439 614
380,580 45 601 841 526 195 50 247 307 182 441 724 818 156 479 167 668 119 608 185
381,677 103 25 530 247 619 712 800 457 775 196 62 621 207 807 512 109 454 195 269
382,668 247 181 40 580 185 614 195 253 677 255 630 457 709 152 159 309 724 8 31
383,185 841 580 45 677 118 527 732 337 601 754 50 42 696 156 512 303 795 352 195
384,185 677 195 25 247 460 457 580 619 31 103 207 40 123 512 724 712 530 62 298
385,185 677 91 439 692 210 195 436 712 247 103 126 298 580 460 512 530 121 198 207
386,668 580 614 181 255 152 526 253 709 40 195 247 630 159 45 782 724 167 309 8
387,306 662 60 434 158 151 140 444 565 84 349 67 508 185 77 173 628 395 114 634
388,306 662 60 434 158 151 140 444 565 84 349 67 508 185 77 173 628 395 114 634
389,662 434 151 77 140 444 634 121 382 439 210 259 537 91 405 38 103 113 833 565
390,580 526 247 668 40 309 50 614 195 601 167 45 608 152 782 181 841 302 119 724
391,306 662 60 434 158 151 140 444 565 84 349 67 508 185 77 173 628 395 114 634
392,677 195 185 580 245 123 31 724 394 127 247 46 373 197 512 457 619 599 40 207
393,185 677 247 530 619 25 807 712 457 580 512 207 460 40 298 92 775 210 10 195
394,580 45 601 526 50 668 614 841 167 724 195 159 441 795 40 247 152 307 608 818
395,358 352 611 732 527 748 42 192 337 515 432 268 142 696 45 118 631 601 355 649
396,185 677 530 103 619 25 712 460 457 192 62 512 807 207 247 210 769 67 298 109
397,383 151 320 397 579 536 32 140 295 382 285 77 258 349 695 537 625 319 544 486
398,412 133 176 326 414 132 68 548 128 799 246 696 370 652 612 521 3 160 230 598
399,677 712 103 91 210 460 439 692 530 25 195 436 800 247 619 62 298 333 121 126
400,185 25 677 103 247 460 457 775 62 530 800 40 92 712 109 580 195 50 807 538
401,185 677 25 712 103 460 457 619 269 530 836 62 247 92 508 454 207 800 775 196
402,306 662 60 434 158 151 140 444 565 84 349 67 508 185 77 173 628 395 114 634
403,438 788 256 510 575 582 292 136 796 464 222 700 834 66 765 539 0 660 72 699
404,249 427 409 331 4 273 34 93 290 170 18 708 133 616 726 442 313 823 53 426
405,25 185 619 103 247 677 457 92 807 530 62 580 712 460 800 40 195 196 50 10
406,185 527 376 330 38 507 699 554 769 156 241 745 23 45 58 806 580 98 50 647
407,62 25 712 185 517 454 617 775 537 109 520 333 618 397 215 800 128 538 85 742
408,185 195 677 25 460 394 31 103 619 247 11 245 127 46 457 207 724 373 580 712
409,439 91 198 781 692 494 126 121 304 210 607 221 17 725 436 421 574 642 103 530
410,185 677 195 247 460 103 580 25 512 619 394 207 245 31 712 298 457 11 123 530
411,185 103 25 677 530 619 712 460 800 62 775 457 618 333 454 196 247 92 109 210
412,747 748 216 3 42 149 309 358 76 631 625 104 107 837 720 388 141 517 443 751
413,677 185 195 247 394 25 245 123 103 580 460 11 31 46 197 457 619 724 207 127
414,580 185 247 677 195 50 619 40 45 119 668 526 457 181 807 156 724 552 795 127
415,185 25 460 103 677 530 712 196 62 775 247 800 619 537 618 210 81 538 454 457
416,185 677 103 25 619 460 530 247 712 807 457 207 14 512 675 62 584 800 92 193
417,306 662 60 434 158 151 140 444 565 84 349 67 508 185 77 173 628 395 114 634
418,580 45 668 195 40 526 841 601 247 50 795 724 614 818 159 119 156 441 127 302
419,614 255 253 630 709 181 580 302 152 40 195 159 431 526 782 247 724 390 123 31
420,382 210 140 662 434 77 295 114 113 151 439 311 60 476 103 530 732 349 625 789
421,185 103 25 677 460 712 530 619 62 454 800 247 333 207 109 196 298 807 512 457
422,677 185 195 25 247 92 457 580 668 31 281 142 123 207 197 245 775 460 127 11
423,306 662 60 434 158 151 140 444 565 84 349 67 508 185 77 173 628 395 114 634
424,662 60 434 140 151 444 77 349 84 185 565 508 173 740 634 114 67 537 239 382
425,568 501 14 183 810 323 262 462 592 99 327 33 495 410 13 208 188 193 367 591
426,677 185 195 247 580 512 25 207 460 457 31 394 123 724 619 103 127 46 298 11
427,185 25 712 103 677 530 460 62 619 800 454 457 760 196 333 618 397 247 774 81
428,185 677 25 247 195 103 619 460 580 530 457 800 40 712 207 807 50 512 81 62
429,70 788 256 582 510 277 292 575 796 834 700 741 66 136 222 660 464 699 539 72
430,25 185 103 677 712 460 247 530 800 196 619 775 92 62 454 457 269 81 618 538
431,185 677 25 195 247 580 207 457 619 103 460 197 668 92 142 40 298 534 181 512
432,306 662 60 434 158 151 140 444 565 84 349 67 508 185 77 173 628 395 114 634
433,568 567 165 14 501 727 367 635 194 336 658 183 461 726 410 32 323 344 702 209
434,140 662 151 434 121 60 634 210 158 740 382 486 295 113 439 84 565 259 833 403
435,185 677 195 580 247 724 31 123 127 245 512 207 373 25 11 197 457 298 46 40
436,568 501 592 462 14 651 243 13 487 591 461 367 702 123 208 144 188 782 12 612
437,413 42 76 3 748 141 598 479 751 107 216 268 176 720 631 747 26 432 490 666
438,113 485 403 100 79 802 242 686 430 77 309 466 833 210 386 742 362 782 775 571
439,77 140 210 439 662 151 434 121 60 84 126 692 198 382 113 564 536 806 103 407
440,580 247 526 50 782 795 552 309 195 393 242 608 614 113 40 159 601 167 476 182
441,306 662 60 434 158 151 140 444 565 84 349 67 508 185 77 173 628 395 114 634
442,306 662 60 434 158 151 140 444 565 84 349 67 508 185 77 173 628 395 114 634
443,306 662 60 434 158 151 140 444 565 84 349 67 508 185 77 173 628 395 114 634
444,93 205 273 823 53 142 427 428 779 286 102 548 708 604 4 409 116 333 313 18
445,306 662 60 434 158 151 140 444 565 84 349 67 508 185 77 173 628 395 114 634
446,517 748 309 331 747 3 117 26 216 76 141 42 104 388 215 160 142 85 21 631
447,306 662 60 434 158 151 140 444 565 84 349 67 508 185 77 173 628 395 114 634
448,485 403 802 79 212 686 362 386 77 242 210 233 519 833 742 121 309 775 253 782
449,113 301 485 403 293 802 79 686 430 100 212 242 77 210 519 466 386 782 833 775
450,306 662 60 434 158 151 140 444 565 84 349 67 508 185 77 173 628 395 114 634
451,306 662 60 434 158 151 140 444 565 84 349 67 508 185 77 173 628 395 114 634
452,140 77 434 486 662 151 113 446 210 295 349 518 530 60 103 435 654 634 403 833
453,185 103 677 460 619 25 712 800 454 62 333 207 457 210 512 345 396 247 196 618
454,295 77 536 662 434 151 210 439 397 140 60 382 829 259 788 530 740 174 178 574
455,185 677 25 103 712 460 530 619 62 457 109 800 333 807 207 67 142 210 454 196
456,185 677 103 460 25 530 712 619 247 800 207 62 457 454 109 512 775 196 807 193
457,548 273 344 102 454 333 286 417 823 5 142 4 708 101 399 186 414 659 616 742
458,662 60 434 158 140 151 444 84 565 349 67 508 185 77 173 628 395 114 634 740
459,580 45 119 303 732 527 42 441 40 419 142 515 404 601 50 795 677 750 619 307
460,70 438 256 267 510 788 575 277 222 292 741 582 700 356 66 136 834 689 72 699
461,306 662 60 434 158 151 140 444 565 84 349 67 508 185 77 173 628 395 114 634
462,438 70 256 788 575 277 222 292 582 356 700 66 741 136 765 834 72 689 65 699
463,45 696 432 732 601 527 352 42 580 841 156 479 441 354 795 668 818 515 119 50
464,185 677 580 50 247 527 732 195 512 45 530 119 40 156 619 352 795 674 207 42
465,580 619 732 795 307 156 841 358 509 478 441 275 527 45 352 668 589 118 435 204
466,412 128 3 133 598 76 230 413 132 414 176 747 216 141 149 631 249 215 238 652
467,185 677 195 247 103 25 460 712 580 619 394 457 207 512 123 298 31 436 46 11
468,306 662 60 434 158 151 140 444 565 84 349 67 508 185 77 173 628 395 114 634
469,358 611 631 268 107 432 748 527 732 42 352 76 720 192 580 601 141 515 3 119
470,306 662 60 434 158 151 140 444 565 84 349 67 508 185 77 173 628 395 114 634
471,306 662 60 434 158 151 140 444 565 84 349 67 508 185 77 173 628 395 114 634
472,306 662 60 434 158 151 140 444 565 84 349 67 508 185 77 173 628 395 114 634
473,568 14 501 13 33 584 810 99 409 591 193 702 650 278 592 194 461 481 381 162
474,677 195 185 580 724 123 31 247 245 127 394 436 373 46 197 512 91 8 207 457
475,185 677 103 712 25 619 530 195 460 247 207 62 109 41 580 457 298 800 512 40
476,306 662 60 434 158 151 140 444 565 84 349 67 508 185 77 173 628 395 114 634
477,306 662 60 434 158 151 140 444 565 84 349 67 508 185 77 173 628 395 114 634
478,306 662 60 434 158 151 140 444 565 84 349 67 508 185 77 173 628 395 114 634
479,580 45 732 352 156 601 527 841 303 795 42 526 818 50 441 515 432 119 419 479
480,185 677 619 530 25 103 460 142 62 210 712 109 649 247 807 192 457 580 774 605
481,107 268 141 192 720 3 76 358 271 747 380 751 718 337 215 688 517 748 631 21
482,306 662 60 434 158 151 140 444 565 84 349 67 508 185 77 173 628 395 114 634
483,185 677 195 25 247 460 457 103 619 580 712 207 394 62 800 512 40 11 298 92
484,306 662 60 434 158 151 140 444 565 84 349 67 508 185 77 173 628 395 114 634
485,185 25 677 103 619 712 530 457 62 247 460 40 775 800 508 207 109 210 181 807
486,70 267 510 222 582 356 741 66 539 834 765 72 20 699 689 65 464 0 88 660
487,80 424 151 434 113 806 140 196 229 405 662 444 634 100 77 103 60 158 72 397
488,306 662 60 434 158 151 140 444 565 84 349 67 508 185 77 173 628 395 114 634
489,677 185 195 247 580 25 457 724 31 512 123 127 207 460 40 394 619 298 668 373
490,677 185 580 195 142 197 25 280 732 31 668 245 40 181 534 303 457 724 247 127
491,580 45 526 307 441 303 247 156 795 841 40 119 818 601 167 42 479 182 677 750
492,185 677 25 103 712 530 460 619 247 775 800 62 457 618 207 454 92 33 210 807
493,699 23 520 241 723 647 769 38 498 376 627 218 554 138 59 582 252 489 172 796
494,133 148 101 631 326 414 36 548 426 412 488 149 273 388 238 652 333 625 598 128
495,306 662 60 434 158 151 140 444 565 84 349 67 508 185 77 173 628 395 114 634
496,438 699 256 70 582 464 788 136 267 322 72 252 23 741 277 810 66 627 796 356
497,306 662 60 434 158 151 140 444 565 84 349 67 508 185 77 173 628 395 114 634
498,185 677 195 247 245 394 580 31 123 46 25 460 724 127 207 512 103 457 619 436
499,140 382 210 77 662 121 439 67 486 775 103 530 434 625 654 518 24 574 333 311
500,306 662 60 434 158 151 140 444 565 84 349 67 508 185 77 173 628 395 114 634
501,185 677 195 460 25 247 207 103 512 712 580 298 619 457 46 31 11 123 40 530
502,185 677 25 457 247 668 195 836 103 207 460 454 92 712 269 181 298 604 142 62
503,527 601 696 45 697 432 303 732 580 50 632 204 119 352 526 677 156 785 515 778
504,469 273 823 297 521 616 134 170 142 286 636 331 187 754 708 427 696 447 75 133
505,580 247 195 159 526 782 668 40 185 614 677 552 309 50 167 724 809 242 608 123
506,185 677 195 460 25 103 247 712 619 512 207 457 298 530 580 31 800 123 40 801
507,358 268 192 611 748 527 337 419 720 42 352 271 841 515 45 107 580 601 732 141
508,306 662 60 434 158 151 140 444 565 84 349 67 508 185 77 173 628 395 114 634
509,580 45 526 601 156 441 841 119 40 818 307 732 168 303 795 527 50 479 419 750
510,580 195 159 247 40 668 309 614 608 167 782 841 526 724 152 160 185 45 255 302
511,358 352 527 732 611 748 42 337 204 142 696 45 515 192 432 649 677 580 601 118
512,185 677 103 25 460 530 712 619 457 207 800 195 92 775 109 62 196 298 801 580
513,306 662 60 434 158 151 140 444 565 84 349 67 508 185 77 173 628 395 114 634
514,580 527 45 732 601 841 50 156 352 42 677 185 818 303 795 668 432 119 195 479
515,273 101 548 631 4 708 133 388 148 249 128 426 238 399 418 170 93 412 416 230
516,568 501 367 461 201 278 208 618 592 262 32 427 14 428 13 702 209 410 165 810
517,358 107 720 747 141 76 748 268 611 3 631 751 192 590 380 215 337 432 352 42
518,210 439 77 140 60 434 126 662 91 692 198 121 574 84 151 544 103 444 642 259
519,434 662 77 140 444 634 259 349 382 405 121 537 565 114 103 833 113 210 397 439
520,306 662 60 434 158 151 140 444 565 84 349 67 508 185 77 173 628 395 114 634
521,185 677 103 25 712 460 619 530 454 800 457 33 618 62 247 207 109 196 92 269
522,306 662 60 434 158 151 140 444 565 84 349 67 508 185 77 173 628 395 114 634
523,185 677 195 210 247 439 91 580 25 732 692 121 103 836 512 775 619 298 40 674
524,434 662 151 77 140 444 634 259 349 382 113 833 565 121 537 740 103 486 114 210
525,185 677 247 195 580 512 619 207 103 457 25 732 530 40 460 31 298 534 245 552
526,662 60 434 158 140 151 444 84 565 349 67 508 185 77 173 628 395 114 634 740
527,580 45 195 841 247 50 601 724 309 608 182 668 479 185 167 818 677 307 526 782
528,306 662 60 434 158 151 140 444 565 84 349 67 508 185 77 173 628 395 114 634
529,185 677 195 580 247 123 31 25 394 724 245 127 457 512 11 46 460 103 619 40
530,162 48 208 766 568 391 622 262 124 771 314 199 815 734 56 462 14 680 730 672
531,185 677 25 530 103 460 619 40 247 140 67 457 732 712 154 508 92 580 800 195
532,807 530 142 527 14 584 45 192 247 103 156 33 303 25 457 677 441 92 501 580
533,185 677 195 247 25 580 457 460 207 31 512 103 394 40 123 11 724 46 619 127
534,185 712 103 460 677 530 25 619 193 14 457 807 207 33 10 62 675 454 512 584
535,306 662 60 434 158 151 140 444 565 84 349 67 508 185 77 173 628 395 114 634
536,185 677 195 460 103 25 712 619 530 247 207 512 457 46 800 298 580 31 760 109
537,306 662 60 434 158 151 140 444 565 84 349 67 508 185 77 173 628 395 114 634
538,185 103 677 619 25 530 712 460 775 800 62 454 207 457 618 247 196 33 807 210
539,185 677 530 580 732 247 619 142 649 40 457 512 50 611 210 119 195 25 807 527
540,306 662 60 434 158 151 140 444 565 84 349 67 508 185 77 173 628 395 114 634
541,185 677 195 247 25 460 580 457 103 512 207 619 712 298 40 92 31 46 197 668
542,403 301 113 79 430 210 802 293 212 242 362 185 386 782 114 349 100 692 806 126
543,70 256 438 788 510 277 292 700 582 539 575 88 222 227 699 741 72 136 20 769
544,580 195 247 309 40 724 185 159 782 123 608 668 809 526 677 651 127 31 242 552
545,3 76 748 141 413 42 720 268 747 631 21 107 358 26 216 149 751 490 215 479
546,580 677 185 247 195 40 457 668 619 181 92 45 159 25 207 50 8 309 552 807
547,113 185 121 210 677 403 485 25 546 508 775 574 103 196 654 537 269 92 712 77
548,677 185 195 580 247 512 530 11 394 46 25 619 245 103 436 298 207 91 31 460
549,113 485 403 301 77 151 434 140 293 486 833 295 662 802 79 758 466 435 210 686
550,358 337 118 754 611 192 748 271 268 527 42 352 500 419 163 318 732 142 720 355
551,185 677 195 25 460 247 103 91 436 692 394 512 439 775 298 11 800 207 712 580
552,568 501 33 367 14 208 461 165 32 567 702 194 201 618 410 278 487 726 428 727
553,70 256 267 510 575 277 292 765 582 539 356 741 66 834 20 72 699 0 65 88
554,306 662 60 434 158 151 140 444 565 84 349 67 508 185 77 173 628 395 114 634
555,306 662 60 434 158 151 140 444 565 84 349 67 508 185 77 173 628 395 114 634
556,580 45 247 526 841 668 601 167 795 309 159 614 195 479 608 818 302 152 40 50
557,185 677 195 460 512 103 247 712 298 207 619 245 25 580 31 46 123 373 91 197
558,699 834 788 70 252 23 256 582 627 796 741 464 66 322 72 769 267 277 765 700
559,473 816 622 451 704 391 124 766 175 564 557 695 648 643 57 493 687 734 262 483
560,234 232 146 306 662 60 434 158 151 140 444 565 84 349 77 67 508 634 628 173
561,439 198 91 692 121 210 781 126 304 78 103 642 114 574 140 77 530 349 17 712
562,26 358 670 748 754 696 747 28 432 720 118 76 3 555 318 107 317 527 148 611
563,306 662 60 434 158 151 140 444 565 84 349 67 508 185 77 173 628 395 114 634
564,185 677 103 712 460 530 25 247 619 512 207 62 195 800 298 333 109 210 196 457
565,580 45 631 732 352 432 42 168 404 515 649 119 527 795 441 142 602 750 479 668
566,185 103 247 298 210 712 460 512 530 195 580 38 207 91 619 439 25 775 692 50
567,306 662 60 434 158 151 140 444 565 84 349 67 508 185 77 173 628 395 114 634
568,185 677 195 247 25 460 580 103 394 123 457 31 245 40 11 724 712 512 127 207
569,580 45 668 195 247 841 50 601 795 526 724 40 159 614 302 119 127 309 185 818
570,76 414 128 176 42 412 160 413 748 133 652 132 168 720 696 107 45 426 612 479
571,306 662 60 434 158 151 140 444 565 84 349 67 508 185 77 173 628 395 114 634
572,185 712 460 677 103 530 25 619 662 109 800 195 537 760 67 508 298 210 457 140
573,234 146 306 662 60 434 158 151 140 444 565 84 349 67 77 508 628 634 173 185
574,185 677 247 103 25 619 460 580 457 207 195 40 512 712 92 668 530 807 775 62
575,306 662 60 434 158 151 140 444 565 84 349 67 508 185 77 173 628 395 114 634
576,677 580 185 512 303 142 45 247 526 195 552 42 119 160 527 732 8 457 393 795
577,580 45 303 732 352 156 42 841 441 795 526 601 307 419 527 515 119 750 697 818
578,580 45 795 526 441 40 307 601 732 119 619 841 168 156 668 750 303 50 614 195
579,567 165 331 568 517 461 462 13 727 194 680 29 501 209 32 134 314 658 591 592
580,306 662 60 434 158 151 140 444 565 84 349 67 508 185 77 173 628 395 114 634
581,580 45 441 732 352 795 156 307 841 303 42 337 750 515 601 168 204 27 119 142
582,185 677 619 712 103 457 247 530 207 460 527 25 580 512 40 142 62 195 210 298
583,306 662 60 434 158 151 140 444 565 84 349 67 508 185 77 173 628 395 114 634
584,306 662 60 434 158 151 140 444 565 84 349 67 508 185 77 173 628 395 114 634
585,185 677 195 25 247 103 460 457 619 712 207 512 580 530 298 62 40 800 534 668
586,306 662 60 434 158 151 140 444 565 84 349 67 508 185 77 173 628 395 114 634
587,301 485 113 403 79 100 242 802 77 686 210 309 833 742 466 386 782 775 519 692
588,185 103 712 677 530 460 25 619 454 62 207 508 662 210 247 298 33 333 800 196
589,306 662 60 434 158 151 140 444 565 84 349 67 508 185 77 173 628 395 114 634
590,580 185 45 530 619 247 40 457 210 195 160 142 677 303 807 527 159 119 795 103
591,580 654 619 795 732 307 156 509 358 441 841 527 275 478 45 668 185 352 500 247
592,185 677 103 712 460 530 25 207 619 247 195 512 457 800 62 760 92 775 40 580
593,185 677 103 712 530 25 619 247 109 207 760 195 62 800 512 298 457 454 662 210
594,306 662 60 434 158 151 140 444 565 84 349 67 508 185 77 173 628 395 114 634
595,568 14 13 501 262 162 815 462 409 463 410 99 730 194 584 33 199 771 95 188
596,141 3 747 268 76 358 107 751 380 215 192 590 631 611 644 21 271 718 337 748
597,185 103 25 677 712 460 530 454 619 800 618 33 196 62 269 508 210 247 457 537
598,185 677 195 247 580 25 31 724 127 460 457 394 245 40 619 207 103 512 373 11
599,677 185 195 247 580 25 457 31 245 207 123 460 619 394 40 724 512 103 127 46
600,185 677 195 460 245 11 25 103 619 31 46 512 123 207 247 373 712 298 580 457
601,185 677 247 103 460 619 530 25 195 457 712 512 580 207 40 775 298 807 62 109
602,677 185 512 247 207 25 534 195 103 530 8 457 298 712 580 619 92 142 668 210
603,306 662 60 434 158 151 140 444 565 84 349 67 508 185 77 173 628 395 114 634
604,580 45 601 441 307 526 841 795 156 303 668 50 750 119 42 732 697 677 168 354
605,185 677 195 460 103 25 247 207 712 619 512 46 580 31 436 530 123 457 373 298
606,198 781 692 126 121 304 210 400 221 421 17 436 642 607 725 114 349 574 530 60
607,185 247 677 580 530 195 512 103 210 207 619 298 40 92 712 457 109 119 50 775
608,114 140 77 662 210 121 439 103 259 198 113 382 574 565 84 91 712 403 634 530
609,185 677 530 103 210 207 512 247 712 460 195 91 692 439 38 121 316 775 126 580
610,306 662 60 434 158 151 140 444 565 84 349 67 508 185 77 173 628 395 114 634
611,306 662 60 434 158 151 140 444 565 84 349 67 508 185 77 173 628 395 114 634
612,185 103 530 677 619 25 712 460 457 62 192 807 512 769 67 454 109 207 800 247
613,185 25 677 103 247 457 712 775 619 460 92 800 40 207 62 807 195 530 512 580
614,580 247 40 552 195 677 185 181 668 159 614 309 457 724 50 119 167 674 302 255
615,567 14 331 165 517 13 568 680 314 162 29 461 442 584 658 10 194 675 591 719
616,823 718 76 612 141 273 183 226 531 616 133 427 838 187 428 625 101 165 521 18
617,306 662 60 434 158 151 140 444 565 84 349 67 508 185 77 173 628 395 114 634
618,306 662 60 434 158 151 140 444 565 84 349 67 508 185 77 173 628 395 114 634
619,185 677 580 40 195 457 247 207 668 309 142 619 298 303 62 45 31 25 119 512
620,210 140 77 439 662 434 151 121 198 574 113 91 103 84 259 692 126 444 634 565
621,306 662 60 434 158 151 140 444 565 84 349 67 508 185 77 173 628 395 114 634
622,306 662 60 434 158 151 140 444 565 84 349 67 508 185 77 173 628 395 114 634
623,195 185 677 580 245 394 31 123 724 46 127 247 373 512 197 436 207 298 25 619
624,306 662 60 434 158 151 140 444 565 84 349 67 508 185 77 173 628 395 114 634
625,185 677 25 195 247 457 103 712 207 460 619 40 92 836 62 269 298 807 775 512
626,185 677 195 247 460 580 25 103 512 207 457 619 394 712 298 31 46 11 123 40
627,306 662 60 434 158 151 140 444 565 84 349 67 508 185 77 173 628 395 114 634
628,732 479 580 432 527 668 156 45 476 352 42 168 696 601 795 49 841 515 119 830
629,306 662 60 434 158 151 140 444 565 84 349 67 508 185 77 173 628 395 114 634
630,185 103 677 712 530 460 619 800 62 454 457 196 247 618 109 207 743 195 67 333
631,306 662 60 434 158 151 140 444 565 84 349 67 508 185 77 173 628 395 114 634
632,306 662 60 434 158 151 140 444 565 84 349 67 508 185 77 173 628 395 114 634
633,631 388 548 148 101 133 414 128 747 3 625 412 273 142 590 216 141 399 426 238
634,185 677 195 460 25 103 247 619 457 712 207 530 46 512 31 580 123 298 800 40
635,677 185 195 394 247 245 123 580 103 436 31 11 46 25 197 724 512 127 91 460
636,306 662 60 434 158 151 140 444 565 84 349 67 508 185 77 173 628 395 114 634
637,208 568 702 501 810 367 48 492 410 513 462 162 194 14 529 32 209 262 13 481
638,306 662 60 434 158 151 140 444 565 84 349 67 508 185 77 173 628 395 114 634
639,229 446 151 382 434 737 625 654 77 140 397 389 544 311 103 295 536 458 259 478
640,501 568 702 462 13 14 810 529 463 162 99 409 12 188 262 591 826 651 650 18
641,121 103 140 185 247 295 439 210 40 25 775 530 677 450 81 484 580 434 662 697
642,513 735 323 568 592 224 18 636 810 54 262 461 462 487 29 34 250 53 148 381
643,185 677 195 460 103 25 530 712 247 619 207 512 457 800 760 801 298 11 109 662
644,306 662 60 434 158 151 140 444 565 84 349 67 508 185 77 173 628 395 114 634
645,38 696 699 26 148 754 252 670 358 735 521 23 799 138 412 555 731 163 527 177
646,745 814 448 451 716 643 794 796 685 174 172 704 640 689 90 816 72 371 771 483
647,306 662 60 434 158 151 140 444 565 84 349 67 508 185 77 173 628 395 114 634
648,438 70 256 788 292 582 66 575 510 72 65 236 741 834 222 464 227 660 539 699
649,473 391 557 816 162 262 622 124 734 704 766 48 568 208 314 815 687 483 95 564
650,580 195 247 724 309 185 123 614 40 677 159 127 181 31 630 782 526 709 253 152
651,185 677 195 25 247 460 457 619 103 580 394 207 245 512 31 712 46 123 298 127
652,195 677 185 580 724 123 31 247 127 245 394 46 373 40 512 457 25 197 207 619
653,306 662 60 434 158 151 140 444 565 84 349 67 508 185 77 173 628 395 114 634
654,185 677 25 103 195 712 460 619 457 247 207 800 530 512 62 298 454 775 807 109
655,185 677 103 247 207 25 460 512 712 195 619 457 298 530 316 534 800 92 580 775
656,747 141 107 76 720 380 751 3 268 358 718 215 631 226 590 192 271 748 202 644
657,438 267 256 575 277 796 292 582 222 136 700 741 464 66 0 539 834 689 660 20
658,306 662 434 140 151 444 565 84 349 77 67 508 173 185 634 395 114 628 740 486
659,687 622 816 493 643 638 69 766 551 291 535 90 672 803 797 208 262 473 704 59
660,344 295 757 775 405 40 102 99 397 186 742 196 103 752 93 767 383 121 756 457
661,580 45 601 156 441 841 732 307 527 795 50 352 119 42 818 750 526 479 632 303
662,306 662 60 434 158 151 140 444 565 84 349 67 508 185 77 173 628 395 114 634
663,677 185 195 247 580 512 25 457 207 460 724 103 123 31 40 394 127 298 619 668
664,306 662 60 434 158 151 140 444 565 84 349 67 508 185 77 173 628 395 114 634
665,114 140 77 662 210 121 439 103 259 113 382 574 565 198 84 91 634 444 712 403
666,438 70 510 256 700 582 227 277 292 796 222 539 136 0 741 699 834 66 88 660
667,185 103 113 247 196 460 775 530 121 25 677 210 712 81 77 662 800 508 269 397
668,788 70 699 256 834 292 796 582 136 267 277 510 23 72 575 741 700 227 66 769
669,185 103 25 530 677 619 712 460 800 62 454 333 196 457 775 247 210 807 109 207
670,306 662 60 434 158 140 151 444 84 565 67 185 77 508 173 395 628 634 311 740
671,234 146 306 662 60 434 158 151 140 444 565 84 349 67 77 508 628 634 173 185
672,185 103 25 530 677 712 619 460 457 807 454 345 62 775 196 207 10 618 210 800
673,162 568 208 314 262 816 815 734 48 462 557 124 771 513 473 687 194 14 766 327
674,185 25 103 677 712 619 460 530 800 618 454 62 457 247 196 33 269 210 207 92
675,358 527 580 732 192 118 611 42 432 45 419 337 318 352 841 142 754 795 163 696
676,185 677 195 580 247 724 40 31 457 123 127 25 512 207 460 619 8 245 668 298
677,306 662 60 434 158 151 140 444 565 84 349 67 508 185 77 173 628 395 114 634
678,185 677 25 712 103 460 530 619 62 195 457 109 454 333 800 67 760 207 807 142
679,229 0 317 318 654 196 358 210 625 518 25 215 121 178 382 751 500 226 486 611
680,70 438 788 256 267 582 575 292 796 227 700 136 741 689 222 356 66 660 464 834
681,195 580 185 309 677 247 40 724 127 31 123 519 782 301 159 775 552 25 293 668
682,580 45 841 677 732 601 795 185 42 156 195 119 527 40 303 352 668 526 247 419
683,306 662 60 434 158 151 140 444 565 84 349 67 508 185 77 173 628 395 114 634
684,306 662 60 434 158 151 140 444 565 84 349 67 508 185 77 173 628 395 114 634
685,195 580 185 242 40 677 247 782 159 668 724 123 519 127 31 630 775 301 457 552
686,306 662 60 434 158 151 140 444 565 84 349 67 508 185 77 173 628 395 114 634
687,806 73 424 113 510 70 788 295 229 218 196 151 434 0 654 627 376 485 538 554
688,306 662 60 434 158 151 140 444 565 84 349 67 508 185 77 173 628 395 114 634
689,677 185 40 457 195 207 247 25 580 836 303 62 298 181 552 668 512 619 103 534
690,185 677 195 460 103 25 530 712 247 619 207 457 512 394 800 760 801 11 298 109
691,185 677 103 25 712 460 247 530 619 195 207 800 580 92 298 62 457 512 333 46
692,358 337 527 118 192 754 611 271 42 841 696 748 419 601 156 432 352 142 45 163
693,306 662 60 434 158 151 140 444 565 84 349 67 508 185 77 173 628 395 114 634
694,306 662 60 434 158 151 140 444 565 84 349 67 508 185 77 173 628 395 114 634
695,185 677 195 460 247 512 103 207 712 580 298 25 619 31 46 11 123 530 457 436
696,185 677 103 25 460 530 712 619 92 457 195 207 775 800 512 62 196 109 298 40
697,427 142 93 170 4 631 426 280 414 548 273 286 133 205 313 604 767 417 616 652
698,306 662 60 434 158 151 140 444 565 84 349 67 508 185 77 173 628 395 114 634
699,140 121 210 382 662 295 114 301 196 537 259 775 349 625 634 740 486 579 103 833
700,580 50 601 195 45 526 724 247 841 119 795 668 818 159 40 167 309 127 182 123
701,677 185 195 580 247 724 31 457 25 123 512 127 394 40 460 373 207 197 619 46
702,121 113 210 198 439 692 77 387 196 91 403 126 775 538 103 81 382 304 485 140
703,306 662 60 434 158 151 140 444 565 84 349 67 508 185 77 173 628 395 114 634
704,185 25 103 677 712 460 619 530 800 247 62 196 775 457 675 10 33 92 618 193
705,185 677 103 25 460 712 530 619 247 62 800 207 457 512 109 92 196 775 298 195
706,185 677 103 25 460 530 712 619 800 457 454 207 62 775 109 92 512 801 298 333
707,622 208 766 687 643 704 816 672 734 473 175 57 69 474 595 162 493 124 483 262
708,434 662 77 60 151 140 444 634 382 121 113 210 740 439 833 403 38 91 311 565
709,113 301 403 100 79 802 210 77 686 430 242 386 833 362 775 692 121 295 546 742
710,70 256 716 98 72 699 627 788 330 23 741 582 498 241 356 267 65 790 66 810
711,185 677 103 247 25 460 619 530 712 457 207 195 512 298 92 580 40 62 800 10
712,185 195 677 123 580 247 127 245 394 724 25 11 46 460 373 40 207 512 599 103
713,568 501 262 13 409 734 463 368 14 462 592 495 162 194 513 12 34 243 208 487
714,185 25 712 677 460 196 454 800 333 345 62 618 192 775 210 10 396 675 457 807
715,580 45 795 732 404 601 303 119 168 160 142 309 526 841 40 195 67 355 441 476
716,439 185 712 460 677 210 91 512 298 121 207 821 781 154 382 530 327 476 527 434
717,185 677 195 247 25 460 103 457 512 580 207 31 712 619 394 40 298 530 123 11
718,170 205 428 427 273 823 53 9 93 142 469 333 286 313 426 134 409 75 29 604
719,185 677 195 247 103 25 460 394 245 580 207 123 457 512 31 619 712 46 11 298
720,128 439 652 389 662 68 91 548 36 612 625 837 518 333 38 370 148 426 477 210
721,306 662 60 434 158 151 140 444 565 84 349 67 508 185 77 173 628 395 114 634
722,185 677 103 460 25 619 530 195 712 207 457 512 800 92 580 109 298 775 62 40
723,185 677 195 247 580 512 460 394 207 25 619 31 103 123 724 298 127 11 373 197
724,548 273 148 286 101 133 625 149 388 142 414 747 631 738 823 102 412 616 428 170
725,185 677 530 103 460 712 454 25 619 800 210 109 333 439 62 662 91 121 67 223
726,259 791 258 239 811 397 96 579 771 796 609 551 25 333 36 405 536 560 474 225
727,185 677 25 103 454 530 460 712 619 618 33 800 457 62 109 333 207 193 675 775
728,747 625 107 215 388 67 530 720 611 662 36 517 837 210 518 41 748 486 229 76
729,185 195 677 580 247 123 31 25 127 460 724 394 245 11 619 40 512 457 373 775
730,234 146 306 662 60 434 158 151 140 444 565 84 349 67 77 508 628 634 173 185
731,582 322 136 70 741 592 501 438 788 464 568 356 243 144 834 98 495 826 810 72
732,412 132 176 3 149 160 128 76 216 326 141 215 246 799 747 414 413 490 598 42
733,438 788 70 267 575 796 700 277 0 88 222 806 292 20 765 769 699 654 834 539
734,306 662 60 434 158 151 140 444 565 84 349 67 508 185 77 173 628 395 114 634
735,580 45 526 601 841 795 50 195 818 441 724 156 40 668 307 182 247 167 479 750
736,677 103 25 712 460 530 619 207 298 800 457 512 195 247 62 454 775 508 109 210
737,306 662 60 434 158 151 140 444 565 84 349 67 508 185 77 173 628 395 114 634
738,26 748 358 670 747 754 720 3 331 76 611 631 149 317 388 28 104 432 732 107
739,185 103 677 25 460 712 530 454 457 619 800 247 207 62 298 195 775 210 512 109
740,185 677 247 103 25 460 775 619 457 800 530 712 40 621 207 195 269 807 33 580
741,185 677 195 245 247 123 580 31 512 11 207 724 127 460 298 373 436 25 197 46
742,185 103 530 25 460 712 619 454 33 677 109 62 800 333 196 193 396 537 67 345
743,195 677 185 123 31 724 247 127 40 580 457 245 46 11 668 373 207 25 298 460
744,306 662 60 434 158 151 140 444 565 84 349 67 508 185 77 173 628 395 114 634
745,306 662 60 434 158 140 151 444 349 67 77 508 173 185 628 634 114 395 486 740
746,580 45 601 795 526 441 307 732 50 119 841 156 608 750 42 476 195 668 479 818
747,715 397 448 745 694 791 794 360 25 663 361 90 295 172 597 743 816 640 689 544
748,185 25 677 619 457 62 103 40 460 530 807 580 50 142 195 527 247 712 109 775
749,439 91 198 781 210 692 304 126 78 494 140 221 400 77 574 295 349 607 84 642
750,185 677 580 247 619 457 195 103 25 40 530 207 512 460 62 712 50 775 92 298
751,306 662 60 434 158 151 140 444 565 84 349 67 508 185 77 173 628 395 114 634
752,234 146 306 662 60 434 158 151 140 444 565 84 349 67 77 508 628 634 173 185
753,185 677 25 195 460 247 619 457 103 775 530 62 40 800 580 109 712 207 512 92
754,140 382 486 210 546 84 654 518 178 530 24 318 77 574 295 358 151 565 259 121
755,306 662 60 434 158 151 140 444 565 84 349 67 508 185 77 173 628 395 114 634
756,439 91 198 781 121 692 494 126 304 78 210 607 17 103 725 436 114 642 77 574
757,185 103 530 25 460 712 619 210 247 196 775 62 457 140 92 800 605 662 109 269
758,185 25 677 103 712 619 460 530 457 247 62 800 195 807 207 109 775 512 210 92
759,185 677 195 394 25 245 123 247 103 11 31 460 712 46 580 197 457 436 512 207
760,185 677 619 530 103 460 712 195 62 25 247 40 457 207 732 580 512 210 662 154
761,45 432 527 732 841 696 601 42 352 580 156 795 441 337 515 119 168 668 479 818
762,358 747 748 3 631 216 141 76 42 517 107 720 751 226 380 271 268 718 149 215
763,185 677 195 580 247 394 123 31 245 724 11 127 25 460 103 46 512 457 197 619
764,582 322 70 810 788 700 835 292 438 741 227 256 469 765 529 136 699 735 318 539
765,631 358 580 142 732 45 611 748 747 352 3 268 42 527 119 602 355 141 432 649
766,580 45 601 526 668 841 795 441 50 307 40 195 614 247 119 818 724 167 156 159
767,747 141 76 107 268 720 751 3 380 215 358 748 192 718 611 798 644 226 202 517
768,438 70 256 510 788 277 582 292 222 227 700 741 66 88 136 834 699 20 356 0
769,439 198 494 781 304 210 78 400 421 121 221 17 77 574 349 114 436 579 725 60
770,70 438 788 256 277 267 582 510 575 292 464 136 700 741 834 796 765 222 322 0
771,185 25 103 677 247 619 460 457 530 712 775 454 621 109 33 62 800 92 207 675
772,25 185 103 712 460 530 619 800 247 196 62 775 675 92 457 10 333 618 81 193
773,306 662 60 434 158 151 140 444 565 84 349 67 508 185 77 173 628 395 114 634
774,185 677 103 25 247 40 457 712 207 62 195 580 530 619 460 298 807 512 92 41
775,185 677 195 25 460 457 207 580 512 103 619 40 245 712 31 298 123 724 127 11
776,185 662 712 677 103 460 530 60 25 140 619 434 62 508 800 207 151 775 195 298
777,388 133 128 412 148 548 273 414 625 216 149 747 631 101 4 399 3 132 326 176
778,103 185 677 530 712 210 247 619 460 298 580 512 439 91 775 207 25 195 81 38
779,185 677 25 103 460 530 195 619 457 207 62 247 807 298 210 109 800 269 40 775
780,185 677 103 25 712 247 512 460 207 195 619 457 530 298 800 534 316 62 109 580
781,306 662 60 434 158 151 140 444 565 84 349 67 508 185 77 173 628 395 114 634
782,185 677 103 25 460 712 530 619 207 457 92 62 800 454 775 196 512 807 298 33
783,273 823 708 548 631 142 590 411 280 604 418 205 616 649 454 598 414 230 249 35
784,306 662 60 434 158 151 140 444 565 84 349 67 508 185 77 173 628 395 114 634
785,306 662 60 434 158 151 140 444 565 84 349 67 508 185 77 173 628 395 114 634
786,580 668 247 614 253 40 159 195 255 309 630 709 181 242 782 608 519 185 552 809
787,185 677 25 103 460 247 619 530 712 800 457 775 62 196 109 207 454 195 618 508
788,306 662 60 434 158 151 140 444 565 84 349 67 508 185 77 173 628 395 114 634
789,306 662 60 434 158 151 140 444 565 84 349 67 508 185 77 173 628 395 114 634
790,337 118 754 732 527 358 352 42 696 45 432 601 841 748 142 611 580 555 50 649
791,185 103 677 25 530 712 460 619 247 800 457 62 775 454 210 109 196 92 207 618
792,306 662 60 434 158 151 140 444 565 84 349 67 508 77 185 173 628 395 634 114
793,185 677 25 103 460 619 530 247 457 712 195 207 62 800 40 512 580 298 775 807
794,132 42 149 160 517 747 76 141 748 3 413 216 215 479 107 720 26 612 331 388
795,652 176 748 412 696 148 612 42 680 799 128 160 161 414 132 591 133 625 326 370
796,306 662 60 434 158 151 140 444 565 84 349 67 508 185 77 173 628 395 114 634
797,185 677 195 247 580 25 457 207 512 460 394 619 31 103 123 724 40 668 127 373
798,185 677 195 394 123 31 25 245 247 127 11 460 46 373 580 207 103 512 457 599
799,42 748 76 747 149 3 160 141 107 720 479 45 268 841 527 517 309 431 380 419
800,580 732 352 45 601 677 795 185 50 156 303 307 619 841 119 441 526 515 527 674
801,113 485 403 802 79 100 686 212 210 430 77 242 362 386 775 742 121 295 833 140
802,205 313 170 273 165 823 134 201 142 93 708 32 469 428 426 408 53 333 133 779
803,25 103 185 712 677 775 345 619 196 192 454 460 457 618 800 807 67 649 210 62
804,306 662 60 434 158 151 140 444 565 84 349 67 508 185 77 173 628 395 114 634
805,185 677 457 195 25 619 207 460 62 530 142 775 580 298 247 712 210 668 67 103
806,273 205 521 133 823 170 149 187 469 286 414 249 422 264 426 238 333 598 18 142
807,631 598 238 76 230 3 133 521 412 142 141 273 413 4 148 249 216 416 74 649
808,185 677 25 530 103 619 210 62 460 712 109 195 527 142 580 457 807 40 333 775
809,306 662 60 434 158 151 140 444 565 84 349 67 508 185 77 173 628 395 114 634
810,185 677 142 530 40 619 195 775 460 62 67 207 580 712 210 605 103 102 649 454
811,185 677 25 103 460 530 457 619 712 62 247 800 775 207 109 195 333 196 807 454
812,185 103 460 25 677 712 530 247 619 62 196 109 800 807 207 92 195 457 775 512
813,438 70 700 575 227 267 256 582 277 136 292 0 539 796 741 222 834 765 88 20
814,568 262 14 501 56 208 381 188 810 766 764 368 48 99 734 13 513 584 162 730
815,185 677 712 25 40 247 195 460 457 580 103 207 668 298 800 775 619 181 508 109
816,185 677 25 103 530 619 460 712 454 618 62 800 207 247 775 675 33 92 196 109
817,185 25 103 677 460 619 712 530 14 675 457 454 62 207 584 800 10 33 807 333
818,306 662 60 434 158 151 140 444 565 84 349 67 508 185 77 173 628 395 114 634
819,306 662 60 434 158 151 140 444 565 84 349 67 508 185 77 173 628 395 114 634
820,306 662 60 434 158 151 140 444 565 84 349 67 508 185 77 173 628 395 114 634
821,185 103 619 677 25 530 460 62 457 618 454 33 800 333 675 207 775 193 109 605
822,527 330 376 745 241 64 185 192 432 45 156 118 58 554 138 790 699 358 769 507
823,76 747 226 517 3 42 107 748 215 21 652 335 720 631 141 26 85 751 490 527
824,185 677 195 460 25 103 247 207 712 512 619 298 457 580 46 31 530 123 40 373
825,306 662 60 434 158 151 140 444 565 84 349 67 508 185 77 173 628 395 114 634
826,306 662 60 434 158 151 140 444 565 84 349 67 508 185 77 173 628 395 114 634
827,185 677 195 25 460 103 247 457 619 712 207 512 530 800 298 580 40 62 92 109
828,306 662 60 434 158 151 140 444 565 84 349 67 508 185 77 173 628 395 114 634
829,677 185 207 247 103 457 195 25 142 40 512 245 604 92 530 712 454 599 298 523
830,580 45 185 40 677 195 668 119 457 303 160 247 181 309 50 724 31 614 795 619
831,3 215 216 388 76 720 107 747 358 748 432 517 412 631 42 141 490 590 160 21
832,185 195 677 247 25 123 580 724 127 245 394 460 207 11 512 373 457 46 103 40
833,91 198 121 781 494 692 304 126 210 78 400 221 349 642 114 140 574 421 607 77
834,309 580 242 195 782 167 40 651 614 608 159 127 519 809 123 724 677 31 668 45
835,306 662 60 434 158 151 140 444 565 84 67 349 508 77 185 395 173 628 634 114
836,252 834 699 438 627 256 510 88 769 23 506 267 806 292 700 660 20 670 284 227
837,306 662 60 434 158 151 140 444 565 84 349 67 508 185 77 173 628 395 114 634
838,113 301 403 485 293 79 100 686 212 242 210 185 77 519 692 386 466 126 775 309
839,306 662 60 434 158 151 140 444 565 84 349 67 508 185 77 173 628 395 114 634
840,185 668 677 247 40 457 195 253 614 630 255 709 207 580 25 836 62 775 712 8
841,215 3 149 517 747 141 26 76 85 748 216 176 652 42 21 107 335 798 751 132
842,438 70 256 267 292 510 699 582 575 796 252 277 741 700 66 222 88 374 72 539
843,580 309 40 195 247 242 185 519 677 782 159 552 526 301 668 293 608 724 181 127
844,133 412 652 176 3 76 326 414 128 413 370 141 42 335 598 426 230 132 246 107
845,185 677 195 460 25 103 619 712 530 247 207 457 800 512 109 62 298 801 580 760
846,580 45 441 307 795 841 247 601 526 818 50 182 156 119 167 159 479 40 303 668
847,344 593 417 311 333 523 548 102 562 142 5 223 121 752 185 775 382 36 476 756
848,810 568 14 279 262 582 162 194 702 33 323 826 556 381 322 165 428 208 584 487
849,580 45 40 484 307 168 526 795 441 119 303 42 668 614 601 707 732 750 159 677
850,185 677 25 103 460 712 457 619 530 62 247 207 40 109 195 454 807 142 775 668
851,405 434 259 151 662 140 60 382 486 634 77 158 444 482 537 397 295 103 121 210
852,580 40 605 619 67 530 732 775 677 210 457 484 247 113 140 185 103 508 752 92
853,306 662 60 434 158 151 140 444 565 84 349 67 508 77 185 173 395 634 628 114
854,306 662 60 434 158 151 140 444 565 84 349 67 508 185 77 173 628 395 114 634
855,185 677 195 247 580 512 207 457 25 724 31 123 460 127 394 40 619 298 373 668
856,185 103 677 530 25 712 460 619 62 800 457 247 109 210 454 807 775 333 298 92
857,306 662 60 434 158 151 140 444 565 84 349 67 508 185 77 173 628 395 114 634
858,185 677 247 25 460 103 195 619 712 530 457 207 800 512 109 92 62 775 298 580
859,677 195 185 580 247 724 123 31 127 245 394 512 373 50 45 46 40 457 8 197
860,185 677 103 712 460 25 619 247 530 207 800 512 457 109 298 62 760 269 92 195
861,677 580 185 247 195 668 50 181 45 8 303 457 159 197 40 614 724 526 207 31
862,229 446 625 544 737 140 382 151 434 24 77 349 259 458 389 536 311 662 397 295
863,273 823 142 4 548 280 93 186 411 35 18 249 344 170 756 604 326 238 521 593
864,337 754 696 45 527 841 42 601 732 156 352 358 204 432 555 632 580 303 677 142
865,185 103 25 530 677 712 619 460 800 454 62 333 196 457 109 807 247 207 210 775
866,185 677 195 25 247 207 619 103 580 460 457 298 712 512 92 530 197 142 46 668
867,677 185 247 580 512 103 195 210 530 207 619 25 91 92 298 775 457 8 460 439
868,273 205 32 409 823 779 639 53 708 428 756 101 34 190 250 142 290 604 75 411
869,185 103 25 460 712 677 530 619 193 33 10 247 14 207 62 457 800 454 584 618
870,185 677 25 460 103 712 62 800 619 454 247 210 196 618 775 537 81 207 538 298
871,33 568 13 165 810 567 410 584 367 336 278 501 193 381 32 702 409 427 675 722
872,185 677 25 103 247 619 460 530 195 775 800 62 712 807 92 196 109 580 81 538
873,77 439 210 121 140 113 151 91 662 382 434 1 239 403 574 485 60 486 397 295
874,306 662 60 434 158 151 140 444 565 84 349 67 508 185 77 173 628 395 114 634
875,580 40 195 309 247 185 457 677 159 724 127 552 31 526 674 119 775 668 123 608
876,580 441 247 45 795 50 526 601 841 668 40 182 818 119 195 677 614 159 156 393
877,580 247 526 45 50 195 601 841 185 40 668 119 724 156 818 159 795 182 677 479
878,185 103 677 530 454 712 619 25 33 460 109 457 247 775 800 760 269 649 618 621
879,70 438 788 277 510 267 292 700 582 575 227 796 765 222 741 136 464 660 66 699
880,234 306 662 60 434 158 151 140 444 565 84 349 67 508 77 311 634 173 628 185
881,580 185 247 40 195 50 668 677 619 181 526 457 309 614 119 156 45 25 674 159
882,128 370 426 176 399 414 652 133 533 160 76 238 326 230 412 132 548 159 598 656
883,306 662 60 434 158 151 140 444 565 84 349 67 508 185 77 173 628 395 114 634
884,548 36 454 333 738 101 286 273 517 488 747 755 117 428 142 102 1 610 149 276
885,306 662 60 434 158 151 140 444 565 84 349 67 508 185 77 173 628 395 114 634
886,185 677 247 195 25 457 460 103 619 207 40 668 92 775 580 512 712 62 109 800
887,306 662 60 434 158 151 140 444 565 84 349 67 508 185 77 173 628 395 114 634
888,306 662 60 434 158 151 140 565 84 444 349 67 508 77 185 173 114 395 634 311
889,45 580 303 841 355 160 441 156 527 42 732 195 526 168 419 307 352 119 795 40
890,185 677 25 247 460 103 457 712 530 207 668 619 40 62 195 92 836 512 775 508
891,306 662 60 434 158 151 140 444 565 84 349 67 508 185 77 173 628 395 114 634
892,26 3 748 747 76 631 358 141 720 611 670 432 754 479 107 517 28 215 149 42
893,76 107 748 42 268 419 720 668 747 358 3 141 527 580 631 479 226 413 192 841
894,185 677 619 103 530 712 457 25 460 247 62 40 580 512 67 207 210 109 775 605
895,446 229 544 625 737 140 259 295 151 458 24 382 434 349 389 397 536 565 103 405
896,185 677 103 460 25 195 530 92 619 207 580 457 775 512 712 40 196 800 210 109
897,306 662 60 434 158 151 140 444 565 84 349 67 508 185 77 173 628 395 114 634
898,438 70 788 267 582 292 575 700 796 222 539 464 765 741 136 0 660 834 66 699
899,185 677 103 25 712 460 619 530 247 207 40 195 62 800 512 454 775 807 109 508
900,40 309 630 668 614 253 255 457 709 152 782 580 195 159 242 775 160 390 247 185
901,273 170 823 34 18 142 521 469 249 149 598 238 176 205 612 76 148 422 53 297
902,229 544 737 625 259 295 140 151 458 434 24 77 382 536 397 389 349 565 405 634
903,823 280 313 273 142 708 593 4 548 170 416 249 93 604 428 133 290 132 176 752
904,699 252 38 769 374 23 291 788 439 506 627 138 796 58 554 723 77 582 88 292
905,185 25 103 619 677 530 675 712 584 14 457 10 807 247 192 62 207 33 333 345
906,306 662 60 434 158 151 140 444 565 84 349 67 508 185 77 173 628 395 114 634
907,185 103 25 677 530 712 619 460 457 807 775 62 454 618 192 800 247 10 196 675
908,185 677 247 580 40 50 103 457 807 45 668 619 195 25 181 512 207 303 8 712
909,185 460 712 677 103 25 530 33 247 619 10 207 457 14 193 675 298 807 512 584
910,580 526 45 841 601 795 307 441 40 247 156 818 50 608 167 182 195 668 479 724
911,306 662 60 434 158 151 140 444 565 84 349 67 508 185 77 173 628 395 114 634
912,306 662 60 434 158 151 140 444 565 84 349 67 508 185 77 173 628 395 114 634
913,185 103 677 460 619 25 712 800 247 207 62 210 454 457 775 512 333 345 33 196
914,567 517 454 618 712 185 14 675 103 775 25 193 331 457 10 460 530 800 333 619
915,185 677 25 460 619 457 530 103 62 195 807 40 247 712 580 109 50 207 775 527
916,462 199 262 727 501 612 13 591 463 388 735 367 592 183 410 655 12 821 461 495
917,185 25 103 712 530 677 619 62 460 457 800 196 454 774 192 247 807 618 675 397
918,439 91 692 198 210 126 121 781 494 304 103 78 185 60 77 140 642 84 712 530
919,306 662 60 434 158 151 140 444 565 84 349 67 508 185 77 173 628 395 114 634
920,752 121 344 484 40 614 181 668 404 677 604 253 570 836 113 580 767 159 255 476
921,358 611 748 352 527 732 192 142 337 696 42 432 271 118 649 268 631 754 204 45
922,677 185 195 247 25 457 580 394 31 207 460 40 512 123 724 11 127 103 373 46
923,185 25 677 103 460 712 530 247 195 619 800 81 196 457 92 109 62 775 223 207
924,185 677 580 247 31 123 724 127 25 457 512 245 207 373 394 619 40 460 11 46
925,185 677 103 712 25 530 460 454 619 800 62 207 457 333 196 618 247 775 109 33
926,273 548 388 149 128 216 428 101 309 399 747 631 414 148 133 238 74 142 132 176
927,185 677 195 580 25 103 457 460 619 207 40 92 512 775 668 298 712 181 530 62
928,303 441 45 807 156 527 307 677 247 580 119 14 530 601 103 584 697 50 818 512
929,234 306 662 60 434 158 151 140 444 565 84 349 67 508 77 311 634 173 628 185
930,306 662 60 434 158 140 151 444 84 565 67 185 77 508 173 395 628 634 311 740
931,306 662 60 434 158 151 140 444 565 84 349 67 508 185 77 173 628 395 114 634
932,306 662 60 434 158 151 140 444 565 349 67 508 77 185 173 628 114 634 395 311
933,185 530 25 62 677 210 712 103 619 109 460 537 67 774 333 247 563 800 457 605
934,185 677 247 195 580 619 25 103 457 460 512 530 40 207 668 92 298 712 807 50
935,205 427 29 134 469 428 165 273 170 313 823 290 75 638 272 34 410 333 32 756
936,185 677 195 460 394 247 580 245 31 11 103 512 619 123 25 46 373 530 457 127
937,80 424 113 295 510 434 151 806 196 100 405 229 634 444 700 788 387 140 0 103
938,185 677 195 247 580 123 31 25 207 127 245 512 457 394 460 40 373 46 103 298
939,185 677 103 25 530 712 460 619 62 457 207 247 800 454 775 807 196 192 109 298
940,358 611 748 192 527 268 107 580 337 142 732 76 45 747 271 841 42 141 443 352
941,486 295 210 229 477 376 574 806 788 382 2 699 625 536 284 654 330 482 38 77
942,306 662 60 434 158 151 140 444 565 84 349 67 508 185 77 173 628 395 114 634
943,185 195 677 580 247 724 668 31 123 40 159 127 50 181 457 207 630 614 309 8
944,185 530 25 712 619 460 196 210 62 807 333 10 345 454 247 775 675 618 81 396
945,118 754 42 696 45 841 526 58 778 555 732 527 632 601 419 163 352 156 432 785
946,185 103 677 25 712 530 460 619 454 62 800 41 109 333 196 207 618 457 774 192
947,185 677 25 103 460 619 247 195 530 457 712 207 512 800 62 298 109 580 807 92
948,185 103 530 25 677 460 619 712 210 196 800 247 775 454 618 62 457 333 345 298
949,810 568 702 529 14 501 734 650 513 764 299 368 481 322 262 680 33 194 591 30
950,677 247 25 195 103 457 207 512 580 460 40 712 298 619 530 775 92 800 62 534
951,306 662 60 434 158 151 140 444 565 84 349 67 508 185 77 173 628 395 114 634
952,580 668 247 195 40 614 253 159 255 185 630 709 181 309 242 782 519 552 724 457
953,45 601 527 580 841 156 42 50 732 441 696 432 632 795 352 526 337 119 307 118
954,580 195 247 309 677 40 127 185 31 674 732 123 552 303 119 160 457 724 668 109
955,185 677 195 460 103 25 247 394 207 619 712 46 512 580 436 31 457 530 123 298
956,185 103 677 25 619 460 712 530 454 247 457 33 618 62 196 207 269 40 210 92
957,306 662 60 434 158 151 140 444 565 84 349 67 508 185 77 173 628 395 114 634
958,306 662 60 434 158 151 140 444 565 84 349 67 508 185 77 173 628 395 114 634
959,149 286 187 273 748 414 148 101 548 631 76 133 331 747 488 333 454 616 708 93
960,185 247 677 25 580 103 460 457 619 195 40 775 807 530 207 512 800 621 712 181
961,580 247 45 677 195 526 159 40 668 795 50 181 724 601 167 185 818 307 614 841
962,185 530 677 619 210 25 103 460 67 62 109 247 580 712 457 732 40 611 142 195
963,3 76 413 141 42 631 748 751 598 268 720 747 107 358 216 215 611 432 517 479
964,101 133 286 548 631 426 148 414 4 149 590 708 142 93 238 388 128 399 170 598
965,234 146 306 662 60 434 158 151 140 444 565 84 349 67 77 508 628 634 173 185
966,185 103 677 530 25 712 619 454 62 457 207 333 800 196 33 109 618 247 210 775
967,273 548 101 823 708 631 616 205 286 428 133 414 148 590 454 170 187 350 521 388
968,677 439 91 185 692 781 195 198 580 121 247 494 210 126 512 103 304 298 78 123
969,306 662 60 434 158 151 140 444 565 84 349 67 508 185 77 173 628 395 114 634
970,185 677 103 619 460 712 25 207 62 247 210 800 512 298 457 109 333 605 807 775
971,114 140 77 662 434 210 151 439 121 574 91 103 113 198 84 382 259 565 126 634
972,185 677 247 103 25 460 619 530 457 195 775 580 40 712 512 807 621 800 62 196
973,306 662 60 434 158 151 140 444 565 84 349 67 508 185 77 173 628 395 114 634
974,306 662 60 434 158 151 140 444 565 84 349 67 508 185 77 173 628 395 114 634
975,288 595 651 810 718 162 492 183 13 785 141 612 343 635 118 667 110 771 144 799
976,580 309 195 40 247 185 677 242 159 668 782 724 181 457 123 31 167 127 552 614
977,306 662 60 434 158 151 140 444 565 84 349 67 508 185 77 173 628 395 114 634
978,306 662 60 434 158 151 140 444 565 84 349 67 508 185 77 173 628 395 114 634
979,580 45 247 795 307 195 441 50 526 841 601 724 159 668 818 182 119 40 167 608
980,306 662 60 434 158 151 140 444 565 84 349 67 508 185 77 173 628 395 114 634
981,185 25 103 454 677 530 345 460 712 619 333 800 33 618 269 109 538 457 193 10
982,185 677 195 247 25 457 40 668 207 580 103 460 62 712 619 298 181 92 775 512
983,185 25 103 677 712 530 460 247 619 62 800 775 81 807 457 210 40 196 743 269
984,306 662 60 434 158 151 140 444 565 84 349 67 508 185 77 173 628 395 114 634
985,185 712 454 25 62 677 109 460 800 333 103 618 530 33 619 538 14 760 298 769
986,306 662 60 434 158 151 140 444 565 84 349 67 508 185 77 173 628 395 114 634
987,185 25 677 103 460 712 530 619 62 457 109 195 196 454 800 333 210 774 760 345
988,134 273 205 823 469 333 331 280 517 286 133 29 18 616 326 313 116 93 831 34
989,306 662 60 434 158 151 140 444 565 84 349 67 508 185 77 173 628 395 114 634
990,185 677 103 25 460 712 619 530 207 62 454 247 195 800 298 512 775 807 508 109
991,185 677 195 25 247 460 457 103 580 619 394 40 31 123 11 207 245 512 46 127
992,748 747 829 107 3 215 226 631 141 517 76 751 42 625 358 21 798 837 216 268
993,580 677 195 185 45 31 724 142 123 668 197 127 303 245 732 247 181 40 619 280
994,185 677 103 25 460 247 619 712 530 775 800 207 457 512 195 621 454 109 62 269
995,103 677 712 460 25 530 619 454 207 196 800 62 775 33 457 92 618 269 508 512
996,185 677 247 530 580 103 195 512 210 712 40 619 140 121 109 298 732 207 760 67
997,185 25 103 677 712 530 460 619 800 62 247 210 81 775 269 92 195 605 807 109
998,185 103 677 619 460 25 210 712 247 775 457 62 512 382 109 140 298 207 333 396
999,185 103 677 530 25 712 460 619 800 210 62 333 247 454 207 196 457 109 807 775
1000,185 677 195 247 460 25 207 512 580 103 298 31 123 457 712 11 724 619 46 40
1001,810 367 696 702 18 427 165 323 409 34 201 591 194 726 183 528 312 592 461 399
1002,185 677 103 25 530 712 460 619 62 457 800 207 454 247 775 196 512 92 807 618
1003,185 103 25 530 677 712 619 460 457 800 618 454 62 192 775 210 807 345 196 769
1004,185 25 103 677 460 530 712 619 247 62 800 92 109 81 775 195 454 807 538 207
1005,306 662 60 434 158 151 140 444 565 84 349 67 508 185 77 173 628 395 114 634
1006,185 677 195 247 580 25 394 31 512 619 457 207 460 123 103 46 724 127 373 298
1007,306 662 60 434 158 151 140 444 565 84 349 67 508 185 77 173 628 395 114 634
1008,114 140 662 434 151 77 210 121 439 84 103 565 382 259 574 444 113 634 407 198
1009,677 185 195 247 457 25 40 31 123 460 724 103 619 394 512 127 207 245 46 11
1010,517 215 76 748 720 3 26 141 268 747 107 479 226 335 798 192 358 751 644 42
1011,185 677 247 25 195 580 619 103 457 460 40 50 62 207 512 668 807 109 92 800
1012,306 662 60 434 158 151 140 444 565 84 349 67 508 185 77 173 628 395 114 634
1013,752 344 767 295 93 169 775 673 121 40 484 113 836 382 562 604 103 210 478 404
1014,677 185 580 247 40 457 195 668 25 619 732 159 181 614 309 484 31 119 611 92
1015,662 60 434 158 140 151 444 84 565 349 67 508 185 77 173 628 395 114 634 740
1016,358 268 720 611 419 141 590 380 580 748 192 527 337 76 747 841 631 42 119 601
1017,247 195 185 677 526 40 724 50 182 45 795 309 552 668 119 123 127 159 31 841
1018,185 712 677 460 103 619 530 25 800 298 109 207 195 508 662 247 457 760 454 40
1019,185 677 25 712 103 460 530 619 195 109 62 457 454 800 333 207 760 298 67 210
1020,337 754 696 527 555 45 732 352 432 841 42 358 601 795 163 28 580 156 415 670
1021,185 103 530 25 677 712 619 460 333 62 196 454 800 618 775 210 109 345 396 247
1022,185 677 247 195 580 25 457 619 460 103 530 207 62 92 512 298 50 712 732 807
1023,185 668 152 255 614 630 709 40 253 62 580 50 712 431 181 156 195 782 527 457
1024,677 185 195 580 247 31 123 394 245 724 127 25 457 46 512 619 207 40 460 197
1025,185 25 103 677 460 712 247 530 619 196 92 457 62 800 775 33 207 10 675 333
1026,185 677 247 580 195 512 207 298 50 668 40 457 25 8 712 181 552 103 460 619
1027,185 677 25 247 619 195 460 103 457 580 712 512 207 530 62 40 534 800 181 298
1028,185 677 25 103 460 247 619 62 530 712 207 580 800 775 512 807 298 40 210 92
1029,234 146 306 662 60 434 158 151 140 444 565 84 349 67 77 508 628 634 173 185
1030,148 548 399 101 286 426 454 128 414 133 590 149 631 652 273 625 370 142 550 68
1031,185 677 195 25 460 247 245 31 103 580 712 123 512 619 46 457 207 127 197 373
1032,568 262 14 513 501 545 381 33 13 194 463 162 481 99 208 462 95 199 54 188
1033,286 101 148 273 548 149 133 388 414 426 399 36 93 616 102 142 590 428 488 170
1034,70 256 788 510 277 575 582 796 700 834 222 741 699 136 66 464 72 539 765 356
1035,234 146 306 662 60 434 158 151 140 444 565 84 349 67 77 508 628 634 173 185
1036,306 662 60 434 158 151 140 444 565 84 349 67 508 185 77 173 628 395 114 634
1037,114 140 77 662 434 210 151 439 121 574 91 103 198 84 259 382 565 113 126 634
1038,580 45 167 601 608 651 526 818 841 156 50 40 195 809 732 697 119 441 724 668
1039,306 662 60 434 158 151 140 444 565 84 349 67 508 185 77 173 628 395 114 634
1040,170 273 756 344 593 409 428 280 823 604 93 313 18 53 427 838 290 165 34 75
1041,580 45 42 841 119 601 732 479 795 156 677 185 668 527 50 526 441 307 352 40
1042,234 146 306 662 60 434 158 151 140 444 565 84 349 67 77 508 628 634 173 185
1043,210 439 574 625 486 382 654 318 77 295 775 1 113 82 140 121 126 530 740 24
1044,662 60 434 158 140 151 444 84 565 349 67 508 185 77 173 628 395 114 634 740
1045,414 128 133 426 652 548 230 148 590 399 412 370 598 176 238 573 326 76 3 533
1046,185 677 103 712 460 25 530 619 247 207 457 62 454 512 298 800 807 508 109 269
1047,185 677 195 247 580 40 25 457 31 123 724 460 127 207 245 512 11 298 46 103
1048,580 50 45 195 601 247 526 668 724 159 40 841 119 309 167 614 123 818 152 795
1049,306 662 60 434 158 151 140 444 565 84 349 67 508 185 77 173 628 395 114 634
1050,185 677 247 103 580 40 460 207 712 92 668 50 457 512 113 298 195 775 269 181
1051,140 434 444 60 740 349 486 158 121 382 565 295 210 259 114 84 446 439 625 833
1052,439 198 91 781 494 121 78 400 304 421 221 17 607 436 114 574 642 349 476 103
1053,185 677 195 247 580 40 309 242 724 668 552 127 123 31 457 159 181 301 512 207
1054,580 352 526 307 441 619 45 795 40 677 50 156 601 750 247 119 164 476 668 303
1055,677 185 247 580 512 195 8 207 668 457 50 40 619 181 103 298 45 534 303 552
1056,662 140 60 349 67 565 84 239 434 508 173 114 158 151 77 444 537 486 710 185
1057,358 527 118 192 337 45 696 500 204 754 42 432 271 352 841 303 156 611 748 423
1058,306 662 60 434 158 151 140 444 565 84 349 67 508 185 77 173 628 395 114 634
1059,185 677 247 195 512 25 103 457 207 619 460 580 40 534 298 775 712 92 530 316
1060,306 662 60 434 158 151 140 444 565 84 349 67 508 185 77 173 628 395 114 634
1061,185 677 25 103 619 457 247 62 807 195 712 530 580 40 207 109 775 800 512 668
1062,185 677 25 103 619 247 457 460 530 207 712 40 62 775 800 512 807 195 92 109
1063,306 662 60 434 158 151 140 444 565 84 349 67 508 185 77 173 628 395 114 634
1064,185 677 775 40 247 103 619 25 195 457 580 530 207 712 92 800 512 460 62 807
1065,185 677 103 712 460 247 530 25 619 512 195 207 62 298 109 800 457 580 210 760
1066,70 582 438 464 322 256 277 700 510 136 741 227 834 267 810 575 0 699 826 539
1067,580 526 195 40 247 45 50 119 601 732 841 724 668 309 156 159 674 818 795 127
1068,469 205 134 273 616 823 331 165 18 272 422 427 421 29 726 161 326 644 101 638
1069,185 677 619 712 103 530 460 25 457 527 207 62 512 33 454 195 760 210 109 774
1070,438 70 256 788 510 292 575 582 796 765 700 741 227 539 136 66 834 660 699 0
1071,306 662 60 434 158 151 140 444 565 84 349 67 508 185 77 173 628 395 114 634
1072,185 712 103 38 25 677 62 207 769 619 807 457 800 247 806 397 460 668 92 618
1073,306 662 60 434 158 151 140 444 565 84 349 67 508 185 77 173 628 395 114 634
1074,185 677 195 25 460 247 103 457 207 530 619 512 92 298 31 712 11 800 40 394
1075,185 677 195 580 247 31 25 123 457 460 724 512 127 207 619 46 103 373 40 298
1076,568 501 591 462 14 13 243 162 33 702 826 409 810 613 188 592 99 582 12 635
1077,229 295 140 737 24 625 151 518 259 382 77 758 434 103 565 546 579 397 458 113
1078,358 352 527 732 748 611 337 42 142 696 204 432 45 515 649 192 118 677 580 355
1079,273 823 548 631 93 101 280 205 4 428 286 616 170 5 116 708 414 344 18 74
1080,4 93 517 401 748 295 388 358 168 104 216 331 149 160 142 611 720 117 210 413
1081,580 45 795 841 441 732 601 156 307 526 40 119 42 195 750 352 303 818 160 419
1082,176 132 412 414 148 107 133 748 128 3 598 652 326 590 696 754 42 747 76 720
1083,185 677 25 103 712 460 619 247 457 207 530 800 298 512 62 454 92 807 109 775
1084,45 118 527 337 601 696 732 432 352 632 580 204 42 303 697 785 119 795 156 50
1085,358 352 732 611 580 527 45 432 515 42 631 142 841 156 601 748 337 355 479 118
1086,140 434 77 382 486 259 565 634 121 444 349 446 833 103 210 295 397 24 113 508
1087,185 103 677 530 25 460 712 619 247 207 800 298 210 512 457 807 62 454 10 333
1088,306 662 60 434 158 151 140 444 565 84 349 67 508 185 77 173 628 395 114 634
1089,185 677 460 25 103 247 530 196 712 775 800 92 619 457 207 195 81 801 210 109
1090,185 677 580 619 40 195 457 775 605 103 25 460 207 668 530 62 807 181 50 512
1091,662 60 434 140 151 444 77 349 84 185 565 508 173 740 634 114 67 537 239 382
1092,185 25 103 677 460 712 619 530 457 675 14 207 454 62 33 800 247 10 333 584
1093,185 25 103 454 677 530 712 460 619 345 333 800 10 33 109 207 457 193 618 807
1094,732 352 580 358 527 45 432 841 42 515 601 156 668 795 649 435 142 611 479 354
1095,306 662 60 434 158 151 140 444 565 84 349 67 508 185 77 173 628 395 114 634
1096,306 662 60 434 158 151 140 444 565 84 67 349 508 77 185 628 173 395 634 114
1097,358 527 696 337 118 204 754 432 192 42 841 156 441 45 271 352 601 748 611 142
1098,306 662 60 434 158 151 140 444 565 84 349 67 508 185 77 173 628 395 114 634
1099,306 662 60 434 158 151 140 444 565 84 349 67 508 185 77 173 628 395 114 634
1100,306 662 60 434 158 151 140 444 565 84 349 67 508 185 77 173 628 395 114 634
1101,185 677 25 103 195 712 619 460 457 247 207 530 800 775 62 298 40 807 580 92
1102,185 103 460 530 712 677 25 196 247 619 210 109 33 800 62 397 92 207 662 223
1103,580 45 732 601 441 156 526 307 527 352 795 632 697 119 50 750 42 841 303 778
1104,580 614 668 247 159 255 709 40 152 253 526 181 167 608 782 195 309 809 630 45
1105,358 527 337 696 118 432 192 42 754 352 45 204 611 841 601 441 748 271 419 732
1106,580 45 526 601 156 119 40 441 732 818 527 168 795 841 303 307 668 50 479 393
1107,185 103 25 677 530 712 460 619 454 333 207 457 807 247 196 269 33 800 92 62
1108,662 60 434 158 140 151 444 84 565 349 67 508 185 77 173 628 395 114 634 740
1109,185 25 103 677 460 247 530 196 619 800 538 457 195 92 62 109 40 223 269 712
1110,306 662 60 434 158 151 140 444 565 84 349 67 508 185 77 173 628 395 114 634
1111,185 677 195 247 25 457 103 580 460 40 207 31 123 394 245 619 512 712 11 92
1112,580 247 614 526 668 50 181 152 40 255 253 441 783 818 307 159 167 45 709 601
1113,306 662 60 434 158 151 140 444 565 84 349 67 508 185 77 173 628 395 114 634
1114,677 185 195 580 247 31 123 245 724 127 46 512 25 457 207 373 460 619 40 197
1115,748 358 107 747 76 42 720 226 26 611 631 141 268 479 163 3 751 413 419 527
1116,580 45 526 601 247 50 841 668 40 195 309 795 119 167 608 307 724 441 479 614
1117,580 247 195 40 519 309 159 526 242 167 552 668 841 45 782 185 677 181 608 724
1118,580 247 185 195 40 677 552 159 668 457 724 127 309 31 123 674 181 519 25 614
1119,114 210 77 439 434 662 151 60 574 121 103 91 126 530 198 113 259 692 403 158
1120,185 103 530 677 712 460 619 454 800 775 196 618 457 345 807 62 207 210 247 512
1121,185 530 677 712 67 25 103 460 210 619 142 454 62 775 618 140 457 396 333 537
1122,405 259 382 151 113 196 397 103 537 486 140 775 295 258 434 383 345 618 114 77
1123,306 662 60 434 158 151 140 444 565 84 349 67 508 185 77 173 628 395 114 634
1124,185 103 25 530 712 619 460 677 62 196 210 800 807 775 33 396 333 247 192 454
1125,185 677 580 247 195 25 40 619 457 50 807 103 181 668 712 119 156 62 512 775
1126,306 662 60 434 158 151 140 444 565 84 349 67 508 185 77 173 628 395 114 634
1127,306 662 60 434 158 140 151 444 565 84 349 67 508 77 185 173 395 628 634 114
1128,306 662 60 434 158 151 140 444 565 84 349 67 508 185 77 173 628 395 114 634
1129,439 77 210 397 662 151 398 140 258 654 382 434 775 311 486 122 91 196 625 518
1130,306 662 60 434 158 151 140 444 565 84 349 67 508 185 77 173 628 395 114 634
1131,358 107 3 76 141 631 268 720 747 748 751 611 215 42 590 216 271 192 21 226
1132,434 77 140 662 259 382 405 634 121 113 444 833 486 349 565 210 537 196 740 295
1133,580 45 732 526 352 40 307 795 42 168 167 303 119 441 601 527 677 156 404 841
1134,568 14 501 13 33 99 278 584 592 810 591 193 461 462 409 623 702 722 194 567
1135,273 205 823 286 427 93 133 18 53 708 616 422 726 414 469 142 426 779 4 35
1136,306 662 60 434 158 151 140 444 565 84 349 67 508 185 77 173 628 395 114 634
1137,306 662 60 434 158 151 140 444 565 84 349 67 508 185 77 173 628 395 114 634
1138,306 662 60 434 158 151 140 444 565 84 349 67 508 185 77 173 628 395 114 634
1139,185 677 195 247 460 25 103 580 394 207 512 436 619 712 11 298 46 123 31 373
1140,101 548 273 426 286 454 133 149 399 428 414 708 93 102 631 205 388 36 148 128
1141,306 662 60 434 158 151 140 444 565 84 349 67 508 185 77 173 628 395 114 634
1142,306 662 60 434 158 151 140 444 565 84 349 67 508 185 77 173 628 395 114 634
1143,306 662 60 434 158 151 140 444 565 84 349 67 508 185 77 173 628 395 114 634
1144,185 677 25 103 712 460 619 530 800 457 247 62 109 207 618 769 454 512 675 210
1145,306 662 60 434 158 151 140 444 565 84 349 67 508 185 77 173 628 395 114 634
1146,439 91 692 121 781 126 494 210 304 78 400 221 607 421 642 114 436 17 77 349
1147,162 262 568 124 771 495 69 208 513 366 584 48 815 483 194 344 730 734 314 773
1148,70 256 788 510 277 575 292 796 222 582 700 765 741 136 464 66 834 0 699 660
1149,306 662 60 434 158 151 140 444 565 84 349 67 508 185 77 173 628 395 114 634
1150,306 662 60 434 158 151 140 444 565 84 349 67 508 185 77 173 628 395 114 634
1151,654 434 619 113 185 580 486 77 806 478 700 769 788 376 476 38 507 311 554 677
1152,185 677 195 25 247 457 580 207 668 103 512 40 298 619 281 460 31 712 142 181
1153,185 677 195 460 103 25 394 712 247 619 512 530 207 457 298 46 580 800 801 31
1154,185 712 677 460 619 25 103 530 195 800 40 109 298 580 67 457 210 775 247 207
1155,306 662 60 434 158 151 140 444 565 84 349 67 508 185 77 173 628 395 114 634
1156,306 662 60 434 158 151 140 444 565 84 349 67 508 185 77 173 628 395 114 634
1157,185 677 195 25 247 460 103 457 619 580 207 512 40 530 31 712 298 800 123 46
1158,580 45 601 441 50 841 526 307 119 608 156 167 795 818 750 303 42 651 732 40
1159,530 103 185 210 196 460 25 109 140 67 382 662 619 712 81 24 345 396 333 397
1160,358 118 337 754 192 527 748 555 696 432 611 163 45 282 631 268 720 142 353 42
1161,580 45 247 841 526 195 302 309 167 795 601 159 668 608 50 724 818 479 152 614
1162,413 42 412 176 230 76 3 652 598 216 414 748 133 141 335 490 631 107 479 132
1163,306 662 60 434 158 151 140 444 565 84 349 67 508 185 77 173 628 395 114 634
1164,439 126 91 198 494 210 781 304 78 121 421 400 221 77 642 17 436 607 60 579
1165,76 747 141 748 176 3 720 149 26 42 107 160 358 215 192 28 517 413 268 611
1166,185 677 25 619 103 530 460 247 457 62 712 775 800 207 807 109 195 40 92 210
1167,185 247 580 103 512 195 619 207 457 25 534 460 298 40 712 8 530 668 50 181
1168,306 662 60 434 158 151 140 444 565 84 349 67 508 185 77 173 628 395 114 634
1169,306 662 60 434 158 151 140 444 565 84 349 67 508 185 77 173 628 395 114 634
1170,306 662 60 434 158 151 140 444 565 84 349 67 508 185 77 173 628 395 114 634
1171,185 530 25 677 712 460 619 196 800 775 210 454 618 62 345 333 247 140 396 397
1172,439 494 126 692 304 91 121 78 781 77 198 398 574 60 67 254 17 544 38 318
1173,677 185 195 247 580 457 25 207 668 512 40 619 181 8 103 460 534 31 298 712
1174,582 464 810 322 70 700 835 528 741 292 529 788 318 277 558 765 469 72 438 574
1175,306 662 60 434 158 151 140 444 565 84 349 67 508 185 77 173 628 395 114 634
1176,133 326 427 249 412 101 616 4 32 93 134 521 331 170 29 273 612 18 165 726
1177,654 745 259 204 90 527 196 295 778 150 685 397 439 382 617 358 715 751 121 2
1178,185 25 460 712 530 457 619 62 196 775 210 807 109 269 40 800 538 207 92 345
1179,580 45 841 247 526 795 601 818 50 750 156 182 167 119 159 479 40 668 152 608
1180,580 307 441 795 526 601 168 841 156 476 50 750 393 119 614 419 818 668 167 527
1181,439 210 140 662 121 60 91 692 126 198 434 84 574 151 103 444 113 259 634 544
1182,185 677 619 530 25 103 62 712 210 460 109 247 580 457 142 512 207 649 40 807
1183,113 485 100 79 802 212 210 77 686 430 386 833 242 362 692 126 775 546 295 121
1184,185 103 25 530 247 677 712 196 33 775 619 800 454 269 345 207 81 618 140 675
1185,580 841 526 795 247 601 307 441 195 479 818 40 182 724 167 309 608 50 159 668
1186,185 677 195 103 460 25 394 245 11 247 530 712 512 207 662 31 619 123 760 373
1187,185 677 195 25 460 103 247 457 619 11 207 712 31 530 40 800 46 580 245 512
1188,677 185 195 580 247 724 31 123 127 245 512 197 40 373 11 457 298 46 207 25
1189,306 662 60 434 158 151 140 444 565 84 349 67 508 185 77 173 628 395 114 634
1190,185 25 619 103 677 530 457 775 712 460 247 67 345 333 33 62 109 207 508 800
1191,185 677 25 103 460 619 530 457 712 247 207 800 62 454 618 92 33 775 675 109
1192,185 25 677 460 712 800 196 192 62 210 454 775 618 10 675 333 33 807 345 396
1193,185 677 25 247 103 457 460 40 712 619 62 207 195 580 530 775 807 92 512 181
1194,185 677 460 103 530 454 712 25 619 800 333 109 662 62 298 195 457 207 67 33
1195,185 103 25 530 619 460 712 247 512 457 207 195 298 800 534 92 62 775 316 109
1196,306 662 60 434 158 151 140 444 565 84 349 67 508 185 77 173 628 395 114 634
1197,306 662 60 434 158 151 140 444 565 84 349 67 508 185 77 173 628 395 114 634
1198,580 45 441 307 795 841 40 526 119 156 247 818 601 195 750 303 42 419 182 167
1199,439 91 696 436 303 245 163 45 11 781 494 754 195 697 841 394 26 42 298 670
1200,38 103 295 712 775 113 2 516 439 345 574 636 210 196 15 677 740 686 579 319
1201,185 195 677 247 580 25 460 123 31 127 40 619 245 724 92 394 457 207 103 11
1202,185 677 25 103 460 530 619 712 62 457 807 109 207 800 247 333 40 196 210 775
1203,580 142 303 45 732 439 677 168 311 341 210 156 67 40 296 602 736 307 767 697
1204,273 427 823 469 170 142 428 205 165 616 297 134 75 367 521 286 201 288 34 331
1205,306 662 60 434 158 151 140 444 565 84 349 67 508 185 77 173 628 395 114 634
1206,45 580 601 156 441 307 732 527 841 432 795 119 479 818 352 750 632 526 50 303
1207,668 614 253 580 709 630 181 40 247 152 159 195 526 431 782 302 309 457 724 185
1208,306 662 60 434 158 151 140 444 565 84 349 67 508 185 77 173 628 395 114 634
1209,140 662 77 434 60 444 349 121 158 259 114 382 565 210 295 486 537 84 439 103
1210,91 198 494 126 781 304 78 210 121 642 400 17 221 77 114 349 436 725 607 579
1211,631 142 281 271 268 195 245 40 457 718 677 127 11 303 580 598 76 309 123 102
1212,185 195 677 245 123 580 31 11 724 127 512 373 197 247 298 436 207 46 25 460
1213,358 527 192 337 432 611 352 696 118 754 42 732 748 841 601 163 271 45 515 156
1214,185 677 619 530 103 460 25 195 247 580 109 457 62 712 207 67 807 512 210 40
1215,306 662 60 434 158 151 140 444 565 84 349 67 508 185 77 173 628 395 114 634
1216,439 198 494 781 210 304 78 400 421 121 221 642 77 574 114 349 436 579 607 725
1217,517 4 42 149 160 631 748 388 142 76 216 747 176 93 358 490 3 141 720 413
1218,306 662 60 434 158 151 140 444 565 84 349 67 508 185 77 173 628 395 114 634
1219,185 103 25 677 530 712 619 62 800 207 247 192 457 454 109 196 41 210 333 618
1220,185 25 103 619 677 712 530 454 62 460 800 457 333 618 33 775 396 508 193 675
1221,580 677 195 247 185 40 45 668 457 159 31 724 127 245 50 123 119 512 303 309
1222,580 45 526 668 601 841 795 40 195 441 50 247 614 818 307 156 119 724 159 479
1223,185 677 195 25 247 460 103 457 619 580 712 207 512 530 40 298 31 800 46 11
1224,677 185 195 247 580 724 123 31 25 245 457 127 207 668 40 512 394 46 373 298
1225,580 247 185 195 668 677 40 159 181 724 614 50 309 253 31 526 123 457 630 782
1226,306 662 60 434 158 151 140 444 565 84 349 67 508 185 77 173 628 395 114 634
1227,45 601 732 580 527 432 696 841 352 156 42 795 441 50 818 515 119 337 632 479
1228,580 195 185 247 677 552 40 724 526 127 50 732 31 159 309 45 123 519 156 795
1229,580 50 45 601 195 526 841 724 795 247 668 119 818 159 167 309 40 127 307 441
1230,185 677 25 103 619 460 530 247 457 712 195 62 800 512 40 109 775 298 92 807
1231,662 60 140 158 77 382 405 349 634 259 537 103 565 121 740 114 295 486 196 833
1232,252 374 834 439 699 506 210 91 574 23 38 421 769 126 284 627 494 477 88 318
1233,306 662 60 434 158 151 140 444 565 84 349 67 508 185 77 173 628 395 114 634
1234,3 76 26 413 42 215 141 598 747 748 176 216 149 751 85 799 107 517 335 21
1235,306 662 60 434 158 151 140 444 565 84 349 67 508 185 77 173 628 395 114 634
1236,677 185 91 103 439 692 210 121 712 247 460 530 25 436 298 126 198 512 304 775
1237,185 677 195 247 394 25 580 123 245 103 31 460 11 724 46 197 127 457 619 512
1238,306 662 60 434 158 151 140 444 565 84 349 67 508 185 77 173 628 395 114 634
1239,306 662 60 434 158 151 140 444 565 84 349 67 508 185 77 173 628 395 114 634
1240,252 374 439 506 699 291 91 23 421 261 627 769 126 138 494 77 574 105 143 536
1241,358 142 732 352 441 42 237 527 580 611 479 500 631 841 432 156 303 750 318 45
1242,810 568 623 165 279 513 367 262 202 34 469 428 322 381 702 501 409 464 835 208
1243,306 662 60 434 158 151 140 444 565 84 349 67 508 185 77 173 628 395 114 634
1244,91 677 439 185 692 195 781 198 121 210 580 247 494 126 304 103 78 512 298 394
1245,185 677 25 460 103 247 712 207 394 31 457 123 619 512 11 46 530 580 800 127
1246,185 25 103 677 712 460 530 619 195 210 800 196 247 62 457 67 775 807 207 508
1247,185 677 195 247 580 457 25 207 512 460 31 619 40 724 123 394 103 668 298 127
1248,185 530 103 460 677 25 619 210 131 712 196 109 333 62 396 800 675 775 621 33
1249,306 662 60 434 158 151 140 444 565 84 349 67 508 185 77 173 628 395 114 634
1250,306 662 60 434 158 151 140 444 565 84 349 67 508 185 77 173 628 395 114 634
1251,25 103 677 619 712 530 460 62 247 800 457 196 775 92 807 454 10 109 333 618
1252,306 662 60 434 158 151 140 444 565 84 349 67 508 185 77 173 628 395 114 634
1253,306 662 60 434 158 151 140 444 565 84 349 67 508 185 77 173 628 395 114 634
1254,306 662 60 434 158 151 140 444 565 84 349 67 508 185 77 173 628 395 114 634
1255,306 662 60 434 158 151 140 444 565 84 349 67 508 185 77 173 628 395 114 634
1256,113 77 210 122 121 439 485 140 301 692 397 382 151 126 434 662 536 482 789 295
1257,662 140 77 405 259 382 444 103 634 537 349 565 196 121 397 295 113 508 446 833
1258,438 267 510 256 277 575 227 292 582 796 136 222 464 741 700 66 0 689 660 834
1259,447 331 148 412 160 133 754 454 161 711 326 521 761 696 26 303 45 527 246 841
1260,45 527 601 580 732 432 352 337 118 358 42 841 156 441 696 632 119 526 795 355
1261,185 677 195 247 580 724 512 25 31 123 457 127 207 40 460 245 619 298 668 8
1262,185 677 103 247 712 460 530 619 457 800 195 92 775 62 807 743 207 512 196 40
1263,473 816 622 391 124 557 162 766 704 564 687 262 771 803 483 695 175 493 784 648
1264,306 662 60 434 158 151 140 444 565 84 349 67 508 185 77 173 628 395 114 634
1265,185 103 25 530 460 712 677 454 33 109 62 196 618 800 333 675 345 193 775 192
1266,367 33 165 567 32 427 755 727 434 612 99 756 462 568 144 461 593 201 702 183
1267,165 313 831 170 190 183 426 93 409 425 639 411 659 205 75 756 521 469 755 492
1268,185 103 25 677 712 460 530 619 247 196 454 775 62 800 457 207 41 618 269 33
1269,654 358 318 0 70 113 310 317 744 774 237 546 788 191 178 510 791 509 583 582
1270,40 247 580 159 668 614 526 255 253 195 457 181 677 552 309 630 185 242 519 724
1271,306 662 60 434 158 151 140 444 565 84 349 67 508 185 77 173 628 395 114 634
1272,185 677 25 103 619 460 530 457 712 247 207 800 775 62 454 618 92 33 675 109
1273,234 146 306 662 60 434 158 151 140 444 565 84 349 67 77 508 628 634 173 185
1274,185 103 25 712 677 460 530 619 62 196 247 800 333 81 454 109 396 807 92 397
1275,234 146 306 662 60 434 158 151 140 444 565 84 349 67 77 508 628 634 173 185
1276,439 210 91 198 747 114 121 494 349 781 304 78 221 107 751 67 574 408 81 607
1277,364 662 60 434 158 151 140 444 84 565 349 67 508 77 185 173 628 114 634 395
1278,133 426 414 101 4 412 652 286 598 631 326 149 128 148 454 273 238 3 548 249
1279,185 677 530 103 247 580 25 712 50 619 527 40 62 457 192 775 732 807 460 119
1280,210 140 439 77 121 662 60 434 198 84 103 91 444 126 574 692 259 634 740 544
1281,121 113 574 417 301 210 304 686 295 333 196 677 421 1 585 198 837 382 403 344
1282,234 146 306 662 60 434 158 151 140 444 565 84 349 67 77 508 628 634 173 185
1283,405 434 151 259 60 662 140 486 382 634 444 158 77 482 642 537 446 397 229 295
1284,185 677 25 103 460 530 454 457 619 712 207 247 195 109 512 760 333 142 62 800
1285,306 662 60 434 158 151 140 444 565 84 349 67 508 185 77 173 628 395 114 634
1286,677 185 247 580 195 457 668 40 8 25 207 309 181 552 281 512 619 724 127 159
1287,185 103 677 25 530 712 460 619 62 454 457 207 800 333 109 41 196 247 210 195
1288,185 677 195 580 247 31 724 123 127 457 245 512 40 25 207 46 460 11 373 619
1289,185 677 103 25 712 460 530 619 800 109 195 62 247 81 457 207 454 196 223 760
1290,19 26 358 527 799 720 215 3 748 517 76 192 282 588 696 149 21 148 28 754
1291,185 677 195 460 245 11 123 103 31 46 619 207 373 512 25 298 712 662 580 127
1292,464 582 438 810 660 277 741 835 136 700 826 72 558 227 0 528 699 765 66 834
1293,185 103 460 530 712 247 25 619 210 512 62 196 109 81 800 333 760 298 775 207
1294,306 662 60 434 158 151 140 444 565 84 349 67 508 185 77 173 628 395 114 634
1295,185 677 25 103 247 195 207 460 457 712 530 619 512 298 92 40 775 800 801 454
1296,306 662 60 434 158 151 140 444 565 84 349 67 508 185 77 173 628 395 114 634
1297,548 528 322 278 582 18 464 469 422 249 568 623 558 810 202 367 425 823 34 624
1298,185 677 619 25 457 460 40 530 712 195 62 207 454 775 103 33 508 67 298 247
1299,727 439 568 592 781 14 328 582 323 612 461 294 726 421 264 623 778 410 10 436
1300,185 677 580 195 247 512 619 103 25 457 207 40 534 31 775 732 127 50 530 298
1301,185 677 460 25 103 712 530 619 195 62 109 760 333 457 454 196 800 207 210 247
1302,306 662 60 434 158 151 140 444 565 84 349 67 508 185 77 173 628 395 114 634
1303,185 677 103 25 530 619 712 775 460 800 247 207 457 807 62 92 210 512 454 196
1304,580 195 242 782 185 159 40 724 247 519 160 123 668 127 31 302 614 301 630 293
1305,185 677 460 103 712 619 530 25 457 207 195 800 454 62 109 247 512 760 33 298
1306,185 677 25 103 712 460 530 619 62 454 109 457 800 333 760 207 196 618 223 298
1307,185 103 25 530 712 619 460 62 247 207 41 457 109 210 800 807 195 192 512 580
1308,185 677 460 103 712 530 25 619 454 800 457 62 207 109 760 195 247 33 512 298
1309,185 677 25 530 103 460 712 619 192 62 775 247 800 210 457 207 618 807 196 142
1310,580 601 45 50 841 677 195 167 795 119 526 818 724 303 185 156 608 307 651 732
1311,306 662 60 434 158 151 140 444 565 84 349 67 508 185 77 173 628 395 114 634
1312,306 662 60 434 158 151 140 444 565 84 349 67 508 185 77 173 628 395 114 634
1313,580 526 45 668 247 167 309 195 614 782 841 724 40 608 152 601 795 651 818 255
1314,42 160 748 76 107 3 149 141 479 720 168 45 216 331 413 517 747 152 335 490
1315,185 677 195 247 25 460 103 457 619 207 512 580 712 530 31 40 298 800 62 394
1316,185 677 103 25 247 460 195 712 207 530 619 457 512 800 298 92 775 40 62 580
1317,185 677 247 195 580 668 40 457 181 25 207 619 512 8 159 775 31 724 253 103
1318,268 141 358 3 380 76 748 611 720 751 42 107 580 192 271 631 119 527 419 526
1319,580 668 614 181 40 195 526 255 247 152 253 45 159 709 630 724 167 309 782 8
1320,486 295 518 103 446 140 397 196 625 151 25 24 382 121 737 715 259 389 405 383
1321,358 26 748 670 754 720 76 3 747 696 118 432 192 611 28 160 149 423 317 527
1322,77 434 113 151 788 662 60 210 140 833 806 438 574 403 382 38 70 301 439 121
1323,417 190 169 752 5 404 4 562 311 547 755 93 40 142 401 676 168 580 280 484
1324,376 769 185 520 580 700 38 222 668 539 552 510 519 554 507 20 50 23 699 72
1325,439 198 91 494 121 78 400 304 210 421 17 221 436 607 114 642 349 574 476 103
1326,580 167 195 40 309 782 668 614 809 181 247 677 152 123 608 724 159 302 526 242
1327,306 662 60 434 158 151 140 444 565 84 349 67 508 77 185 628 173 395 634 114
1328,128 176 412 652 160 133 132 533 326 399 42 414 413 426 598 656 230 612 799 148
1329,580 526 247 195 309 40 614 782 668 724 167 45 123 127 841 552 818 159 302 181
1330,113 485 403 293 802 210 212 692 77 126 686 242 362 386 304 833 121 198 185 466
1331,40 580 619 677 457 185 195 247 62 25 103 181 530 807 119 775 303 45 67 207
1332,469 810 183 367 425 34 492 595 651 831 427 13 635 273 288 144 134 162 718 328
1333,70 438 582 292 356 788 796 66 267 510 741 834 660 256 136 277 464 65 222 681
1334,161 696 337 799 215 330 376 699 118 754 148 241 26 128 23 520 415 160 527 339
1335,185 677 195 247 25 580 460 457 207 512 31 619 127 394 123 724 40 92 103 11
1336,580 40 247 309 242 519 195 159 668 552 782 526 181 301 614 608 167 841 255 253
1337,580 247 195 40 677 552 123 724 159 127 309 31 519 668 185 181 167 782 614 302
1338,841 527 45 156 580 601 42 441 303 358 818 479 419 795 307 432 696 275 732 337
1339,306 662 60 434 158 151 140 444 565 84 349 67 508 185 77 173 628 395 114 634
1340,45 580 156 441 527 601 307 432 732 841 632 668 526 119 818 750 352 795 40 479
1341,677 103 185 247 530 121 712 140 92 580 619 40 210 662 508 196 439 298 775 207
1342,358 45 352 732 441 841 580 432 156 527 479 515 419 42 303 142 611 631 601 337
1343,185 677 103 247 512 195 207 619 25 460 712 457 298 530 580 534 316 800 775 40
1344,434 662 60 151 77 140 444 740 382 113 349 311 833 565 121 405 537 80 295 210
1345,185 677 25 103 712 530 460 619 247 210 800 457 207 109 775 774 523 325 760 195
1346,185 677 195 25 460 247 103 457 619 712 207 530 512 580 800 298 40 31 245 92
1347,580 307 526 247 841 795 601 50 818 750 182 156 159 167 479 40 668 119 614 195
1348,185 677 580 195 103 92 25 40 457 460 619 207 512 775 181 668 530 712 50 552
1349,306 662 60 434 158 151 140 444 565 84 349 67 508 185 77 173 628 395 114 634
1350,677 195 185 580 245 123 724 31 394 127 46 247 373 197 436 512 599 207 40 298
1351,113 403 293 100 802 79 430 212 686 242 77 210 466 386 742 185 519 122 833 782
1352,580 40 247 195 526 668 519 159 309 167 841 45 677 782 552 185 242 181 614 724
1353,580 45 601 156 526 441 732 841 818 307 303 50 40 795 527 119 479 168 247 352
1354,306 662 434 140 151 444 565 84 349 77 67 508 173 185 634 395 114 628 740 486
1355,185 103 530 25 677 712 460 619 800 454 62 196 333 109 210 618 247 396 457 775
1356,358 337 118 611 268 748 271 351 42 352 141 107 754 192 500 732 142 76 515 419
1357,580 50 619 247 185 677 476 526 795 307 674 119 154 40 693 156 527 601 552 441
1358,185 25 103 677 712 460 619 247 530 62 457 807 92 207 196 800 775 10 40 675
1359,306 662 60 434 158 151 140 444 565 349 67 508 77 185 173 628 114 634 395 311
1360,306 662 60 434 158 151 140 444 565 84 349 67 508 185 77 173 628 395 114 634
1361,185 677 195 460 103 25 712 247 530 207 512 619 457 298 800 11 31 46 580 801
1362,677 103 460 712 25 530 619 247 512 62 207 800 109 457 298 195 333 454 210 760
1363,306 662 60 434 158 151 140 444 565 84 349 67 508 185 77 173 628 395 114 634
1364,268 107 141 747 76 358 3 192 380 611 748 590 751 160 104 317 443 215 271 732
1365,3 76 747 141 26 751 720 432 107 215 358 28 748 268 527 413 696 799 176 490
1366,306 662 60 434 158 151 140 444 565 84 349 67 508 185 77 173 628 395 114 634
1367,185 25 460 103 712 530 619 62 457 195 109 247 807 40 207 800 210 298 333 775
1368,562 344 755 476 604 169 547 404 311 102 220 523 142 676 401 5 548 186 752 439
1369,247 185 580 677 40 195 103 457 619 512 156 92 50 45 25 207 530 526 181 552
1370,229 737 295 24 140 625 259 518 382 758 77 151 458 103 434 579 397 565 546 113
1371,234 146 306 662 60 434 158 151 140 444 565 84 349 67 77 508 628 634 173 185
1372,528 170 142 273 427 367 165 201 288 18 34 469 409 428 823 183 593 75 411 521
1373,185 103 25 712 677 530 460 454 619 800 618 62 33 775 109 333 196 210 457 537
1374,273 170 428 205 427 823 409 93 18 142 286 708 4 838 75 593 313 290 249 350
1375,185 103 677 712 530 619 25 460 62 800 210 333 454 298 67 207 457 662 109 195
1376,185 677 580 40 195 247 457 619 512 303 207 25 732 552 45 807 119 50 62 164
1377,580 601 45 526 195 159 841 668 167 247 724 309 608 795 119 782 614 152 809 40
1378,580 247 526 195 40 608 159 614 181 309 782 393 677 167 552 724 242 185 795 668
1379,185 103 25 677 460 712 530 619 247 33 196 800 207 454 92 62 457 193 775 512
1380,205 427 165 273 313 823 32 134 286 272 756 201 469 186 142 639 426 170 93 294
1381,185 619 677 712 25 103 530 457 460 142 527 62 454 192 649 207 675 800 774 33
1382,185 103 25 530 460 712 677 619 62 247 196 807 800 109 210 10 457 397 207 775
1383,185 580 247 677 40 50 195 457 45 619 119 668 181 159 156 207 303 552 807 512
1384,306 662 60 434 158 151 140 444 565 84 349 67 508 185 77 173 628 395 114 634
1385,306 662 60 434 158 151 140 444 565 84 349 67 508 185 77 173 628 395 114 634
1386,210 140 77 439 662 434 151 121 198 574 113 91 103 84 259 692 126 444 634 565
1387,306 662 60 434 158 151 140 444 565 84 349 67 508 185 77 173 628 395 114 634
1388,306 662 60 434 158 151 140 444 565 84 349 67 508 185 77 173 628 395 114 634
1389,247 580 195 40 185 677 309 668 242 253 301 519 159 630 181 709 724 293 113 552
1390,185 677 103 25 530 460 619 712 457 195 247 62 800 512 207 807 40 298 109 92
1391,185 25 677 712 103 530 460 619 62 247 457 800 207 807 298 92 109 81 195 760
1392,580 247 195 677 185 40 45 526 795 50 619 668 309 159 479 181 841 724 307 156
1393,306 662 60 434 158 151 140 444 565 84 349 67 508 185 77 173 628 395 114 634
1394,580 601 841 795 526 247 50 818 668 182 479 119 167 156 159 255 303 614 152 724
1395,306 662 60 434 158 151 140 444 565 84 349 67 508 185 77 173 628 395 114 634
1396,185 677 40 580 25 247 457 619 195 154 460 103 62 50 775 530 526 534 67 92
1397,306 662 60 434 158 151 140 444 565 84 349 67 508 185 77 173 628 395 114 634
1398,306 662 60 434 158 151 140 444 565 84 349 67 508 185 77 173 628 395 114 634
1399,185 677 195 247 25 457 580 207 40 460 92 619 668 298 512 534 31 103 530 775
1400,306 662 60 434 158 151 140 444 565 84 349 67 508 185 77 173 628 395 114 634
1401,537 121 712 185 775 210 258 439 538 25 109 382 800 196 618 508 397 460 140 482
1402,306 662 60 434 158 151 140 444 565 84 349 67 508 185 77 173 628 395 114 634
1403,176 132 412 3 128 76 133 413 141 149 42 414 230 4 598 160 326 747 652 490
1404,358 352 527 42 732 45 441 432 841 696 118 337 142 204 156 601 611 479 580 168
1405,732 580 611 352 45 42 527 358 795 677 515 841 156 748 432 142 441 307 275 247
1406,70 510 256 700 582 292 136 765 222 539 0 464 741 796 20 88 66 834 699 574
1407,185 677 25 103 460 619 530 247 712 800 457 775 454 207 62 621 807 512 109 333
1408,580 247 668 195 614 159 50 526 40 782 45 255 724 185 181 152 253 167 302 677
1409,306 662 60 434 158 151 140 444 565 84 349 67 508 185 77 173 628 395 114 634
1410,185 677 712 247 195 460 40 580 25 619 103 298 457 207 800 50 109 775 530 210
1411,306 662 60 434 158 151 140 444 565 84 349 67 508 185 77 173 628 395 114 634
1412,358 42 631 45 580 841 268 754 216 611 160 748 3 76 337 118 747 443 271 119
1413,306 662 60 434 158 151 140 565 84 444 349 67 508 77 185 173 628 114 395 634
1414,478 654 700 448 435 20 476 463 344 223 169 409 417 756 25 831 752 532 757 619
1415,696 118 527 754 337 841 45 555 138 42 432 192 358 352 275 160 732 601 670 795
1416,580 247 526 841 40 45 668 159 795 307 195 614 608 255 441 519 309 242 167 182
1417,580 441 795 45 50 601 841 247 526 119 750 182 167 159 818 195 724 40 608 668
1418,434 662 60 151 77 140 634 444 740 311 382 833 405 398 537 482 121 775 642 439
1419,185 103 677 530 25 619 712 460 457 62 247 512 454 207 109 192 210 807 298 769
1420,580 195 40 247 677 31 724 309 159 127 185 552 123 457 119 674 167 608 45 668
1421,132 149 26 176 3 799 215 747 141 748 720 160 358 517 670 76 521 42 117 388
1422,113 434 806 151 77 295 229 70 100 788 140 218 510 196 662 397 72 405 627 485
1423,185 677 103 460 247 25 712 530 457 619 207 508 800 512 62 775 196 269 33 454
1424,358 76 268 107 3 720 141 748 631 192 611 527 747 42 590 215 751 271 45 841
1425,478 344 756 223 169 409 417 752 831 448 700 673 757 604 93 165 405 25 34 593
1426,185 677 25 619 103 457 247 460 40 712 62 807 530 207 775 195 92 142 800 298
1427,568 278 810 513 99 592 279 18 462 545 367 14 322 13 262 34 735 548 323 623
1428,185 25 103 619 712 677 530 460 775 33 454 62 457 247 800 618 345 508 40 675
1429,580 732 352 45 303 156 526 515 42 601 441 697 818 419 527 795 40 307 632 674
1430,4 168 93 631 42 45 49 748 160 479 413 656 527 358 517 176 580 216 490 388
1431,185 677 195 247 25 460 103 457 207 619 580 31 512 40 11 245 530 394 298 123
1432,580 45 841 156 601 441 527 307 668 818 795 40 119 479 526 732 168 303 632 42
1433,205 469 170 29 165 135 823 273 427 428 134 623 18 409 75 410 345 333 34 635
1434,185 580 40 457 195 677 619 45 309 67 119 775 668 160 25 247 732 303 562 31
1435,662 60 434 140 151 444 77 349 84 185 565 508 173 740 634 114 67 537 239 382
1436,548 148 399 286 101 428 128 309 273 149 616 454 631 590 205 488 625 142 426 68
1437,3 747 76 358 631 141 748 268 215 107 751 192 42 517 720 309 718 226 271 380
1438,306 662 60 434 158 151 140 444 565 84 349 67 508 185 77 173 628 395 114 634
1439,185 40 677 668 580 195 247 457 527 460 674 619 119 142 152 109 526 530 181 50
1440,3 215 141 747 76 751 107 517 748 268 718 720 631 26 380 149 358 388 192 798
1441,306 662 60 434 158 151 140 444 565 84 349 67 508 185 77 173 628 395 114 634
1442,185 454 677 712 103 530 460 333 25 109 662 619 800 210 775 67 298 140 508 62
1443,677 103 25 530 619 460 712 62 457 247 207 800 775 512 454 192 807 92 40 605
1444,622 766 208 57 672 473 687 816 704 451 69 175 643 685 734 59 595 646 784 474
1445,185 103 25 677 530 712 619 460 807 454 800 457 62 207 512 775 192 618 345 10
1446,580 45 307 841 247 601 526 818 795 50 156 750 182 479 119 195 167 40 668 159
1447,580 45 307 841 247 795 526 601 818 182 50 750 119 167 156 195 303 479 159 40
1448,185 677 25 712 103 460 530 619 62 457 195 109 40 807 67 800 333 210 247 775
1449,677 185 195 247 25 580 31 245 123 394 724 460 127 103 207 512 668 46 298 619
1450,185 677 195 247 25 580 460 103 394 457 512 619 207 31 123 724 46 40 712 11
1451,668 185 247 677 457 40 253 630 195 709 207 580 836 25 8 775 159 92 807 62
1452,185 25 103 712 677 62 530 619 460 457 247 800 618 675 775 92 454 40 605 192
1453,185 247 580 677 195 668 40 457 614 8 302 255 724 630 253 526 31 159 50 45
1454,40 185 247 677 195 580 457 668 552 123 127 724 159 309 674 31 181 25 519 92
1455,306 662 60 434 158 151 140 444 565 84 349 67 508 77 185 173 395 114 634 628
1456,113 485 403 100 79 802 212 686 77 210 430 242 386 775 546 362 742 833 295 836
1457,306 662 60 434 158 151 140 444 565 84 349 67 508 185 77 173 628 395 114 634
1458,185 677 103 25 460 530 619 712 457 800 195 207 92 775 512 62 109 196 454 298
1459,185 25 103 712 530 677 62 460 619 618 454 800 196 774 457 675 397 537 109 247
1460,185 677 195 247 25 460 580 619 103 92 457 207 46 512 394 31 245 298 11 40
1461,185 677 103 460 712 195 25 530 619 207 298 247 512 457 800 62 210 580 40 775
1462,580 45 307 795 441 841 601 247 526 50 818 195 182 156 724 119 479 40 668 167
1463,306 662 60 434 158 151 140 444 565 84 349 67 508 185 77 173 628 395 114 634
1464,247 195 677 185 40 724 668 50 526 123 127 181 159 31 457 45 552 309 182 119
1465,205 165 313 134 170 201 273 469 32 428 823 333 133 367 142 29 639 93 831 708
1466,306 662 60 434 158 151 140 444 565 84 349 67 508 185 77 173 628 395 114 634
1467,677 185 195 394 123 245 31 11 25 247 580 46 197 127 724 103 457 460 619 207
1468,185 677 103 25 712 460 530 619 454 800 62 457 207 247 512 618 109 298 333 193
1469,185 677 247 580 103 25 195 40 619 457 460 530 92 712 775 807 210 512 207 50
1470,185 103 677 530 712 460 619 457 807 247 454 207 333 92 196 10 62 675 269 512
1471,45 580 631 42 168 732 142 649 526 352 119 441 841 358 527 748 795 432 204 49
1472,580 195 247 724 309 185 123 127 159 45 31 40 677 668 782 608 795 50 526 160
1473,388 326 631 412 133 107 3 573 751 747 358 590 612 625 754 148 216 670 414 720
1474,185 619 677 103 247 25 40 580 457 195 207 712 775 62 530 807 460 142 67 512
1475,521 799 670 148 358 26 143 215 588 149 330 754 317 187 138 696 3 720 21 176
1476,696 118 138 143 555 670 337 754 699 527 769 376 520 358 432 834 415 28 553 352
1477,185 677 195 247 580 25 457 31 460 123 103 512 724 207 619 245 127 46 40 11
1478,677 103 460 25 712 619 530 207 775 457 298 454 800 92 508 512 62 195 269 196
1479,18 623 702 367 165 726 343 170 612 409 312 9 142 635 667 428 616 427 331 528
1480,185 677 25 247 103 460 712 207 619 530 195 298 775 62 92 668 512 836 508 534
1481,677 185 195 247 580 25 123 31 457 724 394 40 127 245 197 460 103 619 11 46
1482,185 530 677 25 712 619 460 210 333 62 800 807 775 196 454 192 457 109 67 247
1483,185 677 460 103 712 530 25 619 195 298 207 512 800 247 457 62 760 210 454 775
1484,118 337 754 358 696 841 555 42 748 732 527 601 45 352 795 142 611 275 670 580
1485,306 662 60 434 158 151 140 444 565 84 349 67 508 185 77 173 628 395 114 634
1486,358 45 611 527 732 432 748 352 580 142 337 355 515 841 204 303 168 631 42 419
1487,113 301 485 403 242 686 212 79 100 802 77 430 466 362 210 519 775 386 742 309
1488,185 677 25 712 103 460 530 619 62 457 195 247 207 109 800 298 40 807 333 454
1489,185 677 195 25 460 247 103 457 712 619 207 512 298 530 580 800 62 109 92 11
1490,45 527 432 696 601 118 337 732 352 841 580 42 358 754 119 303 156 142 795 515
1491,745 90 794 57 597 816 643 172 715 622 174 474 638 704 663 685 689 451 791 360
1492,273 101 708 548 823 631 286 205 616 170 133 428 148 142 521 350 4 290 454 409
1493,438 256 788 277 510 575 582 796 136 222 741 464 66 539 689 0 660 834 765 20
1494,580 247 195 677 45 185 724 40 159 795 668 50 841 181 8 526 552 127 307 818
1495,185 677 195 247 25 580 457 123 31 460 724 245 40 394 127 207 103 11 668 512
1496,118 464 627 23 143 731 70 330 575 699 741 638 582 788 735 218 322 241 29 161
1497,185 677 103 25 460 530 619 712 195 457 207 800 512 92 775 62 109 454 298 196
1498,580 50 45 608 841 526 195 167 309 119 724 795 307 809 441 818 182 159 651 156
1499,306 662 60 434 158 151 140 444 565 84 349 67 508 185 77 173 628 395 114 634
1500,568 810 18 702 367 323 513 34 501 14 279 278 322 592 623 208 528 99 262 462
1501,580 40 247 185 45 195 677 303 457 668 181 159 50 119 619 207 807 142 309 92
1502,306 662 60 434 158 151 140 444 565 84 349 67 508 185 77 173 628 395 114 634
1503,306 662 60 434 158 151 140 444 565 84 349 67 508 185 77 173 628 395 114 634
1504,306 662 60 434 158 151 140 444 565 84 349 67 508 185 77 173 628 395 114 634
1505,306 662 60 434 158 151 140 444 565 84 349 67 508 185 77 173 628 395 114 634
1506,580 526 309 247 195 601 40 50 45 608 668 167 841 724 795 119 782 614 159 302
1507,401 767 476 93 484 700 775 552 210 169 404 295 113 40 732 142 562 344 580 77
1508,580 45 441 307 168 601 795 750 526 841 40 668 303 119 614 732 42 156 404 50
1509,185 25 677 109 460 619 103 530 62 775 195 457 247 800 210 712 196 580 92 537
1510,185 677 195 460 25 619 394 103 247 530 11 580 712 245 207 31 109 800 801 760
1511,580 601 159 668 167 841 526 608 195 309 614 724 782 809 795 119 152 247 651 40
1512,580 677 195 303 185 40 526 841 247 142 309 45 245 281 552 8 127 668 457 119
1513,103 25 677 619 530 712 460 454 62 618 457 800 33 333 193 675 109 774 247 207
1514,580 40 185 457 668 195 677 309 247 45 181 614 119 303 142 31 160 127 526 8
1515,113 485 403 100 79 802 212 210 77 686 242 430 386 775 692 121 742 126 782 295
1516,306 662 60 434 158 151 140 444 565 84 349 67 508 185 77 173 628 395 114 634
1517,306 662 60 434 158 151 140 444 565 84 349 67 508 185 77 173 628 395 114 634
1518,185 25 677 103 460 712 457 530 40 619 247 195 807 800 775 109 207 210 92 333
1519,580 247 195 677 185 668 45 50 526 724 40 159 181 841 119 614 123 601 309 167
1520,306 662 60 434 158 151 140 444 565 84 349 67 508 185 77 173 628 395 114 634
1521,358 748 732 611 527 500 192 107 142 352 747 210 774 318 580 720 118 271 530 163
1522,306 662 60 434 158 151 140 444 565 84 349 67 508 185 77 173 628 395 114 634
1523,580 185 247 195 40 677 552 309 668 457 526 50 119 619 31 45 127 724 732 614
1524,306 662 60 434 158 151 140 444 565 84 349 67 508 185 77 173 628 395 114 634
1525,306 662 60 434 158 151 140 444 565 84 67 349 508 77 185 173 628 395 634 114
1526,306 662 60 434 158 151 140 444 565 84 349 67 508 185 77 173 628 395 114 634
1527,748 76 358 747 107 141 3 631 751 215 720 268 226 42 611 517 192 21 26 380
1528,379 439 775 486 318 77 654 434 382 788 478 397 210 258 700 113 151 103 311 38
1529,422 530 142 748 527 649 45 736 454 303 517 333 516 563 453 696 286 102 432 382
1530,185 619 103 62 40 530 677 25 460 457 247 712 196 775 605 50 154 580 210 92
1531,185 677 247 25 460 103 775 530 619 195 800 210 109 712 196 457 92 207 512 62
1532,517 247 419 748 668 226 841 580 268 42 630 479 335 40 303 358 45 527 753 720
1533,195 580 309 185 247 724 123 40 677 668 127 31 242 159 630 181 457 614 552 519
1534,185 25 677 460 103 619 109 530 62 775 800 537 712 210 196 457 81 92 580 50
1535,141 358 747 720 76 337 3 751 268 380 271 192 748 631 202 644 118 611 718 215
1536,568 367 14 427 33 702 323 165 194 810 461 727 410 183 513 501 201 312 99 567
1537,45 527 732 352 580 632 156 419 526 432 601 42 441 515 119 204 404 697 40 841
1538,439 198 781 494 304 121 78 210 221 421 436 642 725 574 114 349 530 103 77 579
1539,306 662 60 434 158 151 140 444 565 84 349 67 508 185 77 173 628 395 114 634
1540,185 103 677 460 25 712 530 619 247 800 457 454 62 207 196 269 775 92 33 109
1541,580 195 247 185 677 309 724 123 795 159 668 782 31 8 127 242 50 45 119 552
1542,306 662 60 434 158 151 140 444 565 84 349 67 508 185 77 173 628 395 114 634
1543,306 662 60 434 158 151 140 444 565 84 349 67 508 185 77 173 628 395 114 634
1544,306 662 60 434 158 140 151 444 84 565 67 185 77 508 395 173 628 634 740 311
1545,367 612 427 591 13 568 810 702 492 513 667 696 726 18 462 12 312 14 264 94
1546,306 662 60 434 158 151 140 444 565 84 349 67 508 185 77 173 628 395 114 634
1547,273 286 149 548 142 102 36 333 488 309 93 738 101 148 5 823 170 117 414 223
1548,306 662 60 434 158 151 140 444 565 84 349 67 508 185 77 173 628 395 114 634
1549,185 677 103 25 460 712 530 457 619 207 195 512 298 40 62 800 92 454 508 668
1550,306 662 60 434 158 151 140 444 565 84 349 67 508 185 77 173 628 395 114 634
1551,113 301 79 293 430 210 362 212 686 386 77 242 692 833 126 185 122 775 806 466
1552,699 23 98 330 520 716 745 810 256 498 138 218 241 172 376 582 448 586 347 826
1553,185 677 247 103 195 25 457 580 40 207 619 512 530 92 712 775 62 298 109 668
1554,185 677 103 530 460 247 457 712 62 807 207 40 580 775 109 195 512 210 800 605
1555,185 103 712 460 530 62 619 454 800 774 333 775 196 457 618 210 537 760 247 605
1556,306 662 60 434 158 151 140 444 565 84 349 67 508 185 77 173 628 395 114 634
1557,291 578 687 194 59 262 810 672 463 771 495 815 208 556 48 766 568 162 124 314
1558,185 677 195 247 580 25 457 460 103 207 619 512 40 31 123 724 245 298 127 46
1559,306 662 60 434 158 151 140 444 565 84 349 67 508 185 77 173 628 395 114 634
1560,352 732 337 611 142 118 527 156 42 27 432 841 631 654 515 580 500 441 310 601
1561,113 500 77 317 403 100 466 434 435 358 318 654 301 70 510 802 485 38 788 833
1562,306 662 60 434 158 151 140 444 565 84 349 67 508 185 77 173 628 395 114 634
1563,185 103 25 530 677 619 460 712 33 807 14 193 454 675 584 333 457 247 207 800
1564,306 662 60 434 158 151 140 444 565 84 349 67 508 185 77 173 628 395 114 634
1565,185 103 530 677 210 460 25 712 619 196 247 298 775 800 333 38 81 345 396 207
1566,309 40 167 195 608 809 782 580 160 242 127 123 519 31 724 159 641 457 552 247
1567,140 625 113 544 77 210 121 634 751 565 80 485 833 574 403 444 349 293 301 446
1568,306 662 60 434 158 151 140 444 565 84 349 67 508 185 77 173 628 395 114 634
1569,252 374 439 506 699 91 291 23 421 126 284 494 627 769 261 574 77 210 788 138
1570,306 662 60 434 158 151 140 444 565 84 349 67 508 185 77 173 628 395 114 634
1571,133 148 616 412 652 326 388 101 286 414 548 128 331 426 160 4 447 176 399 517
1572,568 501 14 194 33 367 278 461 810 702 13 99 184 481 513 584 722 591 208 592
1573,306 662 60 434 158 140 151 444 565 84 349 67 508 77 185 173 395 628 634 114
1574,77 486 382 113 210 151 434 439 103 654 318 775 379 662 574 397 446 625 258 259
1575,271 649 268 598 748 142 21 413 631 335 517 76 3 677 747 718 149 527 358 331
1576,367 18 165 469 427 134 810 34 183 208 568 29 425 323 823 635 838 75 623 726
1577,185 103 677 25 712 530 460 619 247 457 800 207 62 298 512 92 675 33 81 195
1578,70 788 267 510 277 582 575 292 700 539 222 464 765 741 136 660 699 66 0 88
1579,358 611 527 732 352 580 432 748 318 753 210 317 217 303 45 795 720 697 696 142
1580,662 60 434 140 151 444 77 349 84 185 565 508 173 740 634 114 67 537 239 382
1581,77 382 662 434 151 565 259 103 349 113 625 486 114 210 121 530 295 407 397 24
1582,580 185 195 677 247 309 242 40 519 127 552 92 724 113 619 301 31 25 123 674
1583,185 677 103 25 460 619 530 712 800 247 62 195 109 207 196 775 210 81 807 580
1584,677 185 195 580 247 530 457 619 11 512 25 534 46 460 31 394 245 40 103 649
1585,379 70 38 318 788 77 434 151 486 627 113 284 138 382 345 654 317 806 660 397
1586,580 50 601 195 45 526 724 841 247 167 159 119 668 123 795 818 309 40 127 608
1587,306 662 60 434 158 151 140 444 565 84 349 67 508 185 77 173 628 395 114 634
1588,185 677 439 712 91 103 460 692 210 195 530 436 25 298 126 619 247 121 512 333
1589,185 40 457 103 775 25 677 247 62 530 508 712 67 142 33 605 580 743 181 562
1590,185 103 25 677 530 712 460 619 457 247 207 807 92 454 269 62 196 512 800 333
1591,527 156 619 50 432 441 697 45 307 601 119 185 750 649 62 580 40 778 142 530
1592,699 520 98 38 723 647 218 498 376 769 745 627 59 172 554 582 174 448 796 138
1593,162 771 815 124 816 766 391 557 734 483 199 262 101 314 687 643 291 368 622 685
1594,306 662 60 434 158 151 140 444 565 84 349 67 508 185 77 173 628 395 114 634
1595,582 70 322 438 810 292 660 741 788 835 256 277 826 528 575 227 267 834 558 276
1596,185 677 712 25 103 109 460 530 62 619 195 207 580 457 67 247 800 512 760 333
1597,185 25 712 103 62 530 677 619 460 457 247 397 774 92 775 605 618 675 40 800
1598,273 548 101 708 426 133 616 428 454 333 823 205 187 610 286 142 170 631 706 488
1599,26 748 358 107 747 76 754 3 42 215 413 720 555 118 696 751 337 141 226 85
1600,548 273 101 631 333 36 590 823 454 286 148 488 309 205 550 616 142 21 102 68
1601,185 677 712 530 454 25 619 460 457 103 62 67 618 195 33 142 207 109 333 40
1602,185 677 210 712 439 103 91 692 530 460 25 62 436 333 195 800 126 67 121 619
1603,306 662 60 434 158 151 140 444 565 84 349 67 508 185 77 173 628 395 114 634
1604,140 382 77 662 434 407 565 60 151 625 146 210 103 259 158 777 486 234 311 536
1605,3 720 215 358 141 76 268 527 747 192 748 19 149 26 799 353 517 42 107 21
1606,185 677 619 103 530 25 460 712 457 109 195 62 247 207 67 775 40 800 512 210
1607,128 176 652 42 412 132 76 748 3 133 230 141 598 612 747 107 696 656 370 786
1608,580 185 247 195 677 40 50 457 25 668 619 724 181 103 31 775 309 159 127 119
1609,306 662 60 434 158 151 140 444 565 84 349 67 508 185 77 173 628 395 114 634
1610,185 677 712 103 25 460 619 530 454 62 800 457 207 775 196 247 298 396 618 210
1611,306 662 60 434 158 151 140 444 565 84 349 67 508 185 77 173 628 395 114 634
1612,439 91 494 692 781 198 126 304 421 121 210 400 221 725 436 607 574 642 114 738
1613,306 662 60 434 158 151 140 444 565 84 349 67 508 185 77 173 628 395 114 634
1614,775 247 185 619 530 580 40 210 92 103 732 25 196 677 800 50 309 621 457 81
1615,70 788 582 256 464 510 292 277 267 741 322 136 575 0 834 539 765 222 699 66
1616,247 185 580 677 103 619 40 92 156 457 530 25 552 512 526 460 732 195 775 50
1617,306 662 60 434 158 151 140 444 565 84 349 67 508 185 77 173 628 395 114 634
1618,432 732 352 696 601 527 45 337 515 42 118 580 119 697 841 156 778 649 632 303
1619,306 662 60 434 158 151 140 444 565 84 349 67 508 185 77 173 628 395 114 634
1620,185 530 677 439 91 580 460 103 210 298 195 619 775 109 527 454 25 50 67 247
1621,185 677 712 25 460 103 195 530 619 207 457 62 109 298 247 800 210 807 760 333
1622,306 662 60 434 158 151 140 444 565 84 349 67 508 185 77 173 628 395 114 634
1623,668 614 630 709 255 181 195 40 431 247 159 185 457 152 782 677 309 580 836 31
1624,26 358 748 747 3 670 631 76 388 754 720 149 141 611 107 104 517 432 317 590
1625,580 45 40 601 50 841 441 608 167 195 307 668 156 724 526 818 159 795 750 732
1626,103 247 677 185 92 530 775 33 10 25 673 580 40 460 196 207 512 113 836 552
1627,185 677 247 580 40 668 195 457 619 50 181 207 512 460 25 119 152 8 45 807
1628,306 662 60 434 158 151 140 444 565 84 349 67 508 185 77 173 628 395 114 634
1629,548 273 286 142 101 102 148 428 823 170 149 333 616 93 708 738 388 311 36 309
1630,306 662 60 434 158 151 140 444 565 84 349 67 508 185 77 173 628 395 114 634
1631,306 662 60 434 158 151 140 444 565 84 349 67 508 185 77 173 628 395 114 634
1632,185 677 103 530 25 619 460 712 457 800 247 62 207 512 775 807 210 40 109 298
1633,580 45 42 841 732 526 601 441 795 156 527 419 352 119 40 515 479 750 307 168
1634,185 619 677 25 457 103 192 527 62 247 460 207 40 649 712 512 675 807 50 775
1635,185 677 580 527 732 50 195 156 674 119 45 210 109 142 841 476 247 118 601 352
1636,185 712 103 460 677 25 530 619 193 33 454 14 62 207 800 457 760 675 333 298
1637,185 677 195 247 25 460 103 580 457 619 512 207 31 123 245 712 11 530 46 800
1638,306 662 60 434 158 151 140 444 565 84 349 67 508 185 77 173 628 395 114 634
1639,306 662 60 434 158 151 140 444 565 84 349 67 508 185 77 173 628 395 114 634
1640,521 799 187 148 143 670 588 26 149 105 358 754 138 318 176 317 21 282 696 331
1641,580 247 195 185 677 40 724 668 309 526 159 123 127 552 181 31 457 45 119 795
1642,185 677 25 103 530 712 460 619 207 512 457 62 527 210 298 580 50 109 142 92
1643,26 670 252 143 748 358 555 769 754 834 696 318 118 317 500 105 374 217 28 106
1644,434 662 77 60 151 140 444 634 382 121 210 740 113 439 833 403 38 311 91 565
1645,70 65 796 438 689 277 292 582 136 741 72 69 256 575 834 643 267 222 406 464
1646,42 748 176 26 149 747 160 107 413 76 28 720 3 358 215 754 479 527 192 141
1647,185 677 25 712 103 460 195 457 530 62 619 247 207 40 298 109 807 800 580 760
1648,185 677 103 25 460 619 195 457 530 712 207 512 92 580 800 62 298 40 775 109
1649,185 677 619 530 25 103 457 460 649 142 807 62 67 580 247 712 512 195 207 109
1650,306 662 60 434 158 151 140 444 565 84 349 67 508 185 77 173 628 395 114 634
1651,185 677 195 247 580 457 25 619 207 460 40 512 103 668 298 775 62 807 92 530
1652,185 677 103 25 247 712 460 619 530 457 207 62 195 512 580 800 775 40 92 807
1653,306 662 60 434 158 140 151 565 84 444 67 349 77 508 185 628 114 634 395 740
1654,306 662 60 434 158 151 140 444 565 84 349 67 508 185 77 173 628 395 114 634
1655,662 140 77 434 444 740 349 486 121 295 259 565 382 210 114 84 833 446 113 625
1656,748 76 527 3 107 358 432 720 732 747 166 42 611 268 696 413 28 141 282 192
1657,306 662 60 434 158 140 151 565 444 84 349 67 77 508 173 185 628 395 634 114
1658,60 439 712 775 434 67 38 304 77 91 462 158 782 501 537 258 40 821 674 494
1659,306 662 60 434 158 151 140 444 565 84 349 67 508 185 77 173 628 395 114 634
1660,229 446 737 295 24 140 151 625 758 518 259 434 77 382 103 565 546 397 458 579
1661,185 677 103 25 619 460 247 712 530 207 195 62 775 512 807 800 298 580 92 508
1662,185 677 25 103 247 207 457 712 460 619 512 195 530 298 92 800 269 62 534 8
1663,344 40 668 614 303 457 181 836 439 677 756 604 280 752 255 247 580 436 523 159
1664,185 677 195 460 25 247 394 103 580 512 207 619 31 457 712 127 298 530 724 373
1665,710 609 811 474 622 335 791 499 96 70 285 345 766 228 770 25 638 771 551 67
1666,580 352 526 45 441 795 40 619 307 601 50 156 119 247 750 303 195 677 515 479
1667,580 45 732 42 841 352 527 119 156 601 795 441 432 515 40 419 526 142 204 195
1668,306 662 60 434 158 151 140 444 565 84 349 67 508 185 77 173 628 395 114 634
1669,185 103 25 677 460 530 712 619 92 775 62 800 81 807 269 210 457 207 538 40
1670,185 677 103 25 247 807 207 460 457 712 530 619 14 512 584 92 298 675 62 193
1671,185 25 677 103 460 530 619 712 457 62 807 195 40 142 109 196 247 775 800 210
1672,113 485 403 802 79 100 686 430 212 242 210 519 309 386 782 77 742 775 185 692
1673,185 103 25 712 530 677 460 619 800 247 62 210 207 196 81 807 92 457 775 298
1674,195 580 185 301 677 113 242 309 247 519 485 686 127 293 40 123 775 92 724 782
1675,580 526 45 50 195 601 247 40 119 841 724 156 668 818 159 182 795 185 309 167
1676,312 428 461 501 810 33 469 14 144 324 513 616 323 18 529 410 567 568 839 165
1677,306 662 60 434 158 151 140 444 565 84 349 67 508 185 77 173 628 395 114 634
1678,734 643 816 162 584 262 687 59 483 473 124 99 595 622 199 568 314 14 30 766
1679,306 662 60 434 158 151 140 444 565 84 349 67 508 185 77 173 628 395 114 634
1680,580 142 732 649 767 668 619 280 223 93 563 185 752 197 452 25 631 677 104 67
1681,478 580 526 40 619 441 197 307 404 757 476 181 668 677 344 50 156 119 45 303
1682,306 662 60 434 158 151 140 444 565 84 349 67 508 185 77 173 628 395 114 634
1683,788 113 806 382 700 210 654 796 0 477 538 267 121 575 88 70 284 438 2 72
1684,306 662 60 434 158 151 140 444 565 84 349 67 508 185 77 173 628 395 114 634
1685,162 262 815 557 124 568 766 771 730 391 410 48 622 687 734 208 95 576 483 704
1686,306 662 60 434 158 151 140 444 565 84 349 67 508 185 77 173 628 395 114 634
1687,185 677 103 25 460 712 530 619 454 457 207 800 195 247 298 62 210 512 333 760
1688,306 662 60 434 158 151 140 444 565 84 349 67 508 185 77 173 628 395 114 634
1689,662 60 114 140 84 434 158 151 565 185 67 444 77 173 239 710 403 544 122 740
1690,677 298 207 530 512 103 25 210 460 712 195 619 38 247 580 316 800 457 52 775
1691,306 662 60 434 158 151 140 444 565 84 349 67 508 185 77 173 628 395 114 634
1692,306 662 60 434 158 151 140 444 565 84 349 67 508 185 77 173 628 395 114 634
1693,580 195 309 247 608 724 668 782 242 677 159 167 40 185 123 181 127 614 31 651
1694,306 662 60 434 158 151 140 444 565 84 349 67 508 185 77 173 628 395 114 634
1695,572 640 689 609 575 514 746 225 780 391 638 36 812 796 643 236 259 285 263 717
1696,306 662 60 434 158 151 140 444 565 84 349 67 508 185 77 173 628 395 114 634
1697,113 537 239 391 796 258 477 72 628 356 704 834 185 38 98 544 482 485 349 218
1698,23 582 70 627 98 256 322 810 723 834 464 438 38 252 660 826 769 498 716 59
1699,344 142 417 169 5 401 736 707 752 93 581 311 280 649 732 756 478 562 116 404
1700,439 258 121 210 198 692 77 91 126 537 304 781 140 494 775 239 482 1 712 574
1701,45 527 580 841 601 156 42 50 337 732 795 118 432 818 696 441 352 119 185 526
1702,306 662 60 434 158 151 140 444 565 84 349 67 508 185 77 173 628 395 114 634
1703,747 3 149 141 76 107 720 517 748 216 160 42 215 309 192 268 388 380 751 358
1704,185 103 677 530 460 712 25 131 619 210 62 247 800 207 196 482 512 81 333 298
1705,306 662 60 434 158 151 140 444 565 84 349 67 508 185 77 173 628 395 114 634
1706,434 662 77 60 140 151 382 634 121 210 740 113 439 833 565 185 103 537 259 38
1707,185 677 103 530 712 207 460 25 512 457 619 195 210 247 800 62 775 40 454 396
1708,306 662 60 434 158 151 140 444 565 84 349 67 508 185 77 173 628 395 114 634
1709,185 103 530 712 460 25 677 619 33 196 454 775 508 269 345 62 618 457 210 537
1710,185 103 530 25 677 460 712 192 800 247 457 210 62 807 775 196 207 10 454 769
1711,185 677 195 247 580 394 460 25 103 512 207 11 619 46 31 123 373 197 298 457
1712,306 662 60 434 158 151 140 444 565 84 349 67 508 185 77 173 628 395 114 634
1713,306 662 60 434 158 151 140 444 565 84 349 67 508 185 77 173 628 395 114 634
1714,548 273 631 823 101 454 590 708 333 36 488 102 399 414 416 332 238 149 286 309
1715,580 195 309 40 247 301 242 293 677 519 668 782 185 253 113 630 724 159 614 127
1716,185 677 247 195 25 619 460 103 457 580 40 207 512 530 62 775 92 807 712 668
1717,382 530 67 103 527 62 619 25 712 210 140 775 743 778 774 81 192 751 625 196
1718,185 677 195 247 580 25 460 512 207 457 619 31 103 394 123 724 298 127 46 40
1719,76 720 26 748 527 358 413 3 42 163 696 142 490 107 747 282 754 141 160 479
1720,306 662 60 434 158 151 140 444 565 84 349 67 508 185 77 173 628 395 114 634
1721,301 113 293 242 309 485 580 195 403 40 519 782 247 253 775 630 677 212 742 709
1722,439 185 91 677 530 210 103 460 298 580 775 81 619 712 121 247 195 140 662 800
1723,185 25 103 530 712 619 460 196 247 775 92 210 397 457 800 774 142 537 269 618
1724,185 677 247 195 457 40 25 619 103 181 460 775 92 207 62 807 50 31 512 534
1725,45 527 601 156 580 732 432 841 441 352 119 696 307 795 50 42 818 479 632 515
1726,548 273 823 454 631 101 590 428 333 205 286 708 488 102 187 426 414 616 142 738
1727,580 247 526 195 185 40 552 677 45 50 159 724 795 601 668 309 818 841 167 119
1728,306 662 60 434 158 151 140 444 565 84 349 67 508 185 77 173 628 395 114 634
1729,140 662 434 77 634 444 349 121 259 114 210 565 382 486 103 295 439 113 84 833
1730,306 662 60 434 158 151 140 444 565 84 349 67 508 185 77 173 628 395 114 634
1731,185 677 619 580 247 530 25 195 40 605 460 457 103 67 109 732 210 775 62 142
1732,306 662 60 434 158 151 140 444 565 84 349 67 508 185 77 173 628 395 114 634
1733,438 70 788 267 256 575 582 292 277 796 136 227 834 700 222 72 66 464 539 660
1734,580 441 45 601 795 841 50 119 526 818 182 608 156 42 479 247 160 40 167 195
1735,306 662 60 434 158 151 140 444 565 84 349 67 508 185 77 173 628 395 114 634
1736,185 677 25 103 712 460 530 619 62 457 109 807 207 800 195 333 40 247 196 142
1737,185 677 460 103 25 247 619 530 457 712 40 207 62 195 775 800 512 807 508 298
1738,185 677 247 25 460 457 103 580 619 512 207 31 394 530 298 712 800 62 123 724
1739,185 25 103 619 712 530 62 460 677 196 192 800 775 807 457 675 10 247 210 618
1740,185 677 103 25 460 619 712 530 207 62 195 775 800 512 298 454 92 508 807 269
1741,185 677 619 103 25 460 530 247 807 457 195 712 62 207 512 800 775 109 605 50
1742,699 374 506 23 769 627 143 723 788 261 291 554 88 376 138 284 136 498 292 330
1743,306 662 60 434 158 151 140 444 565 84 349 67 508 185 77 173 628 395 114 634
1744,479 763 156 635 700 841 531 142 528 732 441 352 110 623 831 303 613 307 658 527
1745,185 677 195 25 103 460 247 712 619 457 394 207 530 512 245 11 298 31 123 46
1746,580 247 195 677 45 185 40 159 795 668 526 724 50 181 119 8 614 841 302 307
1747,580 195 247 40 185 677 309 519 242 457 668 301 113 724 552 127 31 293 25 775
1748,580 45 526 42 668 841 40 677 795 195 247 441 152 614 307 119 309 159 601 303
1749,133 412 598 149 148 238 273 3 249 631 708 521 388 101 76 799 616 4 326 176
1750,622 32 473 285 685 791 717 815 321 336 704 648 474 124 199 225 816 57 262 259
1751,677 185 247 580 195 457 40 207 8 512 668 281 25 552 619 460 303 50 298 309
1752,358 527 696 337 118 754 841 601 204 45 156 192 432 142 441 42 163 303 352 748
1753,580 668 159 614 247 40 309 255 195 253 709 782 630 608 181 809 167 519 242 526
1754,439 198 781 494 304 121 210 78 400 221 421 642 17 725 349 607 436 77 114 579
1755,427 428 133 273 170 708 313 201 4 93 426 823 616 249 517 141 408 76 367 706
1756,3 747 215 76 141 107 751 748 517 631 388 226 268 718 358 149 720 26 309 42
1757,185 103 530 25 619 460 712 677 109 62 454 807 800 33 333 81 192 196 649 618
1758,185 677 103 460 25 712 619 530 207 457 247 195 298 512 800 62 40 775 92 508
1759,185 677 195 247 580 394 25 512 460 31 123 207 11 724 103 373 298 197 127 46
1760,699 98 627 582 723 810 322 70 330 520 769 236 464 256 716 38 498 826 252 647
1761,185 677 195 25 460 247 103 619 457 712 207 394 580 800 62 512 530 40 11 298
1762,306 662 60 434 158 151 140 444 565 84 349 67 508 185 77 173 628 395 114 634
1763,699 23 241 520 98 376 723 769 38 138 554 218 647 745 498 627 59 489 252 790
1764,40 677 580 752 484 614 344 668 181 457 247 169 121 185 476 836 159 570 404 526
1765,306 662 60 434 158 151 140 444 565 84 349 67 508 185 77 173 628 395 114 634
1766,306 662 60 434 158 151 140 444 565 84 349 67 508 185 77 173 628 395 114 634
1767,677 185 512 247 534 8 195 580 207 103 530 298 732 457 303 25 210 92 40 619
1768,306 662 60 434 158 151 140 444 565 84 349 67 508 185 77 173 628 395 114 634
1769,841 156 580 732 527 142 45 601 441 352 654 500 118 303 275 307 795 195 42 479
1770,268 141 751 3 358 337 380 76 611 732 352 118 748 107 42 419 747 631 527 515
1771,306 662 60 434 158 151 140 444 565 84 349 67 508 185 77 173 628 395 114 634
1772,195 677 185 245 394 123 31 580 46 127 724 373 436 197 247 599 512 207 25 619
1773,113 301 485 403 293 79 100 430 362 686 210 212 185 242 77 386 775 692 806 519
1774,580 185 677 527 41 247 748 195 45 530 119 732 210 50 156 192 142 109 795 619
1775,40 247 580 185 677 195 668 457 552 181 159 123 614 724 674 127 309 31 253 255
1776,185 677 25 103 712 530 460 247 619 92 62 207 775 40 508 668 196 800 269 605
1777,438 70 256 788 575 277 292 582 222 227 700 539 136 741 765 464 0 88 72 834
1778,580 185 50 677 247 601 732 795 45 303 119 195 697 156 841 476 674 307 40 512
1779,580 247 195 185 50 45 841 526 668 159 156 724 309 795 601 479 782 167 302 677
1780,580 526 247 818 45 167 195 479 841 40 601 724 608 651 159 309 668 50 152 809
1781,412 176 246 3 132 76 326 42 216 413 414 230 107 598 748 160 128 149 747 652
1782,677 185 195 123 245 31 11 127 580 724 247 373 460 46 512 25 40 197 457 207
1783,185 677 103 25 619 712 460 457 62 454 207 800 247 109 512 807 192 769 298 675
1784,185 677 103 25 460 530 712 619 247 512 298 457 195 800 210 92 62 775 40 269
1785,306 662 60 434 158 151 140 444 565 84 349 67 508 185 77 173 628 395 114 634
1786,140 113 103 295 121 151 625 382 196 775 210 434 546 446 25 77 397 574 24 486
1787,45 337 42 352 118 732 580 142 841 358 527 649 631 601 754 441 748 204 515 795
1788,306 662 60 434 158 151 140 444 565 84 349 67 508 185 77 173 628 395 114 634
1789,306 662 60 434 158 151 140 444 565 84 349 67 508 185 77 173 628 395 114 634
1790,185 677 195 460 245 512 11 103 25 619 31 207 46 247 580 123 298 712 373 127
1791,434 60 77 662 140 405 634 444 158 740 486 382 565 349 537 397 319 833 446 258
1792,306 662 60 434 158 151 140 444 565 84 349 67 508 185 77 173 628 395 114 634
1793,185 25 677 103 712 530 460 619 800 247 62 457 807 195 196 210 207 454 512 775
1794,306 662 60 434 158 151 140 444 565 84 349 67 508 185 77 173 628 395 114 634
1795,185 580 677 195 247 457 668 181 159 614 724 31 526 253 309 127 552 123 255 630
1796,286 631 133 101 148 414 590 426 548 708 142 149 238 3 521 412 616 4 249 649
1797,438 70 256 267 510 277 575 700 796 582 834 222 699 741 72 765 66 464 356 660
1798,185 25 712 103 530 460 677 62 619 454 196 397 33 800 618 537 760 333 774 81
1799,185 677 195 247 25 580 457 460 512 103 207 619 40 31 712 298 123 46 11 724
1800,306 662 60 434 158 151 140 444 565 84 349 67 508 185 77 173 628 395 114 634
1801,306 662 60 434 158 151 140 444 565 84 349 67 508 185 77 173 628 395 114 634
1802,306 662 60 434 158 151 140 444 565 84 349 67 508 185 77 173 628 395 114 634
1803,306 662 60 434 158 151 140 444 565 84 349 67 508 185 77 173 628 395 114 634
1804,426 133 128 414 230 652 326 548 399 238 148 590 176 370 631 598 303 412 533 573
1805,185 103 619 677 25 530 712 460 457 62 618 454 247 33 675 333 775 207 210 193
1806,306 662 60 434 158 151 140 444 565 84 349 67 508 185 77 173 628 395 114 634
1807,185 677 195 460 25 103 530 712 619 247 800 207 457 454 801 109 11 62 775 760
1808,286 748 187 414 148 133 331 76 149 610 273 264 747 454 616 101 548 708 422 517
1809,677 185 103 619 512 247 580 210 40 195 732 207 298 460 45 119 457 807 534 50
1810,25 185 103 677 712 530 460 619 454 800 62 196 247 457 333 92 618 775 67 109
1811,434 662 60 77 151 140 444 634 382 121 740 210 113 439 833 403 565 185 38 91
1812,185 677 195 247 580 207 460 25 457 512 31 123 724 394 619 127 46 103 40 298
1813,185 677 103 25 530 712 460 247 195 207 619 512 457 298 210 92 269 800 775 801
1814,306 662 60 434 158 151 140 444 565 84 349 67 508 185 77 173 628 395 114 634
1815,185 677 247 103 460 25 619 580 457 195 712 530 207 40 512 62 92 298 775 807
1816,580 309 160 45 195 40 841 42 242 608 247 782 668 127 651 526 479 31 167 795
1817,306 662 60 434 158 151 140 444 565 84 349 67 508 185 77 173 628 395 114 634
1818,306 662 60 434 158 151 140 444 565 84 349 67 508 185 77 173 628 395 114 634
1819,185 677 103 712 460 25 530 619 457 298 512 247 800 454 195 62 775 92 269 801
1820,185 677 25 103 460 712 530 454 619 800 247 109 196 62 457 207 775 33 801 618
1821,677 185 195 580 247 123 31 724 394 245 127 512 25 11 46 619 457 197 460 40
1822,185 677 25 103 712 530 460 800 619 207 62 210 109 247 195 512 775 457 618 298
1823,185 25 103 619 712 530 677 775 33 457 454 800 460 247 62 618 508 345 40 196
1824,185 103 619 25 677 530 460 712 454 62 333 618 457 800 109 33 210 67 193 675
1825,441 142 307 45 580 169 168 707 619 601 581 525 649 795 40 303 841 404 562 750
1826,90 745 622 356 689 586 663 597 360 499 685 259 451 816 172 228 397 687 474 258
1827,306 662 60 434 158 151 140 444 565 84 349 67 508 185 77 173 628 395 114 634
1828,306 662 60 434 158 151 140 444 565 84 349 67 508 185 77 173 628 395 114 634
1829,823 18 273 531 612 76 133 297 625 141 521 763 708 616 345 187 838 428 758 718
1830,185 677 619 103 25 712 530 460 457 62 109 67 454 800 333 247 40 580 207 33
1831,580 167 601 677 50 526 608 45 818 651 841 156 119 195 303 809 724 307 641 795
1832,306 662 60 434 158 151 140 444 565 84 349 67 508 185 77 173 628 395 114 634
1833,337 118 358 352 611 754 28 271 353 631 720 590 732 527 142 355 500 696 515 748
1834,210 77 140 382 151 439 486 407 625 259 434 234 662 84 654 113 565 103 126 198
1835,114 210 439 77 126 91 140 692 574 434 198 113 151 38 403 60 662 103 494 121
1836,140 67 382 259 537 701 77 185 565 173 103 625 544 508 775 210 403 258 618 16
1837,662 77 140 434 151 382 210 634 486 114 565 444 740 349 121 259 439 103 84 518
1838,121 295 210 140 113 382 439 485 574 77 403 151 301 625 537 349 546 178 304 114
1839,306 662 60 434 158 151 140 444 565 84 349 67 508 185 77 173 628 395 114 634
1840,273 205 823 286 548 708 616 428 142 631 18 414 427 170 187 290 469 101 313 820
