user_id,item_id,rating,timestamp
0,6,1.0,1383523200
0,146,1.0,1383523200
0,232,1.0,1383523200
0,364,1.0,1383523200
0,407,1.0,1383523200
0,777,1.0,1383523200
1,715,4.0,1405555200
1,648,3.0,1415750400
1,773,4.0,1420848000
1,324,3.0,1442448000
1,135,5.0,1444780800
1,645,3.0,1446076800
1,467,3.0,1447545600
1,447,4.0,1452297600
1,388,4.0,1466726400
1,268,4.0,1470787200
1,21,4.0,1472947200
1,713,4.0,1487289600
1,394,3.0,1499212800
1,25,3.0,1525478400
2,387,5.0,1411689600
2,683,5.0,1411689600
2,126,5.0,1416700800
2,692,5.0,1416700800
2,78,5.0,1419379200
3,98,4.0,1407456000
3,256,5.0,1407456000
3,398,2.0,1407456000
3,138,4.0,1430179200
4,564,4.0,1415232000
4,771,3.0,1418515200
4,263,4.0,1427760000
4,111,5.0,1443916800
4,142,3.0,1448582400
4,480,4.0,1466467200
5,89,5.0,1353369600
5,489,3.0,1376352000
5,840,4.0,1393200000
5,371,4.0,1398643200
5,663,5.0,1402358400
5,638,5.0,1406419200
5,535,5.0,1415664000
5,816,5.0,1416441600
5,557,4.0,1417478400
5,639,5.0,1445299200
6,6,4.0,1405900800
6,146,4.0,1405900800
6,232,4.0,1405900800
6,364,4.0,1405900800
6,407,4.0,1405900800
6,777,4.0,1405900800
7,745,4.0,1398729600
7,112,5.0,1400803200
7,360,5.0,1400803200
7,493,5.0,1415491200
7,381,5.0,1430179200
7,568,4.0,1434240000
7,722,4.0,1443830400
7,135,3.0,1445126400
7,726,2.0,1453334400
7,596,4.0,1456790400
7,786,5.0,1458950400
7,202,4.0,1470182400
7,355,2.0,1477526400
7,603,4.0,1478217600
7,778,5.0,1479254400
7,679,3.0,1480118400
7,167,5.0,1490572800
7,580,2.0,1490572800
7,46,5.0,1498953600
7,375,5.0,1498953600
7,394,5.0,1499126400
7,11,3.0,1499558400
7,245,5.0,1499558400
7,373,5.0,1499558400
7,620,4.0,1512864000
8,6,5.0,1487721600
8,146,5.0,1487721600
8,232,5.0,1487721600
8,364,5.0,1487721600
8,407,5.0,1487721600
8,777,5.0,1487721600
9,6,3.0,1408579200
9,146,3.0,1408579200
9,232,3.0,1408579200
9,364,3.0,1408579200
9,407,3.0,1408579200
9,777,3.0,1408579200
10,6,5.0,1444694400
10,146,5.0,1444694400
10,151,5.0,1444694400
10,232,5.0,1444694400
10,364,5.0,1444694400
10,407,5.0,1444694400
10,434,5.0,1444694400
10,777,5.0,1444694400
11,551,4.0,1415318400
11,646,4.0,1415318400
11,139,3.0,1417737600
12,88,4.0,1374969600
12,727,4.0,1443657600
12,286,5.0,1451520000
12,531,2.0,1475020800
13,96,4.0,1411257600
13,839,4.0,1445472000
13,250,4.0,1445990400
13,804,4.0,1456099200
13,326,4.0,1459641600
13,107,3.0,1468454400
13,271,4.0,1472256000
13,74,4.0,1484697600
13,123,5.0,1499212800
14,6,2.0,1371859200
14,146,2.0,1371859200
14,232,2.0,1371859200
14,364,2.0,1371859200
14,407,2.0,1371859200
14,777,2.0,1371859200
15,6,1.0,1498089600
15,146,1.0,1498089600
15,232,1.0,1498089600
15,364,1.0,1498089600
15,407,1.0,1498089600
15,777,1.0,1498089600
16,78,5.0,1525392000
16,574,5.0,1525392000
16,692,4.0,1525392000
17,6,4.0,1384819200
17,146,4.0,1384819200
17,232,4.0,1384819200
17,364,4.0,1384819200
17,407,4.0,1384819200
17,777,4.0,1384819200
18,829,4.0,1371513600
18,498,5.0,1392768000
18,640,5.0,1405123200
18,350,5.0,1445299200
18,142,5.0,1447113600
19,472,1.0,1393286400
19,112,3.0,1403049600
19,448,3.0,1403049600
19,564,3.0,1416355200
19,394,4.0,1502496000
20,228,5.0,1410566400
20,289,5.0,1420329600
20,203,5.0,1430179200
20,810,5.0,1438560000
20,201,3.0,1443571200
20,426,4.0,1458086400
20,748,5.0,1469577600
21,487,4.0,1172620800
21,60,5.0,1177459200
21,794,4.0,1398556800
21,638,5.0,1403568000
21,797,4.0,1416528000
21,773,3.0,1422057600
21,199,4.0,1424044800
21,54,3.0,1429920000
21,545,4.0,1430697600
21,381,4.0,1430784000
21,13,3.0,1435190400
21,108,5.0,1469923200
21,268,3.0,1471132800
21,818,3.0,1487116800
22,535,5.0,1417132800
22,208,5.0,1444435200
22,93,2.0,1446940800
22,418,3.0,1447459200
23,409,5.0,1445731200
23,5,5.0,1449878400
23,249,4.0,1458777600
23,297,3.0,1460764800
23,3,2.0,1467676800
23,590,5.0,1468454400
23,631,5.0,1468800000
23,603,3.0,1469145600
23,46,4.0,1502323200
23,605,3.0,1515456000
23,41,4.0,1519516800
23,458,4.0,1527379200
24,815,4.0,1415232000
24,272,5.0,1445299200
24,820,4.0,1445644800
24,265,4.0,1446336000
24,5,4.0,1448755200
24,101,3.0,1454803200
24,761,4.0,1459209600
24,767,3.0,1459728000
24,153,3.0,1461024000
24,744,4.0,1473465600
24,772,3.0,1476835200
24,119,2.0,1485561600
24,668,4.0,1489708800
24,808,4.0,1496620800
25,592,5.0,1214784000
25,149,4.0,1463788800
25,480,4.0,1464566400
25,26,5.0,1466035200
25,413,4.0,1466035200
25,517,4.0,1466035200
25,736,5.0,1471996800
25,282,5.0,1494892800
25,86,5.0,1503964800
25,129,4.0,1516060800
26,507,4.0,1392508800
26,289,5.0,1418601600
26,569,5.0,1436745600
26,425,5.0,1443312000
26,496,5.0,1451779200
26,838,5.0,1453852800
26,631,5.0,1467936000
26,287,5.0,1481587200
26,97,5.0,1482883200
26,42,5.0,1488499200
27,504,5.0,1334620800
27,71,5.0,1372032000
27,344,5.0,1446336000
27,318,5.0,1473120000
27,110,4.0,1479427200
27,441,4.0,1486339200
28,254,5.0,1508284800
28,296,5.0,1519084800
28,103,5.0,1519689600
28,455,5.0,1519689600
29,486,5.0,1367452800
29,758,5.0,1367452800
29,544,4.0,1372291200
29,446,4.0,1378339200
29,737,4.0,1397433600
30,6,5.0,1428796800
30,146,5.0,1428796800
30,232,5.0,1428796800
30,364,5.0,1428796800
30,407,5.0,1428796800
30,777,5.0,1428796800
31,6,5.0,1393891200
31,146,5.0,1393891200
31,232,5.0,1393891200
31,364,5.0,1393891200
31,407,5.0,1393891200
31,777,5.0,1393891200
32,6,3.0,1399766400
32,146,3.0,1399766400
32,232,3.0,1399766400
32,234,3.0,1399766400
32,364,3.0,1399766400
32,407,3.0,1399766400
32,777,3.0,1399766400
33,536,5.0,1371686400
33,704,4.0,1414713600
33,33,3.0,1422489600
33,184,5.0,1429488000
33,456,4.0,1429488000
33,95,5.0,1429833600
33,280,5.0,1445644800
33,604,4.0,1447286400
33,505,5.0,1463616000
33,149,5.0,1464048000
33,331,5.0,1464825600
33,517,5.0,1465430400
33,85,5.0,1467072000
33,27,5.0,1477526400
33,243,5.0,1486425600
33,152,5.0,1490227200
33,431,5.0,1490227200
33,782,5.0,1491436800
33,245,5.0,1497484800
33,11,5.0,1498089600
33,599,4.0,1498089600
33,394,4.0,1498262400
34,6,5.0,1377993600
34,146,5.0,1377993600
34,232,5.0,1377993600
34,364,5.0,1377993600
34,407,5.0,1377993600
34,777,5.0,1377993600
35,705,4.0,1429660800
35,727,4.0,1444608000
35,604,5.0,1447632000
36,716,4.0,1391904000
36,609,3.0,1402963200
36,640,4.0,1403568000
36,535,4.0,1414886400
36,321,4.0,1415059200
36,9,5.0,1445040000
36,280,3.0,1447459200
37,527,5.0,1479859200
37,818,1.0,1489881600
37,668,5.0,1491177600
37,255,5.0,1491696000
37,614,5.0,1491696000
37,253,5.0,1493510400
37,630,5.0,1493510400
37,709,5.0,1496361600
38,716,5.0,1392508800
38,638,3.0,1404864000
38,557,4.0,1416355200
38,18,4.0,1446768000
38,593,3.0,1448582400
38,312,5.0,1451692800
38,370,1.0,1457740800
38,176,4.0,1460851200
38,132,5.0,1461024000
38,505,4.0,1463011200
38,3,3.0,1467936000
38,192,3.0,1469577600
38,721,3.0,1477008000
38,204,2.0,1479427200
38,240,4.0,1483488000
38,713,4.0,1485561600
38,8,5.0,1502668800
38,63,4.0,1503705600
38,92,4.0,1503705600
39,130,4.0,1370995200
39,360,3.0,1400284800
39,320,4.0,1408406400
39,690,4.0,1415664000
39,474,3.0,1417478400
39,209,5.0,1430697600
39,359,5.0,1470873600
39,11,4.0,1498003200
39,669,3.0,1525996800
40,355,5.0,1477440000
40,603,5.0,1477958400
40,527,5.0,1479427200
40,243,3.0,1485648000
40,275,3.0,1485648000
40,42,5.0,1486080000
40,354,5.0,1487203200
40,476,5.0,1487203200
40,783,5.0,1488844800
40,614,5.0,1489881600
40,739,3.0,1493424000
40,142,5.0,1493769600
40,46,5.0,1498780800
40,245,5.0,1498780800
40,373,5.0,1498780800
40,394,5.0,1498780800
40,599,5.0,1498780800
41,6,2.0,1373500800
41,146,2.0,1373500800
41,232,2.0,1373500800
41,364,2.0,1373500800
41,407,2.0,1373500800
41,777,2.0,1373500800
42,755,5.0,1456185600
42,548,5.0,1456876800
42,590,5.0,1468454400
42,555,4.0,1477699200
42,352,5.0,1480636800
42,264,4.0,1484352000
42,152,4.0,1490227200
42,431,4.0,1490227200
42,739,5.0,1493251200
42,515,5.0,1503360000
42,693,5.0,1504051200
42,115,4.0,1511481600
43,627,5.0,1388966400
43,520,5.0,1391558400
43,622,5.0,1415145600
43,37,5.0,1454976000
43,644,5.0,1469491200
43,217,4.0,1480464000
44,98,5.0,1392768000
44,371,4.0,1396224000
44,695,5.0,1414972800
44,784,5.0,1415664000
44,687,5.0,1416096000
44,199,4.0,1422835200
44,593,5.0,1448841600
44,664,5.0,1448841600
44,684,4.0,1448841600
44,332,4.0,1458691200
44,4,4.0,1460851200
44,132,5.0,1461369600
44,423,5.0,1472860800
44,452,5.0,1482364800
44,303,4.0,1489622400
44,390,5.0,1492128000
44,195,5.0,1497657600
44,245,5.0,1497657600
45,376,5.0,1376524800
45,790,3.0,1394755200
45,746,5.0,1404345600
45,459,5.0,1412985600
46,6,1.0,1469923200
46,146,1.0,1469923200
46,232,1.0,1469923200
46,364,1.0,1469923200
46,407,1.0,1469923200
46,777,1.0,1469923200
47,227,5.0,1469318400
47,438,5.0,1469318400
47,765,5.0,1469318400
48,6,5.0,1382918400
48,146,5.0,1382918400
48,232,5.0,1382918400
48,234,5.0,1382918400
48,364,5.0,1382918400
48,407,5.0,1382918400
48,777,5.0,1382918400
49,438,5.0,1453939200
49,765,5.0,1453939200
49,788,5.0,1453939200
50,6,5.0,1408320000
50,146,5.0,1408320000
50,232,5.0,1408320000
50,364,5.0,1408320000
50,407,5.0,1408320000
50,777,5.0,1408320000
51,535,4.0,1416009600
51,481,4.0,1430179200
51,188,5.0,1431043200
51,592,4.0,1434412800
51,813,5.0,1444953600
52,23,4.0,1376956800
52,791,5.0,1402790400
52,640,5.0,1404000000
52,710,4.0,1404000000
52,646,5.0,1415232000
52,797,5.0,1415664000
52,456,5.0,1429747200
52,194,5.0,1430352000
52,288,5.0,1446336000
52,664,5.0,1448496000
52,524,5.0,1449360000
52,312,2.0,1453334400
52,47,5.0,1461283200
52,748,4.0,1470528000
52,358,5.0,1472860800
52,142,5.0,1477958400
52,458,4.0,1527292800
53,300,5.0,1484784000
53,614,5.0,1490572800
53,668,5.0,1491609600
53,255,5.0,1492473600
53,181,5.0,1493337600
53,253,5.0,1493424000
53,630,5.0,1493856000
53,709,5.0,1493856000
53,142,5.0,1494028800
53,436,5.0,1497139200
53,11,5.0,1498089600
53,281,5.0,1501977600
54,6,5.0,1407369600
54,146,5.0,1407369600
54,232,5.0,1407369600
54,234,5.0,1407369600
54,364,5.0,1407369600
54,407,5.0,1407369600
54,777,5.0,1407369600
55,454,5.0,1457395200
55,187,4.0,1464652800
55,749,5.0,1475193600
55,404,5.0,1481760000
55,614,4.0,1490745600
56,242,5.0,1491436800
56,40,5.0,1492819200
56,46,5.0,1498003200
56,11,5.0,1499126400
56,599,5.0,1499126400
56,245,5.0,1499472000
57,579,2.0,1306195200
57,840,5.0,1391040000
57,463,3.0,1428451200
57,322,5.0,1439596800
57,250,5.0,1446422400
57,828,4.0,1448064000
57,276,3.0,1448323200
57,664,5.0,1449273600
57,415,4.0,1478822400
57,168,2.0,1485216000
57,633,4.0,1485302400
57,365,5.0,1486857600
57,841,4.0,1489968000
57,152,5.0,1490486400
57,431,5.0,1490486400
57,739,4.0,1492473600
57,373,5.0,1497571200
57,245,4.0,1498089600
57,394,4.0,1498694400
57,599,5.0,1499040000
57,247,5.0,1502668800
57,186,4.0,1524268800
58,455,4.0,1434326400
58,530,5.0,1434326400
58,753,5.0,1434326400
59,627,4.0,1392854400
59,690,4.0,1415404800
59,463,4.0,1429833600
60,6,5.0,1510272000
60,146,5.0,1510272000
60,232,5.0,1510272000
60,364,5.0,1510272000
60,407,5.0,1510272000
60,777,5.0,1510272000
61,6,5.0,1406246400
61,146,5.0,1406246400
61,232,5.0,1406246400
61,234,5.0,1406246400
61,364,5.0,1406246400
61,407,5.0,1406246400
61,777,5.0,1406246400
62,600,3.0,1376524800
62,761,4.0,1390262400
62,274,3.0,1457740800
62,433,5.0,1457740800
62,94,3.0,1458432000
62,297,4.0,1460419200
62,736,5.0,1472083200
63,64,4.0,1390953600
63,771,3.0,1416441600
63,125,5.0,1419033600
63,251,3.0,1419033600
63,366,4.0,1419120000
63,578,3.0,1419120000
63,61,4.0,1439164800
63,667,4.0,1439251200
63,155,5.0,1442102400
63,556,4.0,1442534400
63,372,3.0,1443398400
63,183,4.0,1443830400
63,29,5.0,1445472000
63,32,5.0,1445558400
63,831,4.0,1445558400
63,165,3.0,1446768000
63,602,4.0,1446854400
63,756,3.0,1447113600
63,142,4.0,1447286400
63,219,4.0,1448841600
63,224,5.0,1448841600
63,755,4.0,1455494400
63,326,4.0,1458259200
63,249,4.0,1459814400
63,132,4.0,1462147200
63,331,4.0,1465689600
63,666,2.0,1465862400
63,26,5.0,1466726400
63,3,4.0,1468022400
63,202,5.0,1469232000
63,353,4.0,1470441600
63,337,5.0,1473984000
63,12,4.0,1474329600
63,118,5.0,1475107200
63,754,5.0,1475107200
63,343,4.0,1475539200
63,28,4.0,1476576000
63,649,5.0,1477353600
63,555,4.0,1478304000
63,713,5.0,1485648000
63,31,4.0,1498003200
63,11,4.0,1498089600
63,599,4.0,1498262400
63,127,3.0,1499731200
63,394,4.0,1499817600
63,775,5.0,1516406400
64,6,4.0,1391990400
64,146,4.0,1391990400
64,232,4.0,1391990400
64,364,4.0,1391990400
64,407,4.0,1391990400
64,777,4.0,1391990400
65,541,5.0,1410998400
65,33,4.0,1422921600
65,314,4.0,1423612800
65,95,4.0,1429747200
65,184,5.0,1429747200
65,442,5.0,1445472000
65,331,5.0,1465257600
65,243,4.0,1498348800
66,311,5.0,1472947200
66,444,5.0,1474675200
66,158,5.0,1495843200
67,6,5.0,1455321600
67,146,5.0,1455321600
67,232,5.0,1455321600
67,364,5.0,1455321600
67,407,5.0,1455321600
67,777,5.0,1455321600
68,438,5.0,1446940800
68,554,5.0,1446940800
68,769,5.0,1446940800
69,553,4.0,1488672000
69,808,1.0,1498262400
69,281,1.0,1501891200
69,92,1.0,1503532800
69,621,1.0,1503532800
69,245,3.0,1507852800
69,373,3.0,1508284800
70,89,1.0,1377129600
70,88,5.0,1379376000
70,138,5.0,1391299200
70,330,5.0,1397520000
70,483,5.0,1417478400
70,266,5.0,1418947200
70,48,5.0,1422316800
70,629,5.0,1424304000
70,529,4.0,1440460800
70,9,4.0,1445299200
70,286,4.0,1452297600
70,767,4.0,1460073600
70,117,2.0,1467244800
70,649,2.0,1477267200
70,49,5.0,1482278400
70,707,5.0,1482451200
71,267,5.0,1446940800
71,277,5.0,1446940800
71,292,5.0,1446940800
72,121,4.0,1404259200
72,494,5.0,1404259200
72,642,5.0,1404259200
73,536,1.0,1370908800
73,395,5.0,1395273600
73,391,4.0,1415750400
73,14,3.0,1430870400
73,410,4.0,1444003200
73,333,5.0,1455840000
73,419,4.0,1488585600
74,112,5.0,1401494400
74,780,5.0,1405123200
74,336,5.0,1441929600
74,219,5.0,1450483200
74,117,5.0,1466553600
74,202,5.0,1469318400
74,386,5.0,1491436800
74,599,5.0,1500508800
75,6,1.0,1476144000
75,146,1.0,1476144000
75,232,1.0,1476144000
75,364,1.0,1476144000
75,407,1.0,1476144000
75,777,1.0,1476144000
76,6,5.0,1406160000
76,146,5.0,1406160000
76,232,5.0,1406160000
76,364,5.0,1406160000
76,407,5.0,1406160000
76,777,5.0,1406160000
77,816,5.0,1416441600
77,730,5.0,1421020800
77,102,5.0,1449619200
77,238,4.0,1457827200
77,610,5.0,1457827200
77,649,5.0,1457827200
77,281,5.0,1459987200
77,441,5.0,1486339200
78,685,5.0,1414713600
78,124,4.0,1422921600
78,705,5.0,1430179200
78,14,4.0,1431388800
78,409,5.0,1445731200
78,246,4.0,1461369600
78,281,5.0,1462752000
78,631,5.0,1468627200
78,603,4.0,1469577600
78,353,4.0,1470268800
78,591,5.0,1472860800
79,694,3.0,1408406400
79,170,5.0,1444953600
79,492,3.0,1444953600
79,676,3.0,1445299200
79,367,4.0,1445385600
79,34,5.0,1445644800
79,201,5.0,1445731200
79,602,5.0,1449100800
79,355,5.0,1477612800
79,42,5.0,1488931200
79,243,5.0,1488931200
79,303,5.0,1491350400
79,571,4.0,1494028800
79,519,5.0,1494115200
79,599,5.0,1499212800
79,245,5.0,1499385600
80,757,5.0,1481760000
80,665,5.0,1482105600
80,342,5.0,1482364800
81,6,5.0,1468800000
81,146,5.0,1468800000
81,232,5.0,1468800000
81,364,5.0,1468800000
81,407,5.0,1468800000
81,777,5.0,1468800000
82,477,5.0,1415232000
82,154,5.0,1420675200
82,417,3.0,1472688000
83,6,3.0,1373241600
83,84,3.0,1373241600
83,146,3.0,1373241600
83,232,3.0,1373241600
83,311,4.0,1373241600
83,364,3.0,1373241600
83,407,3.0,1373241600
83,662,5.0,1373241600
83,777,3.0,1373241600
84,263,5.0,1425772800
84,11,5.0,1498089600
84,168,5.0,1498089600
84,394,5.0,1498089600
84,245,5.0,1498694400
85,347,5.0,1390348800
85,239,5.0,1411862400
85,689,5.0,1416441600
85,797,4.0,1416873600
85,263,5.0,1427500800
85,503,4.0,1430697600
85,367,4.0,1444521600
85,492,4.0,1444780800
85,425,5.0,1445558400
85,427,4.0,1447632000
85,53,5.0,1448150400
85,533,4.0,1460160000
85,720,4.0,1468281600
85,335,5.0,1469923200
85,359,4.0,1473033600
85,237,4.0,1475625600
85,476,5.0,1487376000
86,421,5.0,1468454400
86,642,5.0,1509235200
86,701,5.0,1509235200
87,89,5.0,1352937600
87,130,4.0,1371945600
87,491,5.0,1414800000
87,576,4.0,1418774400
88,6,5.0,1403395200
88,146,5.0,1403395200
88,232,5.0,1403395200
88,364,5.0,1403395200
88,407,5.0,1403395200
88,777,5.0,1403395200
89,6,4.0,1447200000
89,146,4.0,1447200000
89,232,4.0,1447200000
89,364,4.0,1447200000
89,407,4.0,1447200000
89,777,4.0,1447200000
90,462,5.0,1430956800
90,821,5.0,1430956800
90,294,5.0,1445644800
90,5,5.0,1449619200
90,443,5.0,1485561600
90,677,4.0,1501977600
91,6,4.0,1408492800
91,146,4.0,1408492800
91,232,4.0,1408492800
91,364,4.0,1408492800
91,407,4.0,1408492800
91,777,4.0,1408492800
92,6,5.0,1497916800
92,232,5.0,1497916800
92,364,5.0,1497916800
92,407,5.0,1497916800
93,261,2.0,1373760000
93,203,4.0,1430092800
93,246,3.0,1461283200
94,257,3.0,1392854400
94,787,4.0,1400112000
94,551,4.0,1415232000
94,59,4.0,1419033600
94,33,4.0,1440460800
94,567,4.0,1440460800
94,135,4.0,1444867200
94,517,4.0,1466985600
94,331,4.0,1467072000
94,215,4.0,1468454400
94,471,4.0,1470528000
94,97,4.0,1482969600
94,167,5.0,1490572800
94,599,3.0,1498176000
94,92,4.0,1503446400
94,621,4.0,1503446400
95,220,5.0,1434412800
95,676,5.0,1434412800
95,401,5.0,1434499200
96,6,4.0,1393804800
96,146,4.0,1393804800
96,232,4.0,1393804800
96,364,4.0,1393804800
96,407,4.0,1393804800
96,777,4.0,1393804800
97,262,2.0,1424131200
97,183,5.0,1444348800
97,313,3.0,1447545600
97,26,4.0,1468540800
97,798,3.0,1469577600
97,732,5.0,1482451200
97,377,3.0,1488844800
98,472,4.0,1392249600
98,493,3.0,1414972800
98,321,3.0,1415836800
99,69,5.0,1414800000
99,480,4.0,1466035200
99,671,5.0,1482624000
99,732,5.0,1484265600
99,599,4.0,1499731200
100,74,4.0,1484524800
100,168,3.0,1485475200
100,298,4.0,1502582400
101,791,4.0,1406246400
101,483,4.0,1415836800
101,797,4.0,1415836800
101,219,2.0,1449705600
101,380,4.0,1468886400
101,795,5.0,1496707200
102,6,5.0,1474329600
102,232,5.0,1474329600
102,364,5.0,1474329600
102,407,5.0,1474329600
103,57,4.0,1417737600
103,13,5.0,1437004800
103,358,2.0,1474329600
104,23,4.0,1377388800
104,489,5.0,1377388800
104,790,3.0,1396656000
104,215,5.0,1467417600
104,747,3.0,1468195200
104,713,1.0,1487548800
104,709,3.0,1496534400
105,162,3.0,1441843200
105,237,5.0,1473638400
105,46,4.0,1497830400
106,475,4.0,1453766400
106,19,5.0,1463270400
106,799,4.0,1464307200
106,423,5.0,1474156800
106,204,5.0,1478476800
107,6,4.0,1465344000
107,146,4.0,1465344000
107,232,4.0,1465344000
107,364,4.0,1465344000
107,407,4.0,1465344000
107,777,4.0,1465344000
108,6,5.0,1369699200
108,146,5.0,1369699200
108,232,5.0,1369699200
108,364,5.0,1369699200
108,407,5.0,1369699200
108,777,5.0,1369699200
109,772,3.0,1477699200
109,160,3.0,1490745600
109,242,4.0,1491523200
109,309,4.0,1492041600
109,519,3.0,1492473600
109,386,2.0,1493596800
109,123,4.0,1499040000
109,528,5.0,1527033600
110,805,4.0,1398988800
110,695,3.0,1415664000
110,294,4.0,1445472000
110,142,4.0,1445644800
110,249,5.0,1458604800
110,335,3.0,1467849600
110,192,4.0,1470096000
110,471,5.0,1471996800
110,237,5.0,1473638400
110,0,5.0,1474416000
110,31,5.0,1497916800
110,373,4.0,1498435200
110,394,2.0,1498435200
110,599,5.0,1498435200
110,245,5.0,1500854400
110,313,5.0,1506470400
111,6,5.0,1367798400
111,232,5.0,1367798400
111,364,5.0,1367798400
111,407,5.0,1367798400
112,429,3.0,1416355200
112,59,5.0,1418169600
112,766,4.0,1420848000
112,411,5.0,1445126400
112,514,5.0,1445212800
112,751,2.0,1468108800
113,347,4.0,1387929600
113,663,3.0,1398297600
113,812,4.0,1404086400
113,459,4.0,1412899200
113,646,3.0,1415404800
113,722,4.0,1443398400
113,566,5.0,1444780800
113,639,4.0,1445126400
113,294,3.0,1445817600
113,313,3.0,1446422400
113,610,3.0,1457481600
113,590,4.0,1468454400
113,608,5.0,1491091200
113,67,4.0,1503187200
114,184,4.0,1430179200
114,318,5.0,1472947200
114,237,5.0,1474502400
114,142,5.0,1477612800
115,157,2.0,1444089600
115,701,1.0,1456185600
115,151,1.0,1465776000
115,434,1.0,1465776000
116,459,4.0,1413331200
116,69,3.0,1414800000
116,495,5.0,1423785600
116,503,5.0,1430352000
116,592,5.0,1433548800
116,265,5.0,1446681600
116,649,5.0,1477180800
116,354,4.0,1485475200
116,739,5.0,1487376000
116,164,5.0,1488240000
116,614,3.0,1490227200
116,282,5.0,1493510400
116,245,4.0,1498089600
117,790,1.0,1397260800
117,87,4.0,1398470400
117,321,4.0,1415577600
117,629,1.0,1424822400
117,263,5.0,1427414400
117,308,5.0,1433635200
117,613,5.0,1433635200
117,5,4.0,1449273600
117,428,3.0,1449273600
117,767,5.0,1461801600
117,149,3.0,1465344000
117,237,4.0,1475020800
117,707,5.0,1482451200
117,245,4.0,1497830400
117,373,4.0,1497830400
117,457,5.0,1509926400
117,620,5.0,1511222400
117,397,5.0,1524182400
117,211,5.0,1524441600
117,619,5.0,1525132800
118,6,5.0,1431561600
118,146,5.0,1431561600
118,232,5.0,1431561600
118,364,5.0,1431561600
118,407,5.0,1431561600
118,777,5.0,1431561600
119,498,5.0,1391126400
119,810,5.0,1440115200
119,826,5.0,1440201600
119,350,3.0,1445904000
119,288,5.0,1446163200
119,763,1.0,1479340800
119,443,3.0,1486166400
119,818,4.0,1489622400
119,386,4.0,1491696000
119,181,4.0,1492732800
119,142,5.0,1501286400
119,176,5.0,1501372800
120,33,4.0,1438128000
120,567,4.0,1438128000
120,253,4.0,1497312000
121,685,5.0,1412985600
121,356,5.0,1413072000
121,773,5.0,1421107200
121,771,5.0,1422057600
121,75,5.0,1445990400
121,820,4.0,1445990400
121,142,4.0,1446595200
121,265,4.0,1447200000
121,524,4.0,1448582400
121,369,4.0,1479081600
121,519,5.0,1491350400
121,400,5.0,1491609600
121,552,4.0,1497657600
121,599,4.0,1498176000
121,373,5.0,1498521600
121,197,4.0,1501113600
121,281,4.0,1501113600
121,185,4.0,1501804800
121,316,5.0,1502409600
121,693,5.0,1504310400
121,25,5.0,1523577600
121,397,5.0,1524182400
121,81,5.0,1528416000
121,248,5.0,1528416000
122,812,5.0,1406246400
122,499,5.0,1406592000
122,595,4.0,1407456000
122,314,5.0,1423958400
122,83,5.0,1424304000
122,487,5.0,1430092800
122,201,5.0,1445731200
122,465,5.0,1451606400
122,447,5.0,1455235200
122,649,5.0,1459728000
122,413,4.0,1466640000
122,720,5.0,1468972800
122,237,4.0,1473552000
122,655,5.0,1477180800
122,632,5.0,1482796800
122,245,5.0,1506556800
123,305,4.0,1394755200
123,486,4.0,1399248000
123,82,4.0,1405468800
123,682,5.0,1411171200
123,256,4.0,1444694400
124,536,4.0,1372550400
124,489,4.0,1378425600
124,723,4.0,1395100800
124,69,4.0,1416009600
124,483,4.0,1416009600
124,557,2.0,1416009600
125,371,5.0,1397692800
125,137,5.0,1421971200
125,199,5.0,1423612800
125,308,5.0,1433721600
125,742,5.0,1455580800
125,414,5.0,1458259200
126,510,4.0,1127174400
126,138,4.0,1391040000
126,236,4.0,1391040000
126,65,5.0,1392768000
126,716,4.0,1392768000
126,90,4.0,1400112000
126,597,4.0,1400112000
126,356,5.0,1414454400
126,66,4.0,1415145600
126,495,4.0,1426464000
126,826,4.0,1438214400
127,786,3.0,1458000000
127,297,4.0,1461024000
127,521,5.0,1464566400
127,603,4.0,1468108800
128,544,5.0,1327795200
128,472,5.0,1391212800
128,257,5.0,1392249600
128,840,2.0,1392249600
128,64,4.0,1393891200
128,395,2.0,1394582400
128,790,4.0,1394668800
128,448,1.0,1399852800
128,172,4.0,1401235200
128,638,5.0,1403568000
128,59,5.0,1418774400
128,399,2.0,1457827200
128,238,5.0,1458345600
128,598,5.0,1460246400
128,187,4.0,1465689600
128,335,4.0,1467072000
128,215,5.0,1467244800
128,408,5.0,1468195200
128,420,4.0,1468195200
128,108,5.0,1469923200
128,268,3.0,1470873600
128,310,4.0,1473552000
128,318,1.0,1473811200
128,118,2.0,1474329600
128,632,5.0,1482796800
128,441,3.0,1485907200
128,11,5.0,1501200000
129,65,2.0,1400716800
129,803,4.0,1414972800
129,474,5.0,1416096000
129,83,3.0,1423008000
129,826,4.0,1437264000
129,344,4.0,1445299200
129,813,4.0,1448582400
129,297,5.0,1461456000
129,149,1.0,1464048000
129,668,5.0,1489795200
130,745,5.0,1401235200
130,66,5.0,1415318400
130,646,5.0,1415491200
130,344,3.0,1447977600
131,622,5.0,1409875200
131,766,5.0,1409875200
131,440,5.0,1435449600
131,825,4.0,1456790400
132,267,5.0,1509840000
132,575,5.0,1509840000
132,765,5.0,1509840000
133,595,4.0,1407456000
133,493,4.0,1415145600
133,815,4.0,1415750400
133,315,4.0,1424044800
133,328,4.0,1431475200
133,11,4.0,1498176000
133,724,2.0,1498348800
133,115,4.0,1511740800
134,541,4.0,1410393600
134,69,4.0,1414713600
134,188,4.0,1431302400
134,245,4.0,1497830400
134,195,5.0,1498608000
134,373,4.0,1498608000
134,394,4.0,1498608000
134,599,5.0,1500076800
134,46,4.0,1500163200
135,829,4.0,1371081600
135,472,4.0,1392681600
135,112,3.0,1401494400
135,648,2.0,1416700800
135,576,3.0,1418860800
135,593,3.0,1448582400
135,268,1.0,1471219200
136,6,5.0,1414540800
136,146,5.0,1414540800
136,232,5.0,1414540800
136,364,5.0,1414540800
136,407,5.0,1414540800
136,777,5.0,1414540800
137,246,3.0,1460246400
137,603,2.0,1468454400
137,217,4.0,1480291200
137,245,5.0,1499731200
137,599,4.0,1500595200
138,806,5.0,1379635200
138,520,5.0,1392076800
138,172,5.0,1403049600
138,535,4.0,1414800000
138,749,5.0,1474934400
139,20,3.0,1390262400
139,172,2.0,1398297600
139,228,2.0,1410912000
139,99,4.0,1431216000
139,34,5.0,1445731200
139,142,5.0,1447200000
139,772,5.0,1453248000
139,747,3.0,1468368000
139,202,4.0,1469750400
139,310,5.0,1474156800
139,237,4.0,1475366400
139,373,3.0,1499558400
140,151,4.0,1312848000
140,434,4.0,1312848000
140,805,4.0,1400716800
140,336,5.0,1441497600
140,34,3.0,1446681600
141,267,5.0,1420588800
141,681,5.0,1423440000
141,689,5.0,1423440000
141,788,5.0,1423440000
142,138,4.0,1391558400
142,371,3.0,1397692800
142,499,5.0,1405987200
142,496,3.0,1451779200
142,160,3.0,1490659200
143,604,5.0,1481068800
143,220,2.0,1486684800
143,562,2.0,1486684800
144,794,5.0,1398038400
144,817,5.0,1423612800
144,705,1.0,1429574400
144,568,5.0,1435017600
144,33,5.0,1438128000
144,567,5.0,1438128000
144,470,5.0,1443484800
144,639,4.0,1445126400
144,469,5.0,1445385600
144,598,4.0,1460073600
144,331,4.0,1465430400
144,517,3.0,1465430400
144,531,5.0,1474416000
144,649,5.0,1477008000
144,632,4.0,1482364800
144,519,4.0,1491523200
144,11,5.0,1498003200
144,245,4.0,1498003200
144,373,4.0,1498003200
144,808,4.0,1498089600
144,325,5.0,1511568000
144,46,3.0,1512086400
145,78,5.0,1463788800
145,421,5.0,1465862400
145,692,5.0,1465862400
146,483,4.0,1416096000
146,165,4.0,1445040000
146,808,5.0,1445040000
146,313,5.0,1446508800
146,611,5.0,1474588800
147,167,5.0,1493164800
147,511,2.0,1497312000
147,245,5.0,1500336000
147,599,5.0,1500336000
148,136,2.0,1473379200
148,292,4.0,1473379200
148,539,5.0,1473379200
149,639,5.0,1445817600
149,238,5.0,1457913600
149,649,5.0,1459036800
149,414,5.0,1460419200
149,142,4.0,1479254400
149,808,5.0,1502409600
150,21,4.0,1473292800
150,28,3.0,1476057600
150,27,5.0,1482537600
150,603,5.0,1487289600
150,275,4.0,1501286400
150,394,1.0,1503705600
150,74,3.0,1506729600
150,365,5.0,1506729600
150,182,5.0,1507680000
150,571,4.0,1515196800
151,6,5.0,1395705600
151,146,5.0,1395705600
151,232,5.0,1395705600
151,234,5.0,1395705600
151,306,5.0,1395705600
151,364,5.0,1395705600
151,407,5.0,1395705600
151,777,5.0,1395705600
152,401,3.0,1344038400
152,753,5.0,1420934400
152,296,5.0,1425686400
153,354,5.0,1485648000
153,511,5.0,1494201600
153,768,4.0,1509148800
153,196,5.0,1511136000
154,406,4.0,1413244800
154,797,3.0,1415232000
154,815,2.0,1416787200
154,734,4.0,1423008000
155,110,4.0,1479340800
155,502,4.0,1480982400
155,818,5.0,1485648000
155,443,5.0,1486512000
155,394,4.0,1498003200
156,384,4.0,1424476800
156,463,4.0,1429660800
156,286,3.0,1454284800
156,749,5.0,1475452800
157,566,5.0,1440806400
157,114,5.0,1459468800
157,349,5.0,1459468800
158,600,4.0,1374710400
158,522,5.0,1448323200
158,608,5.0,1490572800
158,686,4.0,1490832000
159,6,5.0,1381104000
159,146,5.0,1381104000
159,232,5.0,1381104000
159,234,5.0,1381104000
159,364,5.0,1381104000
159,407,5.0,1381104000
159,777,5.0,1381104000
160,6,4.0,1370908800
160,146,4.0,1370908800
160,232,4.0,1370908800
160,364,4.0,1370908800
160,407,4.0,1370908800
160,777,4.0,1370908800
161,87,4.0,1398211200
161,663,4.0,1398211200
161,643,4.0,1416355200
161,766,3.0,1421366400
161,14,4.0,1430697600
161,278,2.0,1433894400
161,162,3.0,1440547200
161,722,5.0,1443657600
161,272,5.0,1445385600
161,265,5.0,1447286400
161,149,3.0,1464652800
162,502,4.0,1484179200
162,479,4.0,1485907200
162,242,4.0,1492214400
162,245,4.0,1498176000
162,11,4.0,1498348800
162,760,5.0,1507161600
163,784,5.0,1415404800
163,483,4.0,1416700800
163,456,5.0,1430524800
163,33,4.0,1437955200
163,567,4.0,1437955200
163,162,5.0,1441584000
163,47,3.0,1459123200
163,335,4.0,1466812800
163,420,4.0,1468108800
163,156,5.0,1497398400
163,534,4.0,1503878400
164,715,3.0,1407456000
164,797,5.0,1417132800
164,771,4.0,1418947200
164,209,5.0,1431907200
164,7,4.0,1447027200
164,655,4.0,1476662400
164,300,3.0,1486080000
164,479,4.0,1488758400
165,6,5.0,1411862400
165,146,5.0,1411862400
165,232,5.0,1411862400
165,364,5.0,1411862400
165,407,5.0,1411862400
165,777,5.0,1411862400
166,803,4.0,1414886400
166,238,3.0,1458000000
166,413,3.0,1465689600
166,561,4.0,1465948800
166,666,1.0,1466121600
166,358,3.0,1473292800
167,797,4.0,1416096000
167,551,5.0,1417132800
167,125,5.0,1417478400
167,59,5.0,1419465600
167,773,5.0,1422576000
167,184,5.0,1431561600
167,501,4.0,1432512000
167,343,5.0,1442102400
167,155,2.0,1443916800
167,529,5.0,1444953600
167,442,5.0,1445212800
167,831,3.0,1445558400
167,522,5.0,1445644800
167,425,5.0,1446163200
167,183,4.0,1446422400
167,722,5.0,1446768000
167,639,3.0,1448928000
167,566,5.0,1449532800
167,288,5.0,1449619200
167,250,4.0,1449964800
167,53,4.0,1450137600
167,142,5.0,1450224000
167,163,4.0,1474329600
168,6,5.0,1405296000
168,146,5.0,1405296000
168,232,5.0,1405296000
168,364,5.0,1405296000
168,407,5.0,1405296000
168,777,5.0,1405296000
169,725,5.0,1494288000
169,78,5.0,1521676800
169,642,5.0,1521676800
170,592,5.0,1433980800
170,61,3.0,1438473600
170,353,3.0,1471392000
170,264,5.0,1484697600
171,253,4.0,1497830400
171,269,4.0,1518652800
171,345,4.0,1523491200
171,530,4.0,1524614400
172,261,5.0,1373155200
172,138,4.0,1391212800
172,635,5.0,1443571200
172,521,5.0,1463616000
172,480,4.0,1464566400
172,318,4.0,1472860800
173,360,3.0,1400025600
173,689,4.0,1414972800
173,797,4.0,1415232000
173,767,3.0,1460505600
173,359,4.0,1470182400
174,661,4.0,1407196800
174,229,5.0,1464652800
174,715,5.0,1478736000
174,743,5.0,1478736000
175,410,4.0,1444262400
175,273,5.0,1449014400
175,679,3.0,1479168000
175,653,5.0,1482624000
176,6,1.0,1378857600
176,146,1.0,1378857600
176,232,1.0,1378857600
176,364,1.0,1378857600
176,407,1.0,1378857600
176,777,1.0,1378857600
177,0,5.0,1338595200
177,113,2.0,1343952000
177,806,4.0,1377561600
177,257,4.0,1390953600
177,840,4.0,1391212800
177,787,5.0,1398902400
177,90,5.0,1401148800
177,597,5.0,1401148800
177,622,4.0,1414713600
177,451,4.0,1414800000
177,557,4.0,1415923200
177,672,5.0,1420761600
177,445,4.0,1432944000
177,162,4.0,1440288000
177,529,5.0,1440374400
177,111,4.0,1443139200
177,9,4.0,1445385600
177,602,5.0,1445472000
177,411,5.0,1445904000
177,344,4.0,1446595200
177,5,3.0,1449532800
177,755,4.0,1455667200
177,370,4.0,1457913600
177,656,5.0,1458000000
177,399,3.0,1458086400
177,414,3.0,1458259200
177,326,5.0,1458345600
177,281,3.0,1460332800
177,747,5.0,1467331200
177,215,4.0,1468022400
177,718,3.0,1468022400
177,798,5.0,1469232000
177,192,3.0,1469577600
177,358,5.0,1472688000
177,744,3.0,1473465600
177,338,4.0,1476489600
177,27,4.0,1477008000
177,355,4.0,1477526400
177,204,3.0,1479254400
177,352,5.0,1482019200
177,707,4.0,1482192000
177,785,4.0,1482883200
177,49,5.0,1483142400
177,452,3.0,1485648000
177,527,4.0,1485734400
177,275,5.0,1486080000
177,601,3.0,1486512000
177,354,4.0,1486857600
177,553,2.0,1487030400
177,484,4.0,1489190400
177,386,5.0,1490918400
177,782,4.0,1491091200
177,400,4.0,1491436800
177,309,4.0,1491609600
177,519,3.0,1491955200
177,40,5.0,1492732800
177,739,5.0,1492732800
177,245,3.0,1499126400
177,373,4.0,1499644800
177,836,4.0,1502841600
177,712,3.0,1502928000
177,534,3.0,1503792000
177,603,4.0,1504051200
177,26,4.0,1509494400
177,675,5.0,1523059200
177,186,5.0,1523664000
177,103,5.0,1524700800
177,25,3.0,1525651200
177,196,4.0,1526688000
178,840,3.0,1393372800
178,493,4.0,1415577600
178,773,4.0,1421625600
178,5,4.0,1450224000
178,475,5.0,1453334400
178,4,4.0,1461024000
178,45,5.0,1487808000
178,373,4.0,1499040000
179,699,5.0,1485302400
179,362,5.0,1489017600
179,242,5.0,1491523200
179,309,5.0,1491523200
179,686,2.0,1497830400
179,701,5.0,1502582400
180,603,3.0,1477958400
180,352,4.0,1482969600
180,392,5.0,1483401600
180,515,5.0,1484092800
180,264,3.0,1484697600
180,164,5.0,1489363200
180,479,3.0,1490659200
180,526,4.0,1491609600
180,373,5.0,1500681600
180,394,5.0,1501372800
180,245,3.0,1502928000
180,822,4.0,1513555200
180,361,3.0,1523836800
181,787,5.0,1399334400
181,503,4.0,1430611200
181,722,5.0,1443916800
181,373,4.0,1497225600
182,694,3.0,1408060800
182,459,3.0,1416268800
182,657,5.0,1423958400
182,408,5.0,1468368000
182,404,5.0,1483228800
183,293,2.0,1443744000
183,466,2.0,1443744000
183,349,5.0,1493164800
184,520,5.0,1391817600
184,663,4.0,1401840000
184,710,5.0,1403654400
184,791,5.0,1403913600
184,572,4.0,1406160000
184,391,5.0,1415404800
184,44,3.0,1422921600
184,577,5.0,1445126400
184,276,5.0,1448064000
184,706,5.0,1451088000
184,475,3.0,1453161600
184,772,5.0,1455494400
184,755,5.0,1457395200
184,117,5.0,1466553600
184,388,5.0,1466553600
184,216,5.0,1467072000
184,237,4.0,1473724800
184,358,5.0,1473724800
184,307,5.0,1485993600
184,182,5.0,1489017600
184,167,5.0,1491955200
184,242,5.0,1491955200
184,185,5.0,1501718400
184,325,5.0,1511568000
184,832,5.0,1522540800
184,270,5.0,1523836800
185,6,5.0,1427241600
185,146,5.0,1427241600
185,232,5.0,1427241600
185,364,5.0,1427241600
185,407,5.0,1427241600
185,777,5.0,1427241600
186,6,2.0,1404518400
186,146,2.0,1404518400
186,232,2.0,1404518400
186,364,2.0,1404518400
186,407,2.0,1404518400
186,777,2.0,1404518400
187,321,4.0,1415491200
187,734,4.0,1423094400
187,613,5.0,1441411200
187,467,5.0,1446595200
187,35,4.0,1447545600
187,246,5.0,1459036800
187,598,4.0,1461024000
187,85,3.0,1466899200
187,351,4.0,1468713600
187,748,5.0,1469145600
187,283,4.0,1474761600
187,531,4.0,1474761600
187,400,5.0,1491436800
187,607,5.0,1491436800
188,49,5.0,1482278400
188,632,5.0,1482969600
188,602,5.0,1483747200
188,633,5.0,1485302400
188,809,5.0,1489968000
188,92,4.0,1504051200
189,536,3.0,1371081600
189,554,4.0,1391472000
189,685,3.0,1413072000
189,551,5.0,1414886400
189,784,5.0,1415318400
189,672,5.0,1421280000
189,766,4.0,1421452800
190,627,5.0,1389139200
190,172,5.0,1398297600
190,474,5.0,1415491200
190,604,5.0,1449187200
191,23,4.0,1375660800
191,520,4.0,1390953600
191,535,3.0,1414886400
191,321,4.0,1415836800
191,442,4.0,1445299200
191,344,5.0,1446076800
191,636,5.0,1448409600
191,399,5.0,1458000000
191,533,3.0,1458000000
191,215,3.0,1467763200
191,751,3.0,1468195200
191,351,2.0,1468886400
191,754,4.0,1473120000
191,519,4.0,1492732800
191,534,5.0,1501977600
191,8,5.0,1502150400
191,207,5.0,1502236800
192,236,1.0,1388793600
192,366,4.0,1417996800
192,412,3.0,1459036800
192,215,4.0,1468022400
192,546,4.0,1473638400
193,557,5.0,1416787200
193,137,5.0,1420156800
193,48,5.0,1421020800
193,206,5.0,1445904000
193,287,4.0,1480982400
193,49,5.0,1482451200
193,168,5.0,1485216000
193,601,5.0,1485734400
193,441,5.0,1486080000
193,484,5.0,1488412800
193,373,5.0,1497398400
193,245,5.0,1498003200
193,599,5.0,1498089600
194,536,4.0,1374105600
194,330,5.0,1397952000
194,174,3.0,1401235200
194,694,5.0,1408492800
194,797,5.0,1415923200
194,811,5.0,1417824000
194,133,3.0,1458259200
194,414,4.0,1458259200
194,85,4.0,1467331200
194,526,4.0,1488499200
194,674,4.0,1488931200
194,123,5.0,1498089600
194,334,4.0,1503964800
195,790,3.0,1396656000
195,694,2.0,1408665600
195,815,3.0,1418256000
195,456,4.0,1430092800
196,661,5.0,1377129600
196,151,5.0,1428969600
196,434,5.0,1428969600
197,6,5.0,1372118400
197,146,5.0,1372118400
197,232,5.0,1372118400
197,364,5.0,1372118400
197,407,5.0,1372118400
197,777,5.0,1372118400
198,371,5.0,1396828800
198,815,4.0,1415404800
198,615,3.0,1428969600
199,168,5.0,1524441600
199,450,5.0,1524441600
199,750,5.0,1524441600
200,685,2.0,1413158400
200,425,3.0,1443139200
200,35,3.0,1445731200
201,6,5.0,1465862400
201,146,5.0,1465862400
201,232,5.0,1465862400
201,364,5.0,1465862400
201,407,5.0,1465862400
201,777,5.0,1465862400
202,840,3.0,1392854400
202,179,3.0,1416182400
202,47,3.0,1461024000
202,512,5.0,1502064000
203,378,4.0,1410307200
203,576,4.0,1418601600
203,545,3.0,1429920000
203,594,5.0,1431388800
203,35,4.0,1445558400
203,684,4.0,1447891200
203,307,5.0,1485129600
203,441,5.0,1485129600
203,713,4.0,1485129600
203,168,5.0,1485216000
204,116,4.0,1445299200
204,93,5.0,1445904000
204,187,3.0,1465171200
205,116,5.0,1447804800
205,631,4.0,1469059200
205,119,1.0,1485734400
205,526,2.0,1492732800
205,195,5.0,1498521600
205,822,5.0,1512345600
206,6,5.0,1373068800
206,146,5.0,1373068800
206,232,5.0,1373068800
206,364,5.0,1373068800
206,407,5.0,1373068800
206,777,5.0,1373068800
207,172,4.0,1403136000
207,381,5.0,1432252800
207,35,4.0,1446595200
207,524,5.0,1449360000
207,50,4.0,1488153600
207,809,5.0,1493078400
207,373,5.0,1498953600
208,6,4.0,1404345600
208,146,4.0,1404345600
208,232,4.0,1404345600
208,234,4.0,1404345600
208,364,4.0,1404345600
208,407,4.0,1404345600
208,777,4.0,1404345600
209,60,5.0,1523404800
209,151,5.0,1523404800
209,158,5.0,1523404800
210,6,5.0,1400112000
210,146,5.0,1400112000
210,232,5.0,1400112000
210,364,5.0,1400112000
210,407,5.0,1400112000
210,777,5.0,1400112000
211,295,4.0,1310169600
211,80,4.0,1345334400
211,806,4.0,1377302400
211,179,5.0,1414195200
211,551,5.0,1415232000
211,235,5.0,1417824000
211,811,5.0,1418169600
211,615,4.0,1428451200
211,7,5.0,1443916800
211,205,5.0,1448496000
211,602,3.0,1448668800
211,649,4.0,1458000000
211,533,5.0,1458086400
211,335,5.0,1466985600
211,420,5.0,1467936000
211,202,5.0,1468627200
211,337,5.0,1476489600
211,555,5.0,1477785600
211,763,5.0,1479168000
211,182,5.0,1489881600
211,386,5.0,1492560000
211,342,5.0,1494806400
211,245,5.0,1497830400
211,11,5.0,1498089600
211,599,4.0,1498089600
211,508,4.0,1503360000
211,345,4.0,1523232000
212,227,5.0,1386806400
212,438,5.0,1386806400
212,769,5.0,1386806400
213,790,2.0,1396828800
213,685,5.0,1413417600
213,473,4.0,1415491200
213,756,3.0,1446508800
213,414,3.0,1460246400
214,805,4.0,1398124800
214,622,4.0,1414972800
214,99,3.0,1431302400
215,829,4.0,1370476800
215,257,3.0,1392249600
215,586,4.0,1399334400
215,189,4.0,1404777600
215,493,4.0,1414713600
215,179,3.0,1414886400
215,308,3.0,1434499200
215,556,4.0,1441670400
215,425,5.0,1442707200
215,820,5.0,1445990400
215,664,4.0,1449792000
215,370,4.0,1459814400
215,331,4.0,1466985600
215,85,4.0,1467504000
215,798,4.0,1469318400
215,471,5.0,1470355200
215,644,3.0,1470787200
215,359,4.0,1471392000
215,318,5.0,1472601600
215,358,5.0,1472947200
215,310,5.0,1473379200
215,43,4.0,1474502400
215,118,5.0,1474675200
215,749,3.0,1474934400
215,785,4.0,1482796800
215,287,4.0,1485993600
215,275,5.0,1487721600
215,476,5.0,1487721600
215,34,4.0,1488153600
215,390,5.0,1491868800
215,484,5.0,1493856000
215,245,3.0,1498435200
215,540,4.0,1498435200
215,394,5.0,1500076800
215,46,5.0,1501027200
215,196,4.0,1512086400
215,637,5.0,1513728000
215,26,5.0,1518220800
215,186,3.0,1524787200
215,109,2.0,1525392000
216,806,4.0,1377475200
216,640,5.0,1404259200
216,491,4.0,1414972800
216,815,4.0,1416009600
216,48,4.0,1421107200
216,730,4.0,1421107200
216,384,3.0,1423094400
216,764,3.0,1423440000
216,719,4.0,1430179200
217,740,4.0,1462320000
217,6,5.0,1481068800
217,146,5.0,1481068800
217,232,5.0,1481068800
217,364,5.0,1481068800
217,407,5.0,1481068800
217,777,5.0,1481068800
218,536,3.0,1371686400
218,66,4.0,1413936000
218,551,4.0,1415059200
218,784,3.0,1415577600
218,816,2.0,1415577600
218,235,2.0,1418601600
218,194,3.0,1430265600
218,99,3.0,1431216000
218,591,4.0,1473379200
219,446,5.0,1376956800
219,145,5.0,1436572800
219,341,5.0,1436918400
219,826,5.0,1437004800
219,322,5.0,1437177600
219,813,5.0,1444694400
219,116,4.0,1444780800
219,442,5.0,1445212800
219,496,5.0,1448064000
219,684,3.0,1448323200
219,488,5.0,1455235200
219,133,3.0,1458518400
219,176,5.0,1461369600
219,736,5.0,1472083200
219,358,5.0,1472860800
219,118,5.0,1474329600
219,763,4.0,1478649600
219,97,5.0,1483142400
219,377,5.0,1489708800
220,803,4.0,1414972800
220,815,3.0,1415923200
220,629,2.0,1424995200
220,676,4.0,1445385600
220,726,2.0,1453248000
220,389,5.0,1455235200
220,413,3.0,1465862400
220,666,3.0,1466812800
220,302,5.0,1492560000
220,394,3.0,1499299200
220,11,5.0,1504915200
220,245,4.0,1509667200
220,92,2.0,1524009600
221,326,5.0,1458518400
221,237,5.0,1474156800
221,120,5.0,1524009600
222,136,5.0,1315958400
222,506,5.0,1419379200
222,670,5.0,1419379200
222,285,2.0,1482364800
223,321,4.0,1415577600
223,33,4.0,1440806400
223,567,4.0,1440806400
223,779,5.0,1445644800
223,206,4.0,1447891200
223,331,4.0,1465776000
223,807,3.0,1527552000
224,489,5.0,1378252800
224,65,5.0,1393027200
224,448,5.0,1401494400
224,96,5.0,1410480000
224,501,4.0,1431043200
224,626,5.0,1444435200
224,442,5.0,1445299200
224,658,5.0,1474502400
224,653,5.0,1482105600
224,750,5.0,1485561600
224,390,5.0,1492387200
225,670,5.0,1378512000
225,459,5.0,1414368000
225,391,4.0,1415923200
225,474,4.0,1415923200
225,137,5.0,1421452800
225,184,4.0,1429401600
225,188,4.0,1431043200
225,604,4.0,1445904000
225,414,4.0,1457740800
225,238,4.0,1457913600
225,215,5.0,1467590400
225,107,4.0,1467763200
225,783,5.0,1489708800
225,182,4.0,1492300800
225,11,5.0,1498348800
225,245,5.0,1498348800
225,808,4.0,1504915200
226,174,5.0,1400112000
226,586,4.0,1400112000
226,21,4.0,1472256000
227,64,4.0,1392768000
227,840,5.0,1392768000
227,172,5.0,1398297600
227,746,5.0,1404345600
227,735,5.0,1430697600
227,462,5.0,1431561600
227,838,5.0,1453075200
227,649,5.0,1457740800
227,656,5.0,1458086400
227,533,5.0,1458950400
227,132,5.0,1461974400
227,153,5.0,1464480000
227,12,4.0,1474588800
227,142,5.0,1476921600
227,119,5.0,1487462400
227,526,4.0,1490572800
227,40,5.0,1493942400
227,325,5.0,1511913600
227,186,4.0,1525478400
228,188,4.0,1430784000
228,529,5.0,1440460800
228,276,3.0,1448841600
228,664,5.0,1448928000
228,343,4.0,1475107200
228,195,5.0,1497830400
228,599,3.0,1498262400
229,704,4.0,1415491200
229,33,3.0,1425772800
229,656,5.0,1458345600
229,412,4.0,1459555200
229,230,5.0,1460505600
229,696,5.0,1478822400
229,527,5.0,1480204800
229,526,5.0,1488499200
230,6,1.0,1482883200
230,146,1.0,1482883200
230,232,1.0,1482883200
230,364,1.0,1482883200
230,407,1.0,1482883200
230,777,1.0,1482883200
231,266,4.0,1418860800
231,33,4.0,1425600000
231,134,5.0,1448323200
232,6,5.0,1383523200
232,146,5.0,1383523200
232,232,5.0,1383523200
232,364,5.0,1383523200
232,407,5.0,1383523200
232,777,5.0,1383523200
233,294,4.0,1445385600
233,804,2.0,1453680000
233,838,5.0,1455148800
234,98,5.0,1480204800
234,100,5.0,1480204800
234,417,5.0,1480204800
234,477,5.0,1480204800
234,500,5.0,1480204800
235,704,4.0,1415836800
235,766,5.0,1421107200
235,764,4.0,1423180800
235,502,3.0,1483574400
235,392,4.0,1484870400
235,160,4.0,1496620800
236,705,2.0,1431475200
236,33,5.0,1439683200
236,567,5.0,1439683200
236,505,4.0,1464134400
236,331,5.0,1467072000
236,182,2.0,1492473600
237,503,4.0,1431820800
237,286,5.0,1452902400
237,117,4.0,1467849600
237,318,5.0,1473206400
238,592,2.0,1433635200
238,569,3.0,1436054400
238,35,5.0,1447545600
238,469,5.0,1448323200
238,161,3.0,1459555200
239,6,5.0,1401753600
239,146,5.0,1401753600
239,232,5.0,1401753600
239,364,5.0,1401753600
239,407,5.0,1401753600
239,777,5.0,1401753600
240,6,5.0,1458864000
240,146,5.0,1458864000
240,232,5.0,1458864000
240,364,5.0,1458864000
240,407,5.0,1458864000
240,777,5.0,1458864000
241,135,4.0,1444780800
241,427,5.0,1448150400
241,273,5.0,1450656000
241,148,3.0,1458691200
241,249,3.0,1458864000
241,767,5.0,1460419200
241,108,5.0,1470614400
241,310,5.0,1473465600
241,27,5.0,1477699200
241,633,5.0,1485648000
241,641,5.0,1490486400
241,808,4.0,1496620800
242,6,5.0,1370908800
242,146,5.0,1370908800
242,232,5.0,1370908800
242,364,5.0,1370908800
242,407,5.0,1370908800
242,777,5.0,1370908800
243,6,5.0,1383436800
243,146,5.0,1383436800
243,232,5.0,1383436800
243,364,5.0,1383436800
243,407,5.0,1383436800
243,777,5.0,1383436800
244,0,5.0,1422835200
244,100,4.0,1455494400
244,73,5.0,1482883200
245,830,5.0,1479513600
245,404,5.0,1482192000
245,795,4.0,1485302400
245,419,4.0,1488499200
246,443,4.0,1485216000
246,307,5.0,1485475200
246,45,5.0,1485648000
246,168,4.0,1485648000
246,42,5.0,1486080000
246,156,4.0,1486166400
246,441,5.0,1486339200
246,479,5.0,1486425600
246,119,4.0,1488067200
246,601,2.0,1489708800
246,11,5.0,1500336000
246,750,5.0,1501459200
246,8,5.0,1504396800
246,316,4.0,1504396800
246,677,4.0,1505001600
246,563,3.0,1515456000
247,6,5.0,1395100800
247,146,5.0,1395100800
247,232,5.0,1395100800
247,364,5.0,1395100800
247,407,5.0,1395100800
247,777,5.0,1395100800
248,6,4.0,1420243200
248,146,4.0,1420243200
248,232,4.0,1420243200
248,234,4.0,1420243200
248,306,4.0,1420243200
248,364,4.0,1420243200
248,407,4.0,1420243200
248,777,4.0,1420243200
248,84,5.0,1462579200
248,311,5.0,1462579200
249,360,3.0,1400371200
249,448,3.0,1401321600
249,137,4.0,1421193600
249,503,4.0,1431648000
249,324,4.0,1442707200
249,831,3.0,1444953600
249,102,3.0,1449532800
249,465,2.0,1449964800
250,6,5.0,1383782400
250,146,5.0,1383782400
250,232,5.0,1383782400
250,364,5.0,1383782400
250,407,5.0,1383782400
250,777,5.0,1383782400
251,87,3.0,1403049600
251,448,3.0,1403049600
251,643,4.0,1418083200
252,432,4.0,1481673600
252,778,4.0,1482796800
252,300,3.0,1490313600
252,632,4.0,1491782400
252,614,5.0,1493164800
252,40,5.0,1495584000
252,50,4.0,1496620800
252,713,4.0,1498694400
252,599,5.0,1499817600
252,11,5.0,1499904000
252,245,5.0,1500336000
252,373,5.0,1500336000
252,637,4.0,1513555200
252,650,4.0,1515456000
253,780,5.0,1407801600
253,32,5.0,1448150400
253,427,5.0,1448323200
253,135,3.0,1452211200
253,416,5.0,1453680000
253,649,5.0,1457740800
253,230,5.0,1461110400
253,335,5.0,1466899200
253,798,5.0,1471824000
253,774,5.0,1472947200
253,204,5.0,1485388800
254,64,1.0,1390867200
254,257,5.0,1390867200
254,172,5.0,1398988800
254,314,4.0,1423094400
254,350,3.0,1446508800
254,604,2.0,1446508800
254,323,4.0,1448236800
254,380,1.0,1468454400
254,177,5.0,1473897600
254,527,5.0,1479513600
254,42,5.0,1485388800
254,242,5.0,1491696000
254,394,5.0,1498262400
255,88,4.0,1375574400
255,191,3.0,1385769600
255,723,5.0,1395273600
255,615,4.0,1428278400
255,170,4.0,1445731200
255,593,4.0,1448236800
255,804,5.0,1454371200
255,799,4.0,1463529600
255,215,4.0,1467676800
255,141,4.0,1468022400
255,688,2.0,1468022400
255,631,5.0,1468195200
255,603,5.0,1468281600
255,226,5.0,1469577600
255,108,2.0,1470614400
255,471,2.0,1470614400
255,423,5.0,1473033600
255,721,4.0,1476403200
255,27,5.0,1478304000
255,653,5.0,1482019200
255,632,3.0,1485561600
255,119,4.0,1487894400
255,508,4.0,1504396800
256,84,1.0,1431043200
256,565,1.0,1431043200
256,349,1.0,1436745600
257,235,1.0,1405036800
257,251,1.0,1405036800
257,320,2.0,1405036800
258,721,3.0,1477612800
258,49,5.0,1484092800
258,602,5.0,1486166400
258,732,5.0,1487289600
258,119,4.0,1488412800
258,713,5.0,1488585600
258,452,4.0,1490572800
258,243,3.0,1492214400
258,526,5.0,1494547200
258,580,4.0,1499558400
258,668,3.0,1501459200
258,709,5.0,1501977600
258,152,4.0,1510444800
258,253,4.0,1510444800
258,431,4.0,1510444800
258,739,5.0,1510444800
258,630,5.0,1518307200
259,317,5.0,1363392000
259,500,5.0,1363392000
259,509,5.0,1363392000
260,670,5.0,1404086400
260,798,3.0,1470009600
260,164,5.0,1489363200
260,674,4.0,1489795200
260,818,5.0,1491177600
260,782,5.0,1491955200
260,630,5.0,1495670400
260,732,5.0,1498089600
261,797,5.0,1416614400
261,462,5.0,1431129600
261,821,5.0,1431129600
261,582,5.0,1436918400
261,294,5.0,1445904000
261,786,5.0,1458691200
261,230,5.0,1461110400
261,588,5.0,1469145600
261,432,5.0,1478995200
262,218,4.0,1374105600
262,98,5.0,1392681600
262,138,4.0,1392681600
262,507,5.0,1392681600
262,791,4.0,1403481600
262,142,5.0,1446249600
263,507,4.0,1395014400
263,812,4.0,1407024000
263,496,5.0,1450051200
263,128,3.0,1459036800
263,281,4.0,1460246400
263,268,3.0,1470700800
263,721,4.0,1477526400
264,6,5.0,1378771200
264,146,5.0,1378771200
264,232,5.0,1378771200
264,364,5.0,1378771200
264,407,5.0,1378771200
264,777,5.0,1378771200
265,474,4.0,1416441600
265,456,5.0,1430352000
265,636,4.0,1448236800
265,465,4.0,1451952000
265,573,4.0,1461715200
265,149,4.0,1465084800
266,503,4.0,1430092800
266,94,4.0,1459036800
266,736,4.0,1472515200
266,749,4.0,1475193600
266,677,5.0,1501891200
266,92,5.0,1521331200
267,595,3.0,1406332800
267,165,4.0,1445040000
267,280,4.0,1445212800
267,344,5.0,1446076800
267,273,4.0,1449532800
267,286,5.0,1451520000
267,370,4.0,1457654400
267,656,5.0,1458518400
267,133,5.0,1458691200
267,132,4.0,1461456000
267,413,5.0,1466467200
267,590,5.0,1468886400
267,76,2.0,1469232000
267,318,5.0,1473033600
267,358,3.0,1473033600
267,310,5.0,1473724800
267,754,5.0,1474070400
267,28,4.0,1475539200
267,653,4.0,1481846400
267,240,5.0,1484524800
267,373,5.0,1497830400
267,394,5.0,1498608000
267,46,4.0,1498780800
267,281,5.0,1501718400
268,257,5.0,1402963200
268,81,4.0,1414281600
268,382,5.0,1445990400
268,478,4.0,1445990400
268,589,4.0,1445990400
268,504,5.0,1456272000
269,769,5.0,1409184000
269,330,5.0,1411171200
269,38,5.0,1422403200
269,374,5.0,1423872000
270,6,5.0,1461542400
270,146,5.0,1461542400
270,232,5.0,1461542400
270,364,5.0,1461542400
270,407,5.0,1461542400
270,777,5.0,1461542400
271,33,4.0,1422576000
271,116,5.0,1445126400
271,142,5.0,1446422400
271,736,5.0,1472688000
271,744,4.0,1474588800
272,374,5.0,1292457600
272,261,2.0,1373500800
272,363,4.0,1373500800
272,723,3.0,1395187200
272,513,5.0,1430006400
272,835,4.0,1436918400
272,464,5.0,1438473600
272,297,5.0,1460678400
272,143,5.0,1468108800
272,588,5.0,1469318400
273,371,3.0,1399420800
273,360,5.0,1402704000
273,336,4.0,1441411200
273,183,5.0,1443830400
273,372,3.0,1443830400
273,276,4.0,1447891200
273,411,4.0,1447891200
273,249,4.0,1458086400
273,656,4.0,1458691200
273,161,5.0,1459728000
273,767,5.0,1460678400
273,404,2.0,1484179200
273,614,2.0,1490832000
274,182,5.0,1489536000
274,164,5.0,1489968000
274,373,4.0,1498089600
275,491,5.0,1415232000
275,687,4.0,1416960000
275,672,5.0,1421280000
275,464,5.0,1439769600
275,522,5.0,1443657600
275,813,5.0,1444780800
275,35,4.0,1446163200
275,134,5.0,1447977600
275,286,3.0,1451174400
275,652,5.0,1457740800
275,246,5.0,1457913600
275,656,3.0,1457913600
275,720,4.0,1466985600
275,603,4.0,1468022400
275,271,3.0,1472428800
275,358,4.0,1473379200
275,632,5.0,1482278400
275,739,5.0,1486944000
275,245,3.0,1497312000
275,394,5.0,1498003200
275,197,4.0,1501200000
275,11,3.0,1514851200
276,6,4.0,1408320000
276,146,4.0,1408320000
276,232,4.0,1408320000
276,364,4.0,1408320000
276,407,4.0,1408320000
276,777,4.0,1408320000
277,221,5.0,1391040000
277,126,4.0,1408579200
277,692,4.0,1408579200
278,64,5.0,1392768000
278,87,4.0,1400025600
278,235,4.0,1419206400
279,6,4.0,1383868800
279,146,4.0,1383868800
279,232,4.0,1383868800
279,364,4.0,1383868800
279,407,4.0,1383868800
279,777,4.0,1383868800
280,670,5.0,1363392000
280,769,5.0,1374537600
280,702,5.0,1432857600
280,449,5.0,1445558400
280,166,5.0,1464739200
280,143,4.0,1468454400
280,733,4.0,1486684800
281,573,4.0,1458604800
281,521,5.0,1463356800
281,215,5.0,1467676800
281,679,5.0,1479254400
281,11,4.0,1497484800
282,191,5.0,1419033600
282,417,5.0,1419033600
282,602,4.0,1421625600
283,205,5.0,1389052800
283,29,4.0,1406505600
283,499,5.0,1406505600
283,638,5.0,1406505600
283,381,5.0,1430870400
283,545,5.0,1432425600
283,75,5.0,1447372800
283,134,5.0,1449273600
283,101,5.0,1455840000
283,412,5.0,1460332800
283,649,5.0,1460332800
283,601,4.0,1486339200
284,627,4.0,1392508800
284,735,4.0,1430092800
284,655,4.0,1475280000
284,74,5.0,1485648000
284,11,4.0,1527292800
284,373,5.0,1527292800
285,790,2.0,1398902400
285,814,4.0,1398902400
285,615,3.0,1430870400
286,6,5.0,1379289600
286,146,5.0,1379289600
286,232,5.0,1379289600
286,364,5.0,1379289600
286,407,5.0,1379289600
286,777,5.0,1379289600
287,6,5.0,1380499200
287,146,5.0,1380499200
287,232,5.0,1380499200
287,234,5.0,1380499200
287,364,5.0,1380499200
287,407,5.0,1380499200
287,777,5.0,1380499200
288,704,5.0,1415059200
288,594,4.0,1431043200
288,410,4.0,1444348800
289,500,5.0,1366848000
289,609,4.0,1399507200
289,551,3.0,1416009600
289,672,2.0,1420934400
289,263,5.0,1427587200
289,594,5.0,1430784000
289,501,5.0,1431907200
289,34,4.0,1446422400
289,676,2.0,1446422400
289,505,3.0,1463961600
289,117,5.0,1466294400
289,603,5.0,1468454400
289,721,4.0,1477008000
289,419,4.0,1489017600
289,400,5.0,1491609600
289,607,5.0,1491609600
289,540,3.0,1494115200
289,245,5.0,1498435200
289,373,5.0,1498435200
289,460,3.0,1502755200
290,717,3.0,1419379200
290,513,3.0,1430524800
290,464,5.0,1437609600
291,6,3.0,1387238400
291,146,3.0,1387238400
291,232,3.0,1387238400
291,364,3.0,1387238400
291,407,3.0,1387238400
291,777,3.0,1387238400
292,701,4.0,1497484800
292,5,5.0,1499472000
292,169,5.0,1499731200
293,6,3.0,1374192000
293,146,3.0,1374192000
293,232,3.0,1374192000
293,364,3.0,1374192000
293,407,3.0,1374192000
293,777,3.0,1374192000
294,6,5.0,1413072000
294,146,5.0,1413072000
294,232,5.0,1413072000
294,364,5.0,1413072000
294,407,5.0,1413072000
294,777,5.0,1413072000
295,77,3.0,1317427200
295,84,3.0,1320192000
295,311,5.0,1330992000
295,6,5.0,1374278400
295,146,5.0,1374278400
295,232,5.0,1374278400
295,234,5.0,1374278400
295,306,5.0,1374278400
295,364,5.0,1374278400
295,407,5.0,1374278400
295,777,5.0,1374278400
296,357,5.0,1421798400
296,379,5.0,1421798400
296,33,5.0,1446854400
297,670,5.0,1420502400
297,834,5.0,1424649600
297,38,5.0,1443744000
298,6,5.0,1406160000
298,146,5.0,1406160000
298,232,5.0,1406160000
298,364,5.0,1406160000
298,407,5.0,1406160000
298,777,5.0,1406160000
299,6,5.0,1507507200
299,146,5.0,1507507200
299,232,5.0,1507507200
299,364,5.0,1507507200
299,407,5.0,1507507200
299,777,5.0,1507507200
300,235,5.0,1476921600
300,757,5.0,1483747200
300,633,4.0,1485388800
300,552,5.0,1498348800
300,599,4.0,1498953600
300,67,4.0,1503100800
300,603,4.0,1503705600
300,92,4.0,1520812800
300,619,5.0,1525305600
300,455,5.0,1525564800
300,103,5.0,1525824000
301,840,5.0,1393804800
301,371,5.0,1400112000
301,112,3.0,1403136000
301,174,5.0,1403136000
301,745,4.0,1403136000
301,609,5.0,1405555200
301,514,4.0,1407369600
301,595,3.0,1409356800
301,162,5.0,1452038400
301,416,5.0,1453507200
302,45,5.0,1486339200
302,484,5.0,1494547200
302,245,5.0,1497916800
302,253,5.0,1498435200
302,808,4.0,1498521600
302,822,4.0,1515369600
303,262,5.0,1423872000
303,445,3.0,1433116800
303,524,3.0,1447718400
303,176,3.0,1460073600
304,6,5.0,1456876800
304,146,5.0,1456876800
304,232,5.0,1456876800
304,364,5.0,1456876800
304,407,5.0,1456876800
304,777,5.0,1456876800
305,513,5.0,1430092800
305,839,3.0,1443052800
305,208,5.0,1444867200
305,29,5.0,1445472000
305,742,2.0,1457481600
306,221,5.0,1411862400
306,198,5.0,1411948800
306,781,5.0,1411948800
306,126,5.0,1424044800
306,210,5.0,1424044800
306,692,5.0,1424044800
306,304,5.0,1427673600
306,421,5.0,1427673600
306,494,5.0,1427673600
306,574,5.0,1431043200
307,130,5.0,1371254400
307,507,3.0,1392854400
307,745,3.0,1398124800
307,239,5.0,1418774400
307,258,5.0,1427846400
307,560,5.0,1427846400
307,593,4.0,1447891200
307,102,3.0,1449187200
307,399,3.0,1458864000
307,161,4.0,1459382400
307,77,2.0,1466726400
307,311,3.0,1476835200
307,552,5.0,1497312000
308,6,3.0,1395014400
308,232,3.0,1395014400
308,364,3.0,1395014400
308,407,3.0,1395014400
309,662,5.0,1388880000
309,840,2.0,1391126400
309,472,2.0,1391472000
309,6,5.0,1393200000
309,364,5.0,1393200000
309,395,3.0,1394236800
309,715,5.0,1406073600
309,572,2.0,1407715200
309,704,5.0,1414800000
309,405,3.0,1439510400
309,661,3.0,1439510400
309,367,5.0,1441670400
309,522,5.0,1443139200
309,718,5.0,1468108800
309,444,2.0,1494806400
309,740,3.0,1500163200
310,6,3.0,1421193600
310,146,3.0,1421193600
310,232,3.0,1421193600
310,234,3.0,1421193600
310,364,3.0,1421193600
310,407,3.0,1421193600
310,777,3.0,1421193600
311,6,5.0,1415750400
311,146,5.0,1415750400
311,232,5.0,1415750400
311,364,5.0,1415750400
311,407,5.0,1415750400
311,777,5.0,1415750400
312,472,3.0,1391126400
312,615,2.0,1428364800
312,411,5.0,1445558400
312,153,5.0,1459382400
312,132,5.0,1461542400
312,718,5.0,1468108800
312,168,4.0,1485388800
312,123,5.0,1497916800
312,373,5.0,1497916800
312,394,5.0,1499212800
312,92,4.0,1503792000
313,536,3.0,1370908800
313,489,4.0,1375574400
313,257,5.0,1393459200
314,58,4.0,1410220800
314,356,4.0,1413244800
314,558,4.0,1437696000
314,636,3.0,1448928000
314,824,4.0,1458345600
314,337,4.0,1473206400
315,778,5.0,1478563200
315,515,5.0,1481500800
315,385,4.0,1486166400
315,526,5.0,1488758400
315,739,3.0,1492732800
315,123,5.0,1500336000
315,207,5.0,1502409600
315,836,4.0,1502409600
315,8,5.0,1502668800
315,453,4.0,1513036800
315,675,4.0,1523318400
315,530,5.0,1525651200
316,6,4.0,1410048000
316,232,4.0,1410048000
316,364,4.0,1410048000
316,407,4.0,1410048000
317,655,4.0,1475625600
317,749,4.0,1475625600
317,526,5.0,1488672000
317,599,5.0,1498089600
318,6,4.0,1374537600
318,146,4.0,1374537600
318,232,4.0,1374537600
318,364,4.0,1374537600
318,407,4.0,1374537600
318,777,4.0,1374537600
319,532,2.0,1339632000
319,657,5.0,1423267200
319,327,5.0,1439164800
319,344,4.0,1445644800
319,294,5.0,1445904000
319,786,4.0,1458172800
319,767,5.0,1460332800
319,658,4.0,1473897600
319,343,5.0,1475020800
319,340,5.0,1478563200
319,763,5.0,1478908800
319,614,5.0,1490140800
319,724,4.0,1497484800
319,599,4.0,1498176000
319,373,4.0,1498348800
319,394,4.0,1498608000
319,197,3.0,1501977600
319,760,5.0,1508976000
319,196,5.0,1513123200
320,241,5.0,1392681600
320,391,5.0,1415059200
320,566,5.0,1445040000
320,170,5.0,1445904000
320,5,5.0,1449014400
320,603,5.0,1467763200
321,780,5.0,1408838400
321,572,5.0,1409788800
321,179,4.0,1414627200
321,69,4.0,1414886400
321,529,4.0,1442016000
321,343,4.0,1442448000
321,676,4.0,1445644800
321,602,3.0,1446854400
321,550,5.0,1457481600
322,6,5.0,1407801600
322,146,5.0,1407801600
322,232,5.0,1407801600
322,364,5.0,1407801600
322,407,5.0,1407801600
322,777,5.0,1407801600
323,213,4.0,1416355200
323,200,3.0,1424044800
323,463,5.0,1428624000
323,410,5.0,1445472000
323,779,4.0,1445990400
323,329,4.0,1450137600
323,21,4.0,1473292800
323,27,5.0,1480032000
323,217,3.0,1480809600
323,240,5.0,1483488000
323,580,4.0,1491696000
323,526,5.0,1492819200
323,739,5.0,1492819200
323,185,5.0,1502150400
323,693,5.0,1506902400
323,461,4.0,1517529600
323,669,5.0,1525305600
323,109,4.0,1525737600
324,420,5.0,1467417600
324,688,5.0,1468108800
324,108,5.0,1470268800
324,352,5.0,1481241600
324,674,5.0,1488412800
324,818,3.0,1488412800
324,313,4.0,1504742400
324,325,5.0,1511740800
324,397,5.0,1524355200
325,6,2.0,1417910400
325,146,2.0,1417910400
325,232,2.0,1417910400
325,364,2.0,1417910400
325,407,2.0,1417910400
325,777,2.0,1417910400
326,719,5.0,1413676800
326,169,5.0,1436486400
326,604,5.0,1444780800
327,5,5.0,1400112000
327,581,5.0,1416960000
327,220,5.0,1425254400
328,6,5.0,1375833600
328,146,5.0,1375833600
328,232,5.0,1375833600
328,364,5.0,1375833600
328,407,5.0,1375833600
328,777,5.0,1375833600
329,834,4.0,1282953600
329,363,3.0,1372550400
329,506,3.0,1381881600
329,292,4.0,1399075200
329,66,5.0,1413417600
329,406,4.0,1414022400
329,529,5.0,1441497600
330,780,5.0,1405296000
330,622,5.0,1415232000
330,735,5.0,1430438400
330,328,4.0,1432080000
330,726,3.0,1453334400
331,6,3.0,1381363200
331,146,3.0,1381363200
331,232,3.0,1381363200
331,364,3.0,1381363200
331,407,3.0,1381363200
331,777,3.0,1381363200
332,60,5.0,1476316800
332,158,5.0,1476316800
332,311,3.0,1477267200
333,500,4.0,1391299200
333,191,3.0,1402099200
333,583,3.0,1406937600
333,654,5.0,1411862400
334,662,4.0,1345593600
334,173,4.0,1355270400
334,154,2.0,1370304000
334,389,4.0,1388448000
334,544,4.0,1413763200
334,77,4.0,1429401600
334,705,3.0,1430092800
334,142,4.0,1446422400
334,612,5.0,1466208000
334,747,4.0,1467417600
334,226,4.0,1469491200
334,408,5.0,1470096000
334,644,5.0,1473033600
334,283,4.0,1473724800
334,343,4.0,1474934400
334,515,5.0,1480982400
334,633,3.0,1485216000
334,750,5.0,1485475200
334,92,4.0,1486944000
334,164,4.0,1488412800
334,460,4.0,1502668800
334,508,4.0,1502755200
334,712,5.0,1503273600
334,623,4.0,1504483200
334,650,5.0,1510876800
334,792,4.0,1524528000
334,211,4.0,1524700800
334,348,4.0,1525478400
335,236,5.0,1389571200
335,577,4.0,1446249600
335,260,5.0,1455408000
336,541,4.0,1410912000
336,125,4.0,1417478400
336,366,5.0,1417651200
336,578,4.0,1417651200
336,59,5.0,1418601600
336,522,5.0,1443312000
337,114,3.0,1327881600
337,349,3.0,1327881600
337,554,5.0,1391385600
337,72,5.0,1393459200
337,840,2.0,1395100800
337,790,3.0,1396915200
337,663,4.0,1398902400
337,640,5.0,1403654400
337,459,4.0,1414540800
337,687,3.0,1416355200
337,481,4.0,1430092800
337,116,5.0,1444953600
337,280,5.0,1447113600
337,838,5.0,1453852800
337,749,4.0,1475280000
337,778,5.0,1479686400
337,97,5.0,1489795200
337,394,5.0,1497916800
337,11,5.0,1504396800
338,730,3.0,1420588800
338,735,5.0,1430438400
338,705,3.0,1430524800
338,524,5.0,1449532800
338,799,4.0,1464307200
339,5,5.0,1472774400
339,190,2.0,1472774400
339,116,5.0,1479772800
340,6,5.0,1409270400
340,146,5.0,1409270400
340,232,5.0,1409270400
340,364,5.0,1409270400
340,407,5.0,1409270400
340,777,5.0,1409270400
341,648,4.0,1415491200
341,613,3.0,1433721600
341,336,4.0,1443830400
341,280,5.0,1445644800
341,409,5.0,1445644800
341,676,4.0,1447113600
341,604,4.0,1450656000
341,117,4.0,1467849600
341,216,3.0,1467849600
341,718,5.0,1467849600
341,3,5.0,1468627200
341,590,1.0,1470441600
341,603,4.0,1470441600
341,631,3.0,1470441600
341,599,5.0,1498953600
341,197,4.0,1501804800
342,640,5.0,1403308800
342,710,4.0,1403308800
342,551,5.0,1415491200
342,199,5.0,1423008000
343,360,5.0,1399680000
343,803,5.0,1415232000
343,473,3.0,1416614400
344,112,3.0,1402531200
344,820,4.0,1447545600
344,149,3.0,1464134400
345,498,4.0,1390867200
345,138,5.0,1392336000
345,65,2.0,1393632000
345,685,2.0,1414454400
345,622,4.0,1415491200
345,764,4.0,1425513600
346,6,3.0,1407888000
346,146,3.0,1407888000
346,232,3.0,1407888000
346,364,3.0,1407888000
346,407,3.0,1407888000
346,777,3.0,1407888000
347,6,2.0,1394755200
347,146,2.0,1394755200
347,232,2.0,1394755200
347,364,2.0,1394755200
347,407,2.0,1394755200
347,777,2.0,1394755200
348,780,5.0,1406160000
348,266,5.0,1419897600
348,545,3.0,1431648000
348,618,5.0,1433462400
348,442,5.0,1446681600
348,759,5.0,1449532800
349,564,4.0,1415577600
349,622,4.0,1415577600
349,411,2.0,1445904000
349,418,5.0,1447200000
349,684,4.0,1448236800
349,399,4.0,1458086400
349,27,4.0,1477008000
349,400,4.0,1491436800
349,607,4.0,1491436800
349,373,4.0,1497484800
349,245,4.0,1497744000
350,6,3.0,1379462400
350,146,3.0,1379462400
350,232,3.0,1379462400
350,364,3.0,1379462400
350,407,3.0,1379462400
350,777,3.0,1379462400
351,89,5.0,1331683200
351,806,5.0,1377648000
351,64,5.0,1390608000
351,330,5.0,1393977600
351,780,5.0,1407542400
351,717,5.0,1418688000
351,48,5.0,1420243200
351,95,5.0,1430006400
351,664,5.0,1448755200
351,475,4.0,1453593600
351,548,5.0,1458604800
351,128,5.0,1459468800
351,176,5.0,1459900800
351,132,5.0,1461369600
351,612,4.0,1465862400
351,216,2.0,1466467200
351,588,3.0,1468281600
351,76,1.0,1469059200
351,268,5.0,1470009600
351,343,5.0,1475625600
351,419,5.0,1489104000
351,342,5.0,1495065600
351,390,5.0,1495843200
351,394,5.0,1498867200
351,245,4.0,1499126400
352,6,5.0,1417392000
352,146,5.0,1417392000
352,232,5.0,1417392000
352,364,5.0,1417392000
352,407,5.0,1417392000
352,777,5.0,1417392000
353,122,5.0,1369958400
353,218,2.0,1373414400
353,803,3.0,1415145600
353,184,3.0,1430956800
353,34,3.0,1447027200
353,726,3.0,1452556800
353,1,3.0,1455494400
353,573,3.0,1458259200
353,132,5.0,1461283200
353,517,3.0,1464652800
353,107,4.0,1467763200
353,76,3.0,1468886400
353,353,4.0,1470355200
353,12,4.0,1473292800
353,283,5.0,1473897600
353,658,5.0,1473984000
353,342,1.0,1494028800
353,245,3.0,1497225600
353,375,3.0,1497225600
353,693,5.0,1497571200
353,373,3.0,1497916800
353,11,4.0,1498435200
353,394,1.0,1498521600
353,127,2.0,1499040000
353,453,3.0,1512604800
354,391,3.0,1414627200
354,213,3.0,1416182400
354,139,5.0,1417651200
354,762,3.0,1442275200
354,111,5.0,1442620800
354,5,5.0,1450137600
354,596,5.0,1455148800
354,149,3.0,1463616000
354,603,3.0,1467676800
354,318,5.0,1473206400
354,97,5.0,1482278400
354,385,5.0,1485043200
354,42,5.0,1485561600
354,484,5.0,1488326400
354,159,5.0,1493856000
354,394,3.0,1497484800
354,245,1.0,1497916800
354,373,4.0,1497916800
354,195,3.0,1498176000
354,800,1.0,1515369600
354,832,1.0,1521763200
354,691,1.0,1523923200
355,6,5.0,1386720000
355,146,5.0,1386720000
355,232,5.0,1386720000
355,364,5.0,1386720000
355,407,5.0,1386720000
355,777,5.0,1386720000
356,648,5.0,1416960000
356,194,4.0,1429833600
356,659,2.0,1449273600
356,798,4.0,1471737600
356,97,4.0,1484524800
356,651,2.0,1493337600
356,245,5.0,1499385600
357,6,5.0,1403740800
357,146,5.0,1403740800
357,232,5.0,1403740800
357,364,5.0,1403740800
357,407,5.0,1403740800
357,777,5.0,1403740800
358,198,5.0,1379462400
358,740,5.0,1429920000
358,439,4.0,1437436800
359,89,5.0,1356134400
359,406,5.0,1414022400
359,473,5.0,1415664000
359,48,5.0,1421539200
360,638,5.0,1423094400
360,746,5.0,1423094400
360,369,1.0,1479254400
360,785,5.0,1483228800
361,745,3.0,1398470400
361,90,5.0,1401494400
361,597,5.0,1401494400
361,572,5.0,1403740800
361,646,5.0,1415491200
362,189,5.0,1404604800
362,717,4.0,1419638400
362,368,5.0,1424563200
363,536,2.0,1371513600
363,130,4.0,1372464000
363,261,4.0,1374624000
363,717,5.0,1419033600
363,529,5.0,1440547200
363,626,3.0,1444780800
363,623,4.0,1444867200
363,756,4.0,1445817600
363,428,5.0,1450310400
363,297,4.0,1460592000
363,763,5.0,1479168000
363,46,5.0,1503360000
363,245,5.0,1503360000
363,8,5.0,1507766400
363,147,3.0,1510185600
363,482,5.0,1525910400
364,88,5.0,1378857600
364,559,5.0,1378857600
364,98,5.0,1393891200
364,498,5.0,1393891200
364,520,5.0,1393891200
364,172,4.0,1401408000
364,174,5.0,1401408000
364,787,5.0,1401408000
364,609,5.0,1403740800
364,710,5.0,1403740800
365,448,5.0,1399420800
365,90,5.0,1401321600
365,597,5.0,1401321600
365,826,5.0,1436832000
365,835,4.0,1437696000
365,272,5.0,1445472000
365,808,5.0,1446076800
365,604,5.0,1447459200
365,616,1.0,1458777600
365,388,4.0,1466726400
365,216,1.0,1466985600
365,420,3.0,1467244800
365,720,1.0,1467936000
365,192,5.0,1469318400
365,772,4.0,1477612800
365,841,2.0,1490313600
365,373,5.0,1498348800
365,92,4.0,1503446400
365,621,4.0,1503446400
366,600,4.0,1374883200
366,710,3.0,1403740800
366,356,5.0,1413936000
366,557,4.0,1416700800
366,288,5.0,1446249600
366,566,5.0,1446249600
366,706,3.0,1452124800
366,408,2.0,1467331200
366,107,2.0,1468454400
366,590,5.0,1468540800
366,649,5.0,1476921600
366,526,4.0,1496880000
366,245,2.0,1497225600
366,373,3.0,1497225600
366,394,2.0,1498435200
366,298,5.0,1502668800
367,532,4.0,1390003200
367,510,5.0,1395187200
367,305,5.0,1400803200
367,769,5.0,1400803200
368,6,5.0,1410998400
368,146,5.0,1410998400
368,232,5.0,1410998400
368,364,5.0,1410998400
368,407,5.0,1410998400
368,777,5.0,1410998400
369,404,5.0,1482624000
369,713,3.0,1488585600
369,614,4.0,1489881600
369,152,4.0,1491436800
369,431,4.0,1491436800
369,255,3.0,1491868800
369,668,4.0,1492387200
369,302,4.0,1493424000
369,390,4.0,1493596800
369,709,5.0,1493596800
369,484,4.0,1495584000
369,630,4.0,1497398400
369,247,3.0,1503792000
369,508,3.0,1504656000
369,181,4.0,1506988800
369,51,3.0,1511481600
370,6,5.0,1382832000
370,146,5.0,1382832000
370,232,5.0,1382832000
370,364,5.0,1382832000
370,407,5.0,1382832000
370,777,5.0,1382832000
371,6,1.0,1380412800
371,146,1.0,1380412800
371,232,1.0,1380412800
371,364,1.0,1380412800
371,407,1.0,1380412800
371,777,1.0,1380412800
372,78,5.0,1373932800
372,421,5.0,1373932800
372,400,3.0,1418515200
373,98,4.0,1392422400
373,19,4.0,1464480000
373,26,4.0,1465430400
374,50,5.0,1486771200
374,365,4.0,1487721600
374,152,4.0,1494892800
374,431,4.0,1494892800
374,52,3.0,1505520000
374,397,3.0,1525651200
375,6,5.0,1375747200
375,146,5.0,1375747200
375,232,5.0,1375747200
375,234,5.0,1375747200
375,364,5.0,1375747200
375,407,5.0,1375747200
375,777,5.0,1375747200
376,6,5.0,1461542400
376,146,5.0,1461542400
376,232,5.0,1461542400
376,364,5.0,1461542400
376,407,5.0,1461542400
376,777,5.0,1461542400
377,572,5.0,1407542400
377,780,5.0,1408233600
377,648,3.0,1416355200
377,835,2.0,1441843200
377,722,5.0,1443830400
377,144,5.0,1446076800
377,636,5.0,1450224000
377,708,4.0,1454371200
377,297,4.0,1461024000
377,27,5.0,1477699200
377,164,5.0,1489536000
377,167,5.0,1490486400
377,783,4.0,1491091200
377,247,4.0,1504310400
378,162,3.0,1440374400
378,756,1.0,1444608000
378,142,3.0,1445126400
378,344,5.0,1445299200
378,399,5.0,1457827200
378,216,5.0,1466035200
378,413,4.0,1466640000
378,76,2.0,1468713600
378,744,5.0,1472601600
378,352,5.0,1481328000
378,732,5.0,1481500800
378,739,4.0,1487635200
378,795,4.0,1488412800
378,693,5.0,1498348800
378,373,5.0,1499126400
378,245,4.0,1502668800
378,313,4.0,1505088000
379,402,5.0,1315526400
379,401,5.0,1344643200
379,604,4.0,1353110400
379,231,5.0,1395100800
379,405,5.0,1401926400
379,661,4.0,1406160000
379,665,3.0,1409270400
380,611,3.0,1475020800
380,555,5.0,1476144000
380,707,5.0,1481846400
381,20,5.0,1392076800
381,791,4.0,1402272000
381,615,4.0,1428796800
381,566,4.0,1445731200
381,190,5.0,1449446400
381,649,4.0,1457913600
381,133,5.0,1458691200
381,420,4.0,1467590400
381,531,3.0,1475452800
381,611,5.0,1475452800
381,679,3.0,1479686400
381,671,5.0,1483488000
381,601,4.0,1486080000
381,365,5.0,1488326400
381,373,3.0,1498348800
381,245,3.0,1499558400
381,46,4.0,1500422400
381,298,3.0,1502496000
381,185,4.0,1503446400
381,460,4.0,1504396800
381,39,4.0,1518912000
382,95,5.0,1430697600
382,727,5.0,1444089600
382,215,5.0,1467676800
382,707,5.0,1482624000
382,240,5.0,1483142400
382,484,5.0,1489536000
382,526,5.0,1489536000
382,390,4.0,1491955200
383,378,3.0,1410998400
383,328,4.0,1431388800
383,144,5.0,1445904000
383,177,2.0,1473897600
384,806,5.0,1377561600
384,65,4.0,1393718400
384,771,3.0,1416441600
384,251,4.0,1417824000
384,366,4.0,1418515200
384,367,4.0,1443916800
384,425,5.0,1444262400
384,32,4.0,1446854400
384,427,4.0,1446854400
384,142,5.0,1448150400
384,676,3.0,1448150400
384,313,5.0,1448323200
384,602,3.0,1448323200
384,5,5.0,1449792000
384,132,4.0,1462579200
384,612,4.0,1466208000
384,747,4.0,1467504000
384,141,5.0,1467936000
384,237,4.0,1473984000
384,28,4.0,1474934400
384,603,4.0,1478390400
384,785,4.0,1482624000
384,240,5.0,1484697600
384,307,3.0,1487203200
384,739,5.0,1489104000
384,484,4.0,1489622400
384,526,3.0,1490313600
384,373,5.0,1498608000
384,11,5.0,1498694400
384,245,5.0,1500076800
384,394,3.0,1500336000
385,189,5.0,1403568000
385,491,4.0,1415836800
385,29,5.0,1445299200
385,420,4.0,1467244800
385,380,5.0,1468281600
385,275,5.0,1486425600
385,394,5.0,1498780800
386,555,3.0,1475712000
386,527,4.0,1479772800
386,707,3.0,1482278400
387,6,5.0,1408147200
387,146,5.0,1408147200
387,232,5.0,1408147200
387,364,5.0,1408147200
387,407,5.0,1408147200
387,777,5.0,1408147200
388,6,5.0,1376006400
388,146,5.0,1376006400
388,232,5.0,1376006400
388,364,5.0,1376006400
388,407,5.0,1376006400
388,777,5.0,1376006400
389,114,5.0,1438732800
389,349,5.0,1438732800
389,740,5.0,1438732800
389,158,5.0,1481760000
390,474,4.0,1416182400
390,542,4.0,1424217600
390,719,5.0,1430438400
390,470,1.0,1442880000
390,208,4.0,1444003200
390,514,5.0,1445644800
391,6,5.0,1479772800
391,146,5.0,1479772800
391,232,5.0,1479772800
391,364,5.0,1479772800
391,407,5.0,1479772800
391,777,5.0,1479772800
392,395,3.0,1395792000
392,790,2.0,1395792000
392,640,3.0,1403136000
392,475,2.0,1454889600
392,778,2.0,1479859200
393,371,4.0,1396310400
393,142,4.0,1446076800
393,524,4.0,1449100800
393,590,4.0,1468454400
393,423,5.0,1472601600
393,441,2.0,1486425600
393,390,5.0,1493424000
394,694,4.0,1411948800
394,429,4.0,1417651200
394,119,5.0,1486771200
395,557,2.0,1415923200
395,672,4.0,1421452800
395,786,5.0,1458432000
395,573,3.0,1458864000
396,201,5.0,1445558400
396,32,4.0,1447977600
396,427,5.0,1447977600
396,676,4.0,1449446400
396,165,3.0,1449532800
396,659,5.0,1449619200
396,250,4.0,1449878400
396,411,3.0,1450137600
396,219,4.0,1450742400
396,533,5.0,1458000000
396,180,5.0,1459123200
396,388,4.0,1466985600
396,150,4.0,1467763200
396,718,2.0,1467936000
396,202,5.0,1468972800
396,351,4.0,1469232000
396,798,3.0,1471564800
396,591,4.0,1474502400
396,819,5.0,1474848000
396,12,5.0,1476921600
396,97,5.0,1483056000
396,601,3.0,1488326400
396,282,5.0,1494633600
396,11,4.0,1501372800
396,245,5.0,1501977600
396,599,5.0,1502150400
396,52,4.0,1504656000
397,113,5.0,1509148800
397,122,2.0,1509148800
397,405,5.0,1509148800
397,661,4.0,1517270400
398,806,5.0,1377561600
398,48,5.0,1420329600
398,262,5.0,1423699200
398,442,5.0,1446163200
399,489,3.0,1378339200
399,790,5.0,1397692800
399,172,5.0,1403136000
399,643,2.0,1416441600
399,429,3.0,1417046400
399,730,3.0,1423353600
399,54,2.0,1432252800
399,278,2.0,1434067200
399,202,5.0,1471910400
399,696,5.0,1479772800
399,671,5.0,1483660800
399,404,5.0,1485043200
399,50,4.0,1487635200
399,571,4.0,1493942400
399,127,5.0,1501804800
399,394,5.0,1501891200
399,11,4.0,1502064000
399,245,5.0,1502064000
399,373,5.0,1504310400
399,185,5.0,1505260800
399,603,4.0,1507766400
400,314,4.0,1422835200
400,501,4.0,1431302400
400,265,4.0,1447286400
400,496,3.0,1449187200
400,102,4.0,1450656000
400,142,3.0,1476748800
400,732,4.0,1481500800
400,164,3.0,1488412800
400,182,1.0,1488585600
400,808,1.0,1496880000
400,281,4.0,1500940800
400,512,4.0,1502064000
400,181,4.0,1507334400
400,129,4.0,1516492800
400,619,4.0,1524096000
400,468,3.0,1524528000
401,167,3.0,1492732800
401,637,4.0,1511222400
401,743,5.0,1521331200
401,361,5.0,1525824000
402,6,5.0,1391299200
402,146,5.0,1391299200
402,232,5.0,1391299200
402,364,5.0,1391299200
402,407,5.0,1391299200
402,777,5.0,1391299200
403,227,5.0,1472947200
403,267,5.0,1474761600
403,277,5.0,1474761600
403,70,5.0,1479945600
403,764,5.0,1479945600
404,557,4.0,1415836800
404,730,4.0,1421193600
404,594,5.0,1431388800
405,791,5.0,1402790400
405,690,5.0,1415491200
405,817,4.0,1423353600
405,463,5.0,1428019200
405,142,5.0,1446854400
405,250,4.0,1446940800
405,286,4.0,1451520000
405,333,5.0,1455408000
405,631,4.0,1468713600
405,591,4.0,1473292800
405,653,5.0,1482019200
405,707,4.0,1482624000
405,377,4.0,1489449600
405,772,3.0,1494460800
405,775,5.0,1517616000
406,138,5.0,1391558400
406,648,5.0,1415750400
406,826,5.0,1438300800
406,149,4.0,1464998400
406,166,5.0,1464998400
406,26,5.0,1466121600
406,736,5.0,1472169600
406,423,5.0,1472774400
406,731,5.0,1478736000
406,415,5.0,1479513600
406,603,2.0,1503792000
407,572,5.0,1409875200
407,780,4.0,1409875200
407,694,3.0,1410566400
407,771,4.0,1417478400
407,291,5.0,1421107200
407,615,5.0,1428624000
407,584,5.0,1430352000
407,188,4.0,1430697600
407,99,5.0,1431129600
407,367,4.0,1445385600
407,201,4.0,1445644800
407,831,3.0,1447113600
407,32,4.0,1448064000
407,676,4.0,1449273600
407,602,4.0,1449532800
407,53,4.0,1449619200
407,659,4.0,1449619200
407,313,4.0,1449964800
407,142,4.0,1450396800
407,4,3.0,1459814400
407,505,5.0,1463529600
407,132,4.0,1463788800
407,798,4.0,1469750400
407,603,4.0,1477440000
407,649,3.0,1477785600
407,653,4.0,1482796800
407,74,4.0,1484870400
407,275,4.0,1485993600
407,633,4.0,1486771200
407,818,5.0,1488153600
407,160,4.0,1490140800
407,608,4.0,1490227200
407,400,4.0,1492300800
407,342,5.0,1494201600
407,637,4.0,1509494400
407,807,5.0,1523059200
407,81,2.0,1525478400
407,698,2.0,1525737600
407,196,4.0,1526256000
407,348,4.0,1526774400
408,554,5.0,1394150400
408,710,3.0,1403481600
408,576,4.0,1419033600
408,545,4.0,1432425600
408,34,4.0,1446336000
408,706,4.0,1453939200
408,649,5.0,1458432000
408,599,4.0,1498089600
409,387,5.0,1421366400
409,683,5.0,1421366400
409,114,2.0,1491609600
409,349,2.0,1491609600
409,78,5.0,1508716800
410,727,4.0,1444089600
410,283,1.0,1475280000
410,649,5.0,1478044800
411,729,4.0,1403568000
411,321,5.0,1415923200
411,730,5.0,1421625600
411,381,3.0,1430438400
411,722,4.0,1442448000
411,7,4.0,1462752000
411,9,4.0,1462752000
411,294,4.0,1462752000
411,655,4.0,1475539200
411,432,4.0,1482105600
411,674,5.0,1488931200
411,402,4.0,1489104000
411,354,4.0,1490227200
411,693,4.0,1497916800
411,373,5.0,1498262400
411,115,4.0,1511308800
411,10,4.0,1522886400
411,585,4.0,1523664000
411,186,5.0,1524355200
412,559,4.0,1376611200
412,20,3.0,1393459200
412,586,3.0,1403136000
412,410,5.0,1445126400
413,321,5.0,1416268800
413,95,4.0,1431475200
413,584,4.0,1431475200
413,568,4.0,1437523200
413,34,4.0,1446076800
413,604,4.0,1449705600
414,541,5.0,1410134400
414,694,4.0,1410220800
414,235,5.0,1418169600
414,225,5.0,1423353600
414,501,5.0,1434412800
414,322,5.0,1439856000
414,623,5.0,1445558400
414,454,5.0,1457827200
414,105,5.0,1467849600
414,603,5.0,1467849600
414,631,5.0,1467936000
414,748,5.0,1469577600
414,555,4.0,1479513600
414,243,5.0,1487203200
414,182,3.0,1489622400
415,463,3.0,1428192000
415,184,4.0,1429920000
415,481,4.0,1431561600
415,587,5.0,1431993600
415,331,5.0,1464998400
415,517,5.0,1465084800
415,713,5.0,1488585600
415,693,5.0,1498176000
415,298,5.0,1503014400
415,361,5.0,1524268800
415,397,4.0,1524268800
415,669,5.0,1525392000
416,54,5.0,1430092800
416,529,4.0,1440374400
416,772,4.0,1477267200
416,795,5.0,1485993600
416,601,4.0,1486252800
416,484,5.0,1488758400
416,373,5.0,1497484800
417,6,5.0,1379894400
417,146,5.0,1379894400
417,232,5.0,1379894400
417,364,5.0,1379894400
417,407,5.0,1379894400
417,777,5.0,1379894400
418,812,4.0,1405987200
418,719,5.0,1430352000
418,13,4.0,1434758400
418,676,3.0,1445212800
418,639,4.0,1445558400
418,684,4.0,1448582400
418,85,3.0,1468281600
418,202,4.0,1469577600
419,406,5.0,1413763200
419,59,5.0,1419984000
419,573,5.0,1459209600
420,2,5.0,1448841600
420,229,4.0,1456185600
420,178,5.0,1489536000
421,572,5.0,1407369600
421,780,5.0,1408147200
421,199,2.0,1423958400
421,33,4.0,1438387200
421,567,4.0,1438387200
421,35,4.0,1444953600
421,759,5.0,1447804800
421,329,5.0,1450224000
421,19,5.0,1463270400
421,480,3.0,1464307200
421,331,4.0,1465171200
421,108,5.0,1469577600
421,471,4.0,1470268800
421,527,5.0,1480550400
421,668,3.0,1490313600
421,245,5.0,1498348800
421,394,3.0,1498348800
421,11,5.0,1500768000
421,127,5.0,1500768000
421,373,5.0,1500768000
421,599,5.0,1500768000
422,559,4.0,1376265600
422,448,3.0,1400544000
422,87,4.0,1402272000
422,90,5.0,1404604800
422,597,5.0,1404604800
422,551,3.0,1415491200
422,213,4.0,1416960000
422,672,5.0,1422316800
422,686,3.0,1492819200
423,6,5.0,1415836800
423,146,5.0,1415836800
423,232,5.0,1415836800
423,364,5.0,1415836800
423,407,5.0,1415836800
423,777,5.0,1415836800
424,6,2.0,1404777600
424,146,2.0,1404777600
424,232,2.0,1404777600
424,234,2.0,1404777600
424,306,2.0,1404777600
424,364,2.0,1404777600
424,407,2.0,1404777600
424,777,2.0,1404777600
425,805,4.0,1398643200
425,356,5.0,1413072000
425,179,5.0,1414540800
425,57,4.0,1414800000
426,548,4.0,1458604800
426,176,3.0,1460937600
426,132,4.0,1462406400
426,50,4.0,1485302400
427,205,4.0,1447977600
427,45,3.0,1485907200
427,526,2.0,1489795200
427,373,4.0,1498089600
427,599,3.0,1498089600
427,11,1.0,1498435200
427,394,3.0,1499126400
427,46,3.0,1512000000
427,129,4.0,1515801600
427,606,2.0,1517270400
428,213,5.0,1415836800
428,576,5.0,1418774400
428,33,3.0,1423526400
428,719,5.0,1430956800
428,111,5.0,1443571200
428,412,4.0,1459036800
428,176,4.0,1460851200
428,517,4.0,1465257600
428,353,3.0,1470787200
428,21,4.0,1472601600
428,43,5.0,1473292800
428,355,4.0,1477267200
428,300,5.0,1483142400
428,713,5.0,1485302400
428,127,4.0,1502668800
428,131,4.0,1502668800
428,822,5.0,1512950400
429,227,5.0,1450742400
429,267,4.0,1450742400
429,438,5.0,1450742400
429,689,3.0,1450742400
430,507,5.0,1395273600
430,614,4.0,1491868800
430,637,5.0,1509321600
430,304,4.0,1513036800
431,564,5.0,1414800000
431,143,4.0,1467676800
431,744,5.0,1473465600
431,452,5.0,1483056000
431,402,4.0,1489968000
431,782,4.0,1491609600
431,394,5.0,1498176000
432,6,5.0,1417392000
432,146,5.0,1417392000
432,232,5.0,1417392000
432,364,5.0,1417392000
432,407,5.0,1417392000
432,777,5.0,1417392000
433,429,2.0,1416441600
433,473,3.0,1416441600
433,33,5.0,1423526400
434,537,4.0,1389312000
434,77,5.0,1392940800
434,114,5.0,1402099200
434,349,5.0,1402099200
435,459,4.0,1416096000
435,838,4.0,1456358400
435,573,4.0,1459036800
435,177,3.0,1473897600
435,300,4.0,1485216000
436,787,4.0,1403049600
436,57,4.0,1419120000
436,463,4.0,1441152000
437,689,5.0,1414195200
437,175,4.0,1415664000
437,622,4.0,1415664000
437,426,3.0,1457913600
438,301,5.0,1384300800
438,73,4.0,1403395200
438,424,4.0,1403395200
438,293,5.0,1498435200
439,91,5.0,1389398400
439,114,4.0,1447718400
439,349,4.0,1447718400
440,685,3.0,1415145600
440,266,4.0,1420934400
440,14,5.0,1433203200
440,145,4.0,1440028800
440,35,4.0,1449360000
440,754,4.0,1475971200
441,6,5.0,1505606400
441,146,5.0,1505606400
441,232,5.0,1505606400
441,364,5.0,1505606400
441,407,5.0,1505606400
441,777,5.0,1505606400
442,6,5.0,1394064000
442,146,5.0,1394064000
442,232,5.0,1394064000
442,364,5.0,1394064000
442,407,5.0,1394064000
442,777,5.0,1394064000
443,6,4.0,1407801600
443,146,4.0,1407801600
443,232,4.0,1407801600
443,364,4.0,1407801600
443,407,4.0,1407801600
443,777,4.0,1407801600
444,330,3.0,1392854400
444,520,4.0,1392854400
444,487,4.0,1429920000
444,449,5.0,1445904000
444,224,5.0,1456704000
444,659,5.0,1456790400
445,6,5.0,1412985600
445,146,5.0,1412985600
445,232,5.0,1412985600
445,364,5.0,1412985600
445,407,5.0,1412985600
445,777,5.0,1412985600
446,520,5.0,1391212800
446,64,4.0,1393977600
446,87,4.0,1398988800
446,112,5.0,1400371200
446,729,5.0,1406073600
446,356,4.0,1412812800
446,690,5.0,1416441600
446,188,5.0,1431302400
446,568,5.0,1434758400
446,711,5.0,1454889600
447,6,4.0,1371686400
447,146,4.0,1371686400
447,232,4.0,1371686400
447,364,4.0,1371686400
447,407,4.0,1371686400
447,777,4.0,1371686400
448,579,1.0,1330732800
448,293,5.0,1409616000
448,466,5.0,1409616000
448,113,3.0,1411344000
448,430,5.0,1411344000
448,100,5.0,1429315200
449,80,5.0,1397260800
449,715,5.0,1400889600
449,789,5.0,1431043200
450,6,5.0,1461974400
450,146,5.0,1461974400
450,232,5.0,1461974400
450,364,5.0,1461974400
450,407,5.0,1461974400
450,777,5.0,1461974400
451,6,2.0,1412121600
451,146,2.0,1412121600
451,232,2.0,1412121600
451,364,2.0,1412121600
451,407,2.0,1412121600
451,777,2.0,1412121600
452,84,5.0,1441411200
452,382,5.0,1441411200
452,625,5.0,1441411200
453,599,4.0,1411776000
453,564,5.0,1414800000
453,646,5.0,1415404800
453,557,5.0,1415923200
453,315,5.0,1423785600
453,702,5.0,1433030400
453,33,4.0,1438128000
453,567,4.0,1438128000
453,142,5.0,1445299200
453,772,5.0,1453507200
453,755,5.0,1456272000
453,616,5.0,1458086400
453,517,5.0,1465257600
453,331,5.0,1465430400
453,335,5.0,1466899200
453,747,5.0,1467244800
453,420,5.0,1467504000
453,590,5.0,1468540800
453,318,5.0,1473120000
453,283,5.0,1474156800
453,139,4.0,1474675200
453,763,5.0,1479081600
453,182,5.0,1488585600
453,377,5.0,1489449600
453,46,5.0,1498780800
453,394,4.0,1498780800
453,373,5.0,1499472000
453,123,5.0,1499817600
453,245,5.0,1500854400
453,11,5.0,1501200000
453,801,5.0,1501632000
453,768,5.0,1510444800
453,193,5.0,1522886400
454,317,5.0,1469750400
454,516,5.0,1469750400
454,649,5.0,1469750400
455,535,5.0,1414800000
455,622,5.0,1415404800
455,462,4.0,1431561600
455,821,4.0,1431561600
455,569,4.0,1435968000
455,427,5.0,1448409600
455,664,4.0,1449100800
455,187,4.0,1464739200
455,751,4.0,1467849600
455,688,4.0,1468454400
455,555,4.0,1476230400
455,713,4.0,1485734400
455,394,4.0,1497571200
455,195,4.0,1498176000
455,11,5.0,1498262400
455,373,5.0,1498435200
455,512,4.0,1501891200
455,223,4.0,1502755200
455,605,5.0,1512518400
455,775,5.0,1516060800
456,218,5.0,1374019200
456,520,4.0,1391385600
456,429,5.0,1417478400
456,773,4.0,1420588800
456,730,3.0,1421107200
456,188,4.0,1430697600
456,336,5.0,1442793600
456,344,4.0,1445817600
456,786,2.0,1457913600
456,117,5.0,1466380800
456,747,4.0,1467331200
456,119,3.0,1485475200
456,373,5.0,1497830400
456,245,4.0,1498521600
456,92,2.0,1504137600
457,665,5.0,1410134400
457,319,5.0,1458000000
457,280,5.0,1490572800
457,93,5.0,1491436800
458,6,5.0,1470873600
458,146,5.0,1470873600
458,232,5.0,1470873600
458,234,5.0,1470873600
458,364,5.0,1470873600
458,407,5.0,1470873600
458,777,5.0,1470873600
459,112,4.0,1403049600
459,622,4.0,1414800000
459,391,3.0,1415318400
459,366,5.0,1420329600
459,203,4.0,1430784000
459,705,3.0,1430784000
459,623,3.0,1445385600
459,272,4.0,1445644800
459,206,4.0,1447718400
459,161,4.0,1458950400
459,153,4.0,1459814400
459,666,4.0,1466121600
459,747,4.0,1467936000
459,105,4.0,1468108800
459,655,4.0,1475798400
459,287,3.0,1501545600
460,227,5.0,1369872000
460,539,4.0,1369872000
460,765,4.0,1369872000
461,6,5.0,1389225600
461,146,5.0,1389225600
461,232,5.0,1389225600
461,364,5.0,1389225600
461,407,5.0,1389225600
461,777,5.0,1389225600
462,227,5.0,1451779200
462,267,5.0,1451779200
462,510,5.0,1452816000
462,20,4.0,1470268800
462,539,5.0,1470355200
463,241,5.0,1392249600
463,592,3.0,1434758400
463,23,5.0,1439164800
463,35,4.0,1447027200
464,716,5.0,1395187200
464,429,3.0,1416441600
464,643,5.0,1416441600
464,425,3.0,1443139200
464,276,4.0,1447977600
464,206,4.0,1449187200
464,454,4.0,1457654400
464,751,4.0,1467676800
464,644,1.0,1469491200
464,28,5.0,1474416000
465,318,5.0,1454371200
465,500,5.0,1454371200
465,654,5.0,1454371200
466,363,5.0,1376438400
466,257,5.0,1392768000
466,491,3.0,1414627200
466,367,3.0,1446249600
466,708,5.0,1453248000
467,476,5.0,1486857600
467,400,4.0,1492560000
467,607,4.0,1492560000
467,245,4.0,1497830400
468,6,2.0,1402704000
468,146,2.0,1402704000
468,232,2.0,1402704000
468,364,2.0,1402704000
468,407,2.0,1402704000
468,777,2.0,1402704000
469,34,3.0,1446422400
469,524,2.0,1449100800
469,682,5.0,1459382400
469,454,5.0,1459468800
470,6,5.0,1382140800
470,146,5.0,1382140800
470,232,5.0,1382140800
470,364,5.0,1382140800
470,407,5.0,1382140800
470,777,5.0,1382140800
471,6,5.0,1461369600
471,146,5.0,1461369600
471,232,5.0,1461369600
471,364,5.0,1461369600
471,407,5.0,1461369600
471,777,5.0,1461369600
472,6,5.0,1457740800
472,146,5.0,1457740800
472,232,5.0,1457740800
472,364,5.0,1457740800
472,407,5.0,1457740800
472,777,5.0,1457740800
473,498,4.0,1391299200
473,554,4.0,1391990400
473,371,3.0,1399248000
473,685,4.0,1413072000
473,451,5.0,1415232000
473,704,3.0,1415664000
473,429,4.0,1416096000
473,266,4.0,1427414400
474,384,5.0,1423094400
474,569,4.0,1435968000
474,116,5.0,1444780800
474,35,5.0,1445040000
474,101,5.0,1454976000
474,433,5.0,1457481600
474,652,5.0,1458086400
474,778,5.0,1479340800
474,697,5.0,1484006400
474,45,5.0,1486857600
474,400,5.0,1495670400
474,607,5.0,1495670400
475,261,1.0,1376092800
475,716,5.0,1394323200
475,778,4.0,1479081600
475,11,5.0,1498176000
476,6,5.0,1379635200
476,146,5.0,1379635200
476,232,5.0,1379635200
476,364,5.0,1379635200
476,407,5.0,1379635200
476,777,5.0,1379635200
477,6,5.0,1458604800
477,146,5.0,1458604800
477,232,5.0,1458604800
477,364,5.0,1458604800
477,407,5.0,1458604800
477,777,5.0,1458604800
478,6,5.0,1405382400
478,146,5.0,1405382400
478,232,5.0,1405382400
478,364,5.0,1405382400
478,407,5.0,1405382400
478,777,5.0,1405382400
479,522,5.0,1445126400
479,838,3.0,1453507200
479,19,5.0,1463356800
480,57,5.0,1414800000
480,816,5.0,1415404800
480,429,4.0,1416182400
480,643,3.0,1416182400
480,124,5.0,1423008000
480,262,3.0,1425427200
480,188,3.0,1431993600
480,336,5.0,1443225600
480,635,5.0,1443484800
480,350,4.0,1447459200
480,329,5.0,1452643200
480,426,5.0,1458432000
480,246,3.0,1458864000
480,117,5.0,1466640000
480,388,4.0,1467590400
480,12,5.0,1472860800
480,243,5.0,1486339200
480,795,5.0,1486944000
480,309,5.0,1492300800
480,46,5.0,1500249600
480,245,3.0,1500249600
480,394,4.0,1500249600
481,376,3.0,1374969600
481,87,3.0,1403049600
481,90,4.0,1403049600
481,597,4.0,1403049600
481,663,4.0,1403049600
481,794,5.0,1403049600
481,803,3.0,1415232000
481,816,5.0,1415232000
481,473,5.0,1415664000
481,811,4.0,1417910400
481,584,4.0,1432512000
481,308,2.0,1434067200
481,33,5.0,1439769600
481,567,5.0,1439769600
481,454,5.0,1457568000
482,6,4.0,1375401600
482,146,4.0,1375401600
482,232,4.0,1375401600
482,364,4.0,1375401600
482,407,4.0,1375401600
482,777,4.0,1375401600
483,20,4.0,1392336000
483,172,3.0,1399766400
483,451,4.0,1415404800
483,392,3.0,1482451200
483,632,4.0,1482451200
483,809,5.0,1491350400
483,373,3.0,1502236800
484,6,5.0,1370649600
484,146,5.0,1370649600
484,232,5.0,1370649600
484,364,5.0,1370649600
484,407,5.0,1370649600
484,777,5.0,1370649600
485,352,5.0,1481241600
485,732,5.0,1481241600
485,365,3.0,1488931200
485,668,4.0,1490745600
485,693,5.0,1500854400
486,256,5.0,1427760000
486,277,5.0,1427760000
486,292,5.0,1427760000
486,700,5.0,1427760000
486,788,5.0,1427760000
486,438,5.0,1439596800
486,227,5.0,1461542400
486,575,5.0,1461542400
486,136,5.0,1482710400
487,295,4.0,1461628800
487,833,4.0,1462320000
487,606,5.0,1465084800
488,6,5.0,1492473600
488,146,5.0,1492473600
488,232,5.0,1492473600
488,364,5.0,1492473600
488,407,5.0,1492473600
488,777,5.0,1492473600
489,236,4.0,1389916800
489,112,5.0,1399507200
489,715,4.0,1406764800
489,493,5.0,1415059200
489,680,5.0,1423612800
489,462,3.0,1430524800
489,839,4.0,1442188800
489,135,5.0,1444867200
489,75,3.0,1446076800
489,755,5.0,1456358400
489,652,5.0,1457654400
489,150,5.0,1467158400
489,192,5.0,1469404800
489,754,5.0,1473724800
489,337,5.0,1473984000
489,749,4.0,1474848000
489,28,4.0,1475280000
489,601,4.0,1486944000
489,182,4.0,1490227200
490,667,3.0,1440547200
490,755,4.0,1455840000
490,502,3.0,1481932800
491,493,4.0,1415750400
491,276,4.0,1448064000
491,804,4.0,1453507200
492,713,4.0,1485907200
492,255,4.0,1490400000
492,159,3.0,1494633600
492,86,5.0,1503532800
492,605,4.0,1512691200
493,98,5.0,1470873600
493,261,5.0,1470873600
493,806,4.0,1470873600
494,609,5.0,1405123200
494,188,4.0,1431907200
494,290,4.0,1445904000
494,639,3.0,1446940800
495,6,5.0,1497744000
495,146,5.0,1497744000
495,232,5.0,1497744000
495,364,5.0,1497744000
495,407,5.0,1497744000
495,777,5.0,1497744000
496,261,3.0,1393027200
496,374,5.0,1393027200
496,769,3.0,1393027200
496,806,3.0,1393027200
496,834,4.0,1393027200
496,138,3.0,1393459200
496,507,3.0,1393459200
496,554,5.0,1393459200
496,647,3.0,1393459200
496,98,4.0,1395014400
496,227,5.0,1453593600
497,6,3.0,1403136000
497,146,3.0,1403136000
497,232,3.0,1403136000
497,364,3.0,1403136000
497,407,3.0,1403136000
497,777,3.0,1403136000
498,172,4.0,1400457600
498,704,4.0,1415318400
498,592,4.0,1433980800
498,162,2.0,1440806400
498,514,4.0,1445644800
498,820,4.0,1446076800
498,659,4.0,1447977600
498,333,4.0,1455667200
498,414,4.0,1459036800
498,511,3.0,1497398400
498,373,4.0,1500422400
499,396,3.0,1389916800
499,84,3.0,1395360000
499,565,3.0,1395360000
500,6,1.0,1456099200
500,146,1.0,1456099200
500,232,1.0,1456099200
500,364,1.0,1456099200
500,407,1.0,1456099200
500,777,1.0,1456099200
501,409,4.0,1445040000
501,333,5.0,1455321600
501,351,4.0,1468972800
501,649,4.0,1477785600
501,245,4.0,1497484800
502,40,5.0,1492646400
502,630,5.0,1493510400
502,709,5.0,1493510400
503,773,5.0,1421884800
503,30,3.0,1429574400
503,99,5.0,1430784000
503,381,5.0,1430784000
503,470,3.0,1443052800
504,627,4.0,1391817600
504,205,5.0,1405555200
504,826,5.0,1438041600
504,470,3.0,1442534400
505,495,5.0,1424217600
505,823,4.0,1446076800
505,323,4.0,1447977600
505,610,4.0,1457481600
505,533,4.0,1458000000
505,402,3.0,1488412800
506,559,5.0,1378252800
506,244,3.0,1432598400
506,297,5.0,1460678400
506,132,5.0,1461283200
506,226,4.0,1468886400
506,732,5.0,1481500800
506,526,5.0,1489363200
506,375,5.0,1497225600
506,436,5.0,1497225600
506,11,5.0,1497657600
506,245,5.0,1497657600
506,373,5.0,1497657600
506,599,5.0,1497657600
506,46,5.0,1497830400
507,48,5.0,1421280000
507,272,4.0,1445385600
507,408,5.0,1467849600
507,751,4.0,1468108800
508,6,5.0,1449446400
508,146,5.0,1449446400
508,232,5.0,1449446400
508,364,5.0,1449446400
508,407,5.0,1449446400
508,777,5.0,1449446400
509,470,3.0,1443484800
509,201,5.0,1445904000
509,273,5.0,1450137600
509,359,5.0,1469145600
509,287,5.0,1482364800
510,87,4.0,1398297600
510,514,5.0,1405209600
510,69,4.0,1415145600
510,199,4.0,1423440000
510,545,4.0,1430352000
510,224,4.0,1449100800
510,36,4.0,1455148800
510,215,5.0,1467072000
510,283,4.0,1473811200
510,772,4.0,1477094400
510,603,4.0,1477353600
510,555,4.0,1478131200
510,275,4.0,1486598400
510,34,4.0,1486857600
511,90,5.0,1398384000
511,597,5.0,1398384000
511,717,4.0,1418515200
511,635,4.0,1443484800
512,28,4.0,1475107200
512,373,2.0,1499212800
512,512,4.0,1502064000
513,6,3.0,1383177600
513,146,3.0,1383177600
513,232,3.0,1383177600
513,364,3.0,1383177600
513,407,3.0,1383177600
513,777,3.0,1383177600
514,771,4.0,1418515200
514,263,4.0,1427500800
514,592,4.0,1433376000
514,370,4.0,1458000000
514,480,4.0,1465171200
514,830,5.0,1479254400
515,715,5.0,1405814400
515,474,5.0,1417305600
515,137,5.0,1422489600
515,463,1.0,1430611200
515,529,3.0,1443312000
515,779,5.0,1445817600
515,142,5.0,1448150400
515,265,5.0,1448150400
515,190,4.0,1452297600
516,236,5.0,1391126400
516,360,4.0,1400976000
516,715,4.0,1408752000
516,474,5.0,1418169600
516,730,2.0,1421366400
517,687,4.0,1417478400
517,323,4.0,1448150400
517,708,5.0,1451692800
518,486,5.0,1433548800
518,518,4.0,1433548800
518,349,3.0,1476489600
519,311,5.0,1439942400
519,740,5.0,1442534400
519,151,5.0,1479340800
519,158,4.0,1479340800
520,6,5.0,1423180800
520,146,5.0,1423180800
520,232,5.0,1423180800
520,364,5.0,1423180800
520,407,5.0,1423180800
520,777,5.0,1423180800
521,343,5.0,1475798400
521,479,4.0,1485820800
521,739,1.0,1488067200
521,152,5.0,1491696000
521,431,5.0,1491696000
521,11,5.0,1497657600
521,373,5.0,1498262400
521,599,5.0,1498262400
521,603,4.0,1504137600
522,6,5.0,1435968000
522,146,5.0,1435968000
522,232,5.0,1435968000
522,364,5.0,1435968000
522,407,5.0,1435968000
522,777,5.0,1435968000
523,323,4.0,1448496000
523,219,3.0,1451692800
523,142,4.0,1495497600
524,405,5.0,1432944000
524,311,5.0,1435276800
524,158,5.0,1465344000
525,66,5.0,1414627200
525,321,4.0,1414972800
525,784,5.0,1416268800
525,366,4.0,1417651200
525,708,5.0,1452470400
525,720,5.0,1468022400
525,351,5.0,1469145600
525,415,5.0,1478995200
525,287,5.0,1481846400
526,6,5.0,1404691200
526,146,5.0,1404691200
526,232,5.0,1404691200
526,234,5.0,1404691200
526,364,5.0,1404691200
526,407,5.0,1404691200
526,777,5.0,1404691200
527,647,5.0,1300060800
527,806,3.0,1300060800
527,699,2.0,1300665600
527,627,3.0,1389052800
527,826,4.0,1436832000
527,322,4.0,1436918400
527,810,5.0,1437177600
527,464,4.0,1437264000
527,558,4.0,1437868800
527,529,4.0,1441324800
527,142,4.0,1476748800
528,6,5.0,1505433600
528,146,5.0,1505433600
528,232,5.0,1505433600
528,364,5.0,1505433600
528,407,5.0,1505433600
528,777,5.0,1505433600
529,235,4.0,1419811200
529,32,5.0,1447113600
529,4,4.0,1462320000
529,720,3.0,1468454400
529,423,3.0,1474502400
529,392,4.0,1482451200
530,663,5.0,1400112000
530,805,5.0,1400112000
530,704,3.0,1415145600
531,257,5.0,1391040000
531,491,3.0,1415232000
531,13,3.0,1434153600
531,652,5.0,1457568000
532,790,4.0,1397865600
532,586,5.0,1400112000
532,209,5.0,1430784000
532,201,5.0,1445385600
532,329,4.0,1450051200
532,804,5.0,1453161600
532,3,5.0,1467763200
533,395,3.0,1397347200
533,646,4.0,1415491200
533,263,3.0,1427241600
533,203,5.0,1435795200
533,208,3.0,1443225600
533,367,1.0,1445817600
533,377,3.0,1494374400
533,651,5.0,1494374400
534,472,4.0,1393286400
534,722,5.0,1443484800
534,399,4.0,1457913600
534,335,4.0,1466812800
534,420,4.0,1467936000
534,237,4.0,1473465600
534,721,4.0,1475884800
534,679,4.0,1478044800
534,599,4.0,1498003200
534,373,5.0,1498435200
534,394,4.0,1499040000
534,46,5.0,1511222400
535,6,5.0,1401753600
535,146,5.0,1401753600
535,232,5.0,1401753600
535,364,5.0,1401753600
535,407,5.0,1401753600
535,777,5.0,1401753600
536,11,5.0,1497744000
536,245,5.0,1500508800
536,394,5.0,1500508800
536,599,5.0,1501286400
537,6,2.0,1415577600
537,146,2.0,1415577600
537,232,2.0,1415577600
537,364,2.0,1415577600
537,407,2.0,1415577600
537,777,2.0,1415577600
538,648,5.0,1415577600
538,315,5.0,1424131200
538,635,5.0,1443312000
538,604,5.0,1446249600
538,645,5.0,1446508800
538,53,4.0,1448323200
538,649,5.0,1457654400
538,370,5.0,1457913600
538,246,4.0,1458691200
538,414,5.0,1459123200
538,47,4.0,1459382400
538,747,4.0,1467849600
538,283,5.0,1473984000
538,658,5.0,1476316800
538,452,5.0,1483401600
538,739,5.0,1488758400
538,783,5.0,1489708800
538,818,5.0,1490140800
538,651,4.0,1490313600
538,245,5.0,1497916800
538,599,5.0,1498435200
538,394,4.0,1498608000
538,373,4.0,1499472000
538,39,4.0,1518739200
539,363,4.0,1375920000
539,236,5.0,1392681600
539,72,5.0,1395187200
539,244,2.0,1432080000
539,501,4.0,1434844800
539,470,4.0,1442534400
539,343,5.0,1442966400
539,144,4.0,1445558400
539,18,5.0,1450051200
539,332,3.0,1458000000
539,187,4.0,1464652800
539,166,5.0,1464825600
539,26,5.0,1465084800
539,561,4.0,1466294400
539,644,5.0,1471996800
539,798,5.0,1471996800
539,655,5.0,1475539200
539,502,4.0,1494460800
539,696,5.0,1494806400
539,731,5.0,1500768000
539,520,5.0,1509321600
539,830,5.0,1511827200
539,571,4.0,1513555200
539,686,4.0,1513728000
540,6,5.0,1372377600
540,146,5.0,1372377600
540,232,5.0,1372377600
540,364,5.0,1372377600
540,407,5.0,1372377600
540,777,5.0,1372377600
541,352,5.0,1481414400
541,243,4.0,1486425600
541,394,4.0,1498348800
542,252,5.0,1498867200
542,502,5.0,1498867200
542,506,5.0,1498867200
543,834,5.0,1437436800
543,267,5.0,1499385600
543,796,5.0,1499385600
544,507,4.0,1391385600
544,520,5.0,1391385600
544,208,3.0,1443052800
544,75,5.0,1445472000
544,433,4.0,1457049600
544,588,4.0,1467936000
544,747,3.0,1468195200
544,355,1.0,1477785600
544,204,3.0,1478131200
544,763,5.0,1478822400
544,275,3.0,1485475200
544,674,2.0,1490140800
545,584,4.0,1430784000
545,492,5.0,1443571200
545,813,5.0,1445040000
545,475,4.0,1453593600
546,626,5.0,1444608000
546,449,5.0,1445558400
546,422,5.0,1457049600
546,243,4.0,1486771200
547,825,5.0,1426723200
547,295,5.0,1436140800
547,100,2.0,1458086400
547,212,4.0,1458086400
547,293,5.0,1458086400
547,301,5.0,1458086400
547,466,5.0,1458086400
548,639,5.0,1445126400
548,659,5.0,1445990400
548,224,5.0,1449273600
548,202,5.0,1468540800
549,84,1.0,1368403200
549,565,1.0,1368403200
549,625,5.0,1375833600
550,723,5.0,1394323200
550,715,5.0,1407283200
550,811,5.0,1417737600
550,381,5.0,1430352000
550,735,5.0,1430352000
550,612,4.0,1466035200
550,413,3.0,1466553600
550,335,5.0,1466812800
550,408,3.0,1467417600
550,420,5.0,1467417600
550,141,5.0,1467849600
550,107,5.0,1468022400
550,688,5.0,1468195200
551,5,4.0,1391126400
551,296,3.0,1400198400
551,789,5.0,1452816000
551,173,5.0,1481673600
551,776,5.0,1481673600
551,485,3.0,1481760000
551,737,4.0,1493078400
552,805,5.0,1398297600
552,459,4.0,1414108800
552,690,4.0,1415318400
552,695,4.0,1415923200
553,136,5.0,1430265600
553,222,4.0,1430265600
553,227,5.0,1430265600
553,700,3.0,1430265600
553,788,5.0,1430265600
553,438,5.0,1430352000
554,6,5.0,1464825600
554,146,5.0,1464825600
554,232,5.0,1464825600
554,364,5.0,1464825600
554,407,5.0,1464825600
554,777,5.0,1464825600
555,6,4.0,1455235200
555,146,4.0,1455235200
555,232,4.0,1455235200
555,364,4.0,1455235200
555,407,4.0,1455235200
555,777,4.0,1455235200
556,694,3.0,1408924800
556,672,5.0,1420588800
556,194,5.0,1430265600
556,658,3.0,1475280000
556,307,5.0,1527724800
557,97,4.0,1482278400
557,436,3.0,1497484800
557,11,4.0,1498694400
557,599,4.0,1498694400
558,506,4.0,1365552000
558,136,4.0,1365724800
558,292,4.0,1365724800
558,374,4.0,1365724800
558,438,5.0,1365984000
559,536,3.0,1371427200
559,498,4.0,1391990400
559,694,4.0,1407974400
560,6,5.0,1367712000
560,364,5.0,1367712000
560,407,5.0,1367712000
561,400,3.0,1424995200
561,607,3.0,1424995200
561,494,2.0,1426204800
561,662,4.0,1439424000
562,814,4.0,1396137600
562,506,3.0,1404604800
562,38,4.0,1410134400
562,284,4.0,1410134400
562,289,4.0,1418601600
562,672,3.0,1421107200
562,465,5.0,1450051200
562,708,5.0,1452124800
562,414,5.0,1457827200
563,6,4.0,1369872000
563,146,4.0,1369872000
563,232,4.0,1369872000
563,364,4.0,1369872000
563,407,4.0,1369872000
563,777,4.0,1369872000
564,225,1.0,1422576000
564,315,5.0,1422921600
564,764,3.0,1423612800
564,705,5.0,1430092800
564,33,3.0,1440115200
564,567,3.0,1440115200
564,343,5.0,1441584000
564,367,3.0,1445040000
564,201,4.0,1445126400
564,469,5.0,1445212800
564,449,5.0,1446249600
564,652,5.0,1457740800
564,377,5.0,1489881600
564,245,4.0,1498780800
565,7,3.0,1444348800
565,470,4.0,1444348800
565,35,3.0,1445212800
566,474,4.0,1416873600
566,420,5.0,1468454400
566,677,5.0,1502496000
567,6,3.0,1468886400
567,146,3.0,1468886400
567,232,3.0,1468886400
567,364,3.0,1468886400
567,407,3.0,1468886400
567,777,3.0,1468886400
568,613,5.0,1454630400
568,486,4.0,1455840000
568,471,4.0,1473638400
568,97,4.0,1483660800
568,393,5.0,1489017600
568,526,5.0,1489017600
568,114,5.0,1495929600
568,349,5.0,1495929600
568,46,5.0,1500336000
569,23,5.0,1376438400
569,98,4.0,1391904000
569,840,2.0,1395100800
569,787,3.0,1400112000
569,710,5.0,1403136000
569,464,3.0,1439164800
569,329,3.0,1451347200
569,561,5.0,1466812800
570,261,3.0,1373500800
570,266,4.0,1420502400
570,811,3.0,1420502400
571,6,5.0,1466553600
571,146,5.0,1466553600
571,232,5.0,1466553600
571,364,5.0,1466553600
571,407,5.0,1466553600
571,777,5.0,1466553600
572,476,5.0,1487376000
572,709,5.0,1492560000
572,599,5.0,1498694400
572,197,4.0,1502755200
572,11,5.0,1514592000
572,528,5.0,1526428800
573,6,1.0,1504915200
573,232,1.0,1504915200
573,364,1.0,1504915200
573,407,1.0,1504915200
574,236,5.0,1389916800
574,153,5.0,1460073600
574,799,5.0,1463356800
574,49,5.0,1483056000
574,443,5.0,1485907200
574,641,5.0,1490227200
574,651,5.0,1490313600
575,6,5.0,1376697600
575,146,5.0,1376697600
575,232,5.0,1376697600
575,364,5.0,1376697600
575,407,5.0,1376697600
575,777,5.0,1376697600
576,469,4.0,1445731200
576,265,5.0,1447372800
576,5,4.0,1449619200
576,326,1.0,1459123200
576,423,5.0,1472774400
576,531,5.0,1475452800
576,749,3.0,1475452800
576,49,2.0,1488931200
577,323,3.0,1449187200
577,187,4.0,1465603200
577,388,4.0,1466812800
578,815,4.0,1415836800
578,557,4.0,1417651200
578,235,3.0,1421280000
578,308,3.0,1433894400
579,244,3.0,1430870400
579,487,4.0,1431388800
579,14,5.0,1431648000
580,6,4.0,1466640000
580,146,4.0,1466640000
580,232,4.0,1466640000
580,364,4.0,1466640000
580,407,4.0,1466640000
580,777,4.0,1466640000
581,514,4.0,1403740800
581,803,4.0,1415491200
581,469,4.0,1445731200
582,369,5.0,1479772800
582,217,4.0,1480204800
582,526,3.0,1493596800
582,46,1.0,1497484800
582,245,4.0,1498435200
582,772,4.0,1526169600
583,6,5.0,1402099200
583,146,5.0,1402099200
583,232,5.0,1402099200
583,364,5.0,1402099200
583,407,5.0,1402099200
583,777,5.0,1402099200
584,6,5.0,1510531200
584,146,5.0,1510531200
584,232,5.0,1510531200
584,364,5.0,1510531200
584,407,5.0,1510531200
584,777,5.0,1510531200
585,395,5.0,1395273600
585,473,2.0,1415836800
585,717,5.0,1418688000
585,95,2.0,1429833600
585,613,4.0,1433376000
585,410,2.0,1444867200
585,428,5.0,1448841600
585,170,4.0,1449705600
585,763,4.0,1479081600
585,602,4.0,1485129600
585,168,4.0,1487289600
585,739,5.0,1489104000
585,164,2.0,1489968000
585,419,2.0,1490140800
585,772,2.0,1496448000
585,46,3.0,1499731200
585,394,5.0,1499990400
585,11,2.0,1500336000
586,6,5.0,1380844800
586,146,5.0,1380844800
586,232,5.0,1380844800
586,364,5.0,1380844800
586,407,5.0,1380844800
586,777,5.0,1380844800
587,293,5.0,1411776000
587,362,5.0,1411776000
587,430,5.0,1411776000
588,784,5.0,1415923200
588,260,5.0,1454976000
588,297,5.0,1460332800
588,245,4.0,1497225600
588,131,5.0,1501891200
588,822,5.0,1511568000
589,6,5.0,1391472000
589,146,5.0,1391472000
589,232,5.0,1391472000
589,364,5.0,1391472000
589,407,5.0,1391472000
589,777,5.0,1391472000
590,138,5.0,1392854400
590,507,5.0,1395273600
590,517,4.0,1466035200
591,254,5.0,1475625600
591,0,5.0,1477872000
591,317,5.0,1477872000
591,237,5.0,1478131200
592,42,4.0,1485216000
592,46,5.0,1498694400
592,373,5.0,1498694400
592,298,5.0,1502323200
593,829,5.0,1370476800
593,483,5.0,1415923200
593,632,5.0,1483488000
593,11,4.0,1499817600
593,724,5.0,1499817600
593,46,5.0,1500163200
594,6,5.0,1378080000
594,146,5.0,1378080000
594,232,5.0,1378080000
594,364,5.0,1378080000
594,407,5.0,1378080000
594,777,5.0,1378080000
595,640,3.0,1405555200
595,96,4.0,1409702400
595,124,4.0,1421107200
596,745,4.0,1400803200
596,694,3.0,1409011200
596,225,4.0,1425513600
596,155,5.0,1441065600
596,162,4.0,1441152000
596,343,5.0,1442880000
596,492,3.0,1444780800
596,645,4.0,1445040000
596,224,5.0,1448841600
596,496,5.0,1449187200
596,772,5.0,1453420800
597,422,5.0,1457222400
597,709,5.0,1492646400
597,31,5.0,1497571200
597,373,5.0,1497571200
597,104,3.0,1510790400
598,811,5.0,1417996800
598,773,4.0,1421539200
598,766,2.0,1422748800
598,409,4.0,1445299200
598,286,4.0,1451606400
598,631,3.0,1468540800
598,303,2.0,1492732800
599,27,5.0,1477440000
599,352,5.0,1480982400
599,307,5.0,1485734400
599,476,5.0,1488412800
599,484,5.0,1488844800
599,497,4.0,1494288000
599,142,4.0,1494892800
599,373,5.0,1497916800
600,162,3.0,1442966400
600,392,4.0,1484092800
600,599,2.0,1507075200
601,716,4.0,1390348800
601,784,4.0,1415491200
601,176,5.0,1459900800
601,168,5.0,1486339200
601,599,4.0,1497657600
602,363,5.0,1373673600
602,179,5.0,1415145600
602,456,4.0,1430438400
602,568,4.0,1435104000
602,447,4.0,1453334400
602,808,2.0,1503273600
603,6,5.0,1380931200
603,146,5.0,1380931200
603,232,5.0,1380931200
603,364,5.0,1380931200
603,407,5.0,1380931200
603,777,5.0,1380931200
604,56,5.0,1422921600
604,83,4.0,1423612800
604,204,2.0,1478131200
605,59,2.0,1420502400
605,394,3.0,1498435200
605,245,2.0,1499644800
606,78,5.0,1412812800
606,91,5.0,1412812800
606,291,5.0,1412812800
606,494,5.0,1412812800
607,584,4.0,1429833600
607,706,3.0,1452384000
607,149,2.0,1464307200
607,117,3.0,1466208000
607,591,3.0,1473033600
608,151,5.0,1487635200
608,434,5.0,1487635200
608,444,5.0,1488672000
608,60,5.0,1488844800
608,158,5.0,1488844800
609,376,5.0,1375056000
609,98,5.0,1392422400
609,687,5.0,1416614400
609,289,5.0,1419206400
609,137,5.0,1421884800
609,331,5.0,1468368000
610,6,2.0,1389830400
610,146,2.0,1389830400
610,232,2.0,1389830400
610,364,2.0,1389830400
610,407,2.0,1389830400
610,777,2.0,1389830400
611,6,5.0,1461024000
611,146,5.0,1461024000
611,232,5.0,1461024000
611,364,5.0,1461024000
611,407,5.0,1461024000
611,777,5.0,1461024000
612,371,4.0,1397692800
612,90,3.0,1398297600
612,597,3.0,1398297600
612,189,5.0,1404432000
612,124,4.0,1421020800
612,162,3.0,1440201600
612,409,4.0,1445558400
612,804,5.0,1453507200
612,176,5.0,1460160000
612,612,4.0,1466035200
612,107,4.0,1467417600
612,631,5.0,1468281600
612,268,5.0,1469318400
612,355,5.0,1477180800
612,603,5.0,1477267200
612,772,5.0,1477612800
612,27,4.0,1478044800
612,515,5.0,1481155200
612,307,4.0,1485129600
612,142,5.0,1494547200
612,373,4.0,1497052800
612,375,4.0,1497052800
612,394,5.0,1497657600
612,436,4.0,1497657600
612,801,5.0,1498521600
612,245,4.0,1498694400
612,248,4.0,1525910400
613,751,4.0,1467849600
613,798,5.0,1469145600
613,142,4.0,1476662400
613,772,5.0,1476921600
613,340,4.0,1479427200
613,452,5.0,1482969600
613,74,4.0,1484438400
613,479,4.0,1485475200
613,713,5.0,1488326400
613,818,5.0,1488931200
613,167,5.0,1491091200
613,534,5.0,1502150400
613,637,4.0,1509667200
613,563,4.0,1515715200
614,44,5.0,1422835200
614,299,4.0,1423267200
614,463,4.0,1429574400
614,515,5.0,1483401600
614,49,5.0,1489363200
615,213,3.0,1416528000
615,501,4.0,1431820800
615,514,4.0,1445299200
615,329,4.0,1450224000
616,586,5.0,1398556800
616,787,5.0,1398556800
616,643,5.0,1416096000
617,6,5.0,1380672000
617,146,5.0,1380672000
617,232,5.0,1380672000
617,364,5.0,1380672000
617,407,5.0,1380672000
617,777,5.0,1380672000
618,6,2.0,1484265600
618,146,2.0,1484265600
618,232,2.0,1484265600
618,364,2.0,1484265600
618,407,2.0,1484265600
618,777,2.0,1484265600
619,462,5.0,1431648000
619,821,5.0,1431648000
619,626,5.0,1444176000
619,674,5.0,1489622400
620,60,5.0,1472774400
620,158,5.0,1472774400
620,349,5.0,1498521600
621,6,1.0,1407110400
621,146,1.0,1407110400
621,232,1.0,1407110400
621,364,1.0,1407110400
621,407,1.0,1407110400
621,777,1.0,1407110400
622,6,4.0,1400544000
622,146,4.0,1400544000
622,232,4.0,1400544000
622,364,4.0,1400544000
622,407,4.0,1400544000
622,777,4.0,1400544000
623,44,3.0,1423612800
623,148,4.0,1457568000
623,573,4.0,1458950400
623,132,4.0,1462147200
624,6,4.0,1379289600
624,146,4.0,1379289600
624,232,4.0,1379289600
624,364,4.0,1379289600
624,407,4.0,1379289600
624,777,4.0,1379289600
625,343,5.0,1475193600
625,649,5.0,1477526400
625,668,4.0,1490313600
625,614,4.0,1490745600
625,302,4.0,1491436800
625,255,4.0,1492732800
625,253,5.0,1497312000
625,375,5.0,1497312000
625,709,5.0,1498089600
625,181,4.0,1502755200
626,829,3.0,1374105600
626,236,5.0,1392854400
626,194,4.0,1432080000
626,652,4.0,1457654400
626,85,3.0,1467417600
626,150,5.0,1467417600
626,747,4.0,1468800000
626,202,5.0,1468886400
626,359,4.0,1469836800
626,785,4.0,1483833600
626,373,4.0,1497312000
627,6,5.0,1380153600
627,146,5.0,1380153600
627,232,5.0,1380153600
627,364,5.0,1380153600
627,407,5.0,1380153600
627,777,5.0,1380153600
628,356,5.0,1413244800
628,495,4.0,1424390400
628,322,3.0,1437091200
628,820,3.0,1447113600
628,428,5.0,1448236800
629,6,4.0,1399334400
629,146,4.0,1399334400
629,232,4.0,1399334400
629,364,4.0,1399334400
629,407,4.0,1399334400
629,777,4.0,1399334400
630,535,4.0,1414886400
630,695,3.0,1415145600
630,687,5.0,1415836800
630,291,4.0,1416009600
630,366,5.0,1418860800
630,208,4.0,1443571200
630,367,5.0,1444176000
630,201,5.0,1444953600
630,290,4.0,1446249600
630,32,5.0,1446854400
630,427,5.0,1448323200
630,610,4.0,1457049600
630,133,5.0,1458172800
630,335,4.0,1467504000
630,644,4.0,1469232000
630,744,5.0,1473638400
630,432,4.0,1478736000
630,713,5.0,1488931200
630,476,5.0,1490659200
630,782,4.0,1492560000
630,390,5.0,1493251200
630,552,4.0,1500595200
630,394,4.0,1500768000
630,245,5.0,1500854400
630,373,5.0,1501545600
630,223,4.0,1502582400
630,11,5.0,1503100800
630,46,4.0,1503187200
630,599,5.0,1504828800
630,563,3.0,1516320000
631,6,4.0,1369094400
631,146,4.0,1369094400
631,232,4.0,1369094400
631,364,4.0,1369094400
631,407,4.0,1369094400
631,777,4.0,1369094400
632,6,5.0,1412035200
632,146,5.0,1412035200
632,232,5.0,1412035200
632,364,5.0,1412035200
632,407,5.0,1412035200
632,777,5.0,1412035200
633,376,4.0,1374624000
633,228,4.0,1410825600
633,557,4.0,1415750400
633,366,4.0,1417737600
633,672,4.0,1421107200
633,409,4.0,1445990400
633,34,4.0,1448150400
633,224,5.0,1450915200
634,448,5.0,1400025600
634,572,5.0,1407801600
634,780,5.0,1407888000
634,228,4.0,1409788800
634,557,3.0,1415750400
634,391,3.0,1416009600
634,314,3.0,1423699200
634,418,4.0,1447718400
634,664,4.0,1448409600
634,767,4.0,1460505600
634,216,4.0,1466985600
634,3,3.0,1467849600
634,630,4.0,1494460800
634,245,4.0,1497657600
634,599,2.0,1498176000
634,394,5.0,1499472000
634,11,2.0,1499990400
635,495,5.0,1423785600
635,462,2.0,1431993600
635,821,2.0,1431993600
635,550,3.0,1457568000
636,6,5.0,1392163200
636,146,5.0,1392163200
636,232,5.0,1392163200
636,364,5.0,1392163200
636,407,5.0,1392163200
636,777,5.0,1392163200
637,814,4.0,1403481600
637,595,5.0,1410048000
637,704,4.0,1415491200
638,6,5.0,1407715200
638,146,5.0,1407715200
638,232,5.0,1407715200
638,364,5.0,1407715200
638,407,5.0,1407715200
638,777,5.0,1407715200
639,317,5.0,1403136000
639,24,5.0,1419897600
639,435,5.0,1419897600
639,486,5.0,1419897600
639,583,5.0,1419897600
640,536,5.0,1370649600
640,829,5.0,1370649600
640,685,5.0,1414540800
640,803,4.0,1415232000
641,49,5.0,1359072000
641,547,4.0,1359072000
641,528,5.0,1470441600
642,98,4.0,1391904000
642,205,4.0,1405900800
642,514,4.0,1406160000
643,394,5.0,1455667200
643,46,5.0,1455753600
643,245,5.0,1455753600
644,6,4.0,1471046400
644,146,4.0,1471046400
644,232,4.0,1471046400
644,364,4.0,1471046400
644,407,4.0,1471046400
644,777,4.0,1471046400
645,374,5.0,1242604800
645,499,4.0,1404086400
645,464,4.0,1439251200
645,469,4.0,1445472000
646,627,5.0,1388880000
646,347,5.0,1389052800
646,498,5.0,1390953600
647,6,5.0,1420934400
647,146,5.0,1420934400
647,232,5.0,1420934400
647,364,5.0,1420934400
647,407,5.0,1420934400
647,777,5.0,1420934400
648,267,5.0,1339632000
648,689,5.0,1339632000
648,136,5.0,1340496000
648,277,5.0,1347235200
648,796,5.0,1363996800
649,685,5.0,1412035200
649,771,5.0,1412035200
649,179,5.0,1412121600
649,784,5.0,1412121600
650,45,4.0,1489536000
650,255,5.0,1507593600
650,668,5.0,1507593600
651,671,5.0,1481068800
651,352,5.0,1481328000
651,275,5.0,1485648000
651,40,4.0,1492646400
651,373,5.0,1497571200
651,599,4.0,1498003200
652,805,4.0,1401753600
652,803,4.0,1414800000
652,784,5.0,1415491200
652,695,4.0,1415750400
652,687,4.0,1416268800
652,384,3.0,1423526400
652,522,1.0,1444262400
652,34,4.0,1444953600
652,823,4.0,1446422400
652,200,3.0,1458691200
652,359,5.0,1469404800
652,27,5.0,1477612800
652,778,5.0,1479686400
652,160,3.0,1499558400
653,6,3.0,1467331200
653,146,3.0,1467331200
653,232,3.0,1467331200
653,364,3.0,1467331200
653,407,3.0,1467331200
653,777,3.0,1467331200
654,715,4.0,1405900800
654,623,4.0,1445212800
654,34,4.0,1445731200
654,604,4.0,1447459200
654,656,5.0,1457654400
654,161,4.0,1459296000
654,358,5.0,1472688000
654,343,5.0,1475884800
654,603,5.0,1477440000
654,732,5.0,1481414400
654,502,4.0,1481587200
654,168,5.0,1485302400
654,255,3.0,1490313600
654,373,5.0,1497916800
654,599,5.0,1497916800
654,245,3.0,1498521600
654,11,4.0,1499644800
654,394,5.0,1500163200
654,197,2.0,1501286400
655,130,5.0,1370995200
655,716,5.0,1391299200
655,648,3.0,1415836800
655,56,3.0,1423612800
655,12,4.0,1472947200
655,658,5.0,1474848000
655,245,5.0,1498780800
656,371,4.0,1397174400
656,174,5.0,1402358400
656,797,4.0,1415318400
656,427,5.0,1448323200
656,416,5.0,1452902400
657,227,2.0,1361577600
657,510,3.0,1361577600
657,788,4.0,1361577600
658,6,5.0,1462147200
658,60,5.0,1462147200
658,146,5.0,1462147200
658,158,5.0,1462147200
658,232,5.0,1462147200
658,364,5.0,1462147200
658,407,5.0,1462147200
658,777,5.0,1462147200
659,2,5.0,1235001600
659,600,2.0,1375142400
659,812,5.0,1403740800
660,169,5.0,1416873600
660,604,5.0,1416873600
660,581,5.0,1419638400
661,317,5.0,1347840000
661,65,4.0,1393200000
661,689,5.0,1413676800
661,406,5.0,1414281600
661,145,4.0,1437004800
661,582,5.0,1437696000
661,230,5.0,1462060800
661,310,5.0,1473897600
661,658,5.0,1474761600
661,415,5.0,1483747200
662,6,4.0,1407024000
662,146,4.0,1407024000
662,232,4.0,1407024000
662,364,4.0,1407024000
662,407,4.0,1407024000
662,777,4.0,1407024000
663,399,4.0,1458259200
663,505,4.0,1464134400
663,243,1.0,1486771200
663,526,4.0,1489017600
663,393,1.0,1494288000
664,6,1.0,1464998400
664,146,1.0,1464998400
664,232,1.0,1464998400
664,364,1.0,1464998400
664,407,1.0,1464998400
664,777,1.0,1464998400
665,60,5.0,1491177600
665,151,5.0,1491177600
665,158,5.0,1491177600
665,434,5.0,1491177600
666,267,5.0,1362182400
666,575,5.0,1367625600
666,765,5.0,1367625600
667,60,4.0,1458086400
667,158,4.0,1458086400
667,259,2.0,1511827200
667,140,1.0,1512604800
668,252,5.0,1386028800
668,374,5.0,1415145600
668,670,5.0,1454976000
669,289,4.0,1418515200
669,368,5.0,1423872000
669,89,4.0,1426723200
669,327,4.0,1441843200
669,18,4.0,1445126400
669,367,4.0,1445472000
669,280,4.0,1446940800
669,505,4.0,1463702400
669,192,3.0,1469750400
669,243,3.0,1485907200
669,50,3.0,1486857600
669,309,5.0,1491868800
669,160,4.0,1492128000
669,772,4.0,1496102400
669,245,3.0,1499904000
669,394,4.0,1499904000
669,599,5.0,1501459200
669,732,5.0,1506038400
669,193,3.0,1523836800
669,458,4.0,1525305600
670,114,5.0,1458000000
670,349,5.0,1458000000
670,6,1.0,1475971200
670,146,1.0,1475971200
670,232,1.0,1475971200
670,364,1.0,1475971200
670,407,1.0,1475971200
670,777,1.0,1475971200
671,6,5.0,1481328000
671,232,5.0,1481328000
671,364,5.0,1481328000
671,407,5.0,1481328000
672,14,5.0,1432166400
672,165,2.0,1445126400
672,465,2.0,1450137600
672,447,3.0,1453248000
672,107,2.0,1468281600
672,590,3.0,1469318400
672,192,4.0,1470182400
672,40,3.0,1494633600
672,197,4.0,1501804800
672,760,4.0,1509062400
673,371,4.0,1398124800
673,794,4.0,1398902400
673,451,4.0,1415059200
673,474,5.0,1415836800
674,644,5.0,1469404800
674,337,4.0,1477958400
674,653,5.0,1482192000
674,476,5.0,1488326400
674,302,2.0,1490659200
674,614,1.0,1490659200
674,400,4.0,1494979200
674,607,4.0,1494979200
674,540,4.0,1495411200
674,245,5.0,1501286400
674,394,4.0,1501286400
674,693,5.0,1501286400
674,281,4.0,1508284800
674,104,4.0,1512604800
675,670,5.0,1384992000
675,219,4.0,1449273600
675,166,4.0,1467763200
676,667,4.0,1440892800
676,762,5.0,1441929600
676,492,4.0,1444780800
676,602,5.0,1445385600
676,367,4.0,1445472000
676,29,5.0,1446163200
676,427,5.0,1448409600
676,224,5.0,1448841600
676,276,5.0,1449619200
676,85,5.0,1467244800
676,590,5.0,1468368000
676,774,5.0,1472774400
676,28,4.0,1475539200
676,338,5.0,1475625600
676,772,5.0,1477526400
676,603,5.0,1478736000
676,757,5.0,1480982400
676,532,5.0,1482019200
676,342,5.0,1482796800
676,653,5.0,1483315200
676,49,5.0,1483401600
676,707,5.0,1484265600
676,74,5.0,1484697600
676,633,5.0,1485302400
676,441,5.0,1489190400
676,476,5.0,1489190400
676,818,5.0,1496188800
676,809,5.0,1498348800
677,6,4.0,1442620800
677,146,4.0,1442620800
677,232,4.0,1442620800
677,364,4.0,1442620800
677,407,4.0,1442620800
677,777,4.0,1442620800
678,794,3.0,1399507200
678,689,4.0,1412899200
678,124,5.0,1420848000
678,13,4.0,1435881600
678,635,3.0,1443312000
678,288,4.0,1445299200
678,409,5.0,1446163200
678,636,4.0,1449100800
678,274,4.0,1457308800
678,133,4.0,1458518400
678,85,5.0,1466899200
678,748,5.0,1469059200
678,268,5.0,1469232000
678,808,3.0,1499299200
678,724,5.0,1499385600
678,373,5.0,1502409600
678,11,5.0,1502496000
678,394,5.0,1502496000
678,599,5.0,1503100800
678,196,5.0,1511136000
678,775,5.0,1519430400
679,24,5.0,1441411200
679,737,4.0,1441411200
679,73,5.0,1457136000
679,424,5.0,1457136000
679,673,5.0,1460073600
680,277,5.0,1357171200
680,510,5.0,1357171200
680,539,5.0,1439596800
681,130,3.0,1371081600
681,95,5.0,1429660800
681,577,5.0,1445731200
681,134,4.0,1448582400
681,24,5.0,1453766400
681,408,4.0,1467417600
681,3,3.0,1469318400
681,268,4.0,1471219200
682,321,5.0,1415059200
682,771,4.0,1416355200
682,18,5.0,1445299200
682,331,5.0,1465084800
682,517,4.0,1465257600
682,177,3.0,1474156800
683,6,5.0,1407456000
683,146,5.0,1407456000
683,232,5.0,1407456000
683,364,5.0,1407456000
683,407,5.0,1407456000
683,777,5.0,1407456000
684,6,3.0,1418083200
684,146,3.0,1418083200
684,232,3.0,1418083200
684,364,3.0,1418083200
684,407,3.0,1418083200
684,777,3.0,1418083200
685,535,5.0,1415059200
685,235,3.0,1418256000
685,411,5.0,1445385600
685,604,3.0,1447804800
685,496,4.0,1450742400
685,721,3.0,1476835200
685,809,4.0,1490572800
686,6,1.0,1391731200
686,146,1.0,1391731200
686,232,1.0,1391731200
686,364,1.0,1391731200
686,407,1.0,1391731200
686,777,1.0,1391731200
687,504,4.0,1394841600
687,100,1.0,1406678400
687,191,5.0,1415318400
688,6,5.0,1380672000
688,146,5.0,1380672000
688,232,5.0,1380672000
688,364,5.0,1380672000
688,407,5.0,1380672000
688,777,5.0,1380672000
689,640,5.0,1403395200
689,638,5.0,1406505600
689,54,5.0,1430265600
689,427,5.0,1448409600
689,526,5.0,1493942400
690,360,5.0,1399939200
690,705,5.0,1432080000
690,566,5.0,1446422400
690,116,4.0,1446681600
690,755,5.0,1455840000
690,46,5.0,1507939200
690,245,5.0,1509667200
690,115,4.0,1511222400
691,194,5.0,1430784000
691,727,5.0,1445385600
691,602,5.0,1446163200
691,467,5.0,1447804800
691,759,5.0,1448236800
691,187,4.0,1466035200
691,226,5.0,1468713600
691,11,5.0,1514592000
692,124,4.0,1422316800
692,99,3.0,1432771200
692,522,4.0,1444348800
692,708,5.0,1455148800
692,141,3.0,1471219200
693,6,5.0,1462320000
693,146,5.0,1462320000
693,232,5.0,1462320000
693,364,5.0,1462320000
693,407,5.0,1462320000
693,777,5.0,1462320000
694,6,4.0,1417737600
694,146,4.0,1417737600
694,232,4.0,1417737600
694,364,4.0,1417737600
694,407,4.0,1417737600
694,777,4.0,1417737600
695,462,4.0,1431043200
695,821,4.0,1431043200
695,422,5.0,1457049600
695,339,5.0,1458172800
695,216,4.0,1466467200
695,747,5.0,1467072000
695,688,5.0,1468022400
695,141,4.0,1468454400
695,97,5.0,1482451200
695,245,5.0,1497744000
695,599,5.0,1497744000
696,487,5.0,1430092800
696,688,5.0,1471219200
696,402,2.0,1490400000
696,46,5.0,1500940800
696,394,5.0,1500940800
697,541,3.0,1410220800
697,57,5.0,1415923200
697,155,3.0,1442361600
697,411,3.0,1445817600
698,6,5.0,1510185600
698,146,5.0,1510185600
698,232,5.0,1510185600
698,364,5.0,1510185600
698,407,5.0,1510185600
698,777,5.0,1510185600
699,84,5.0,1397692800
699,565,5.0,1397692800
699,77,5.0,1415923200
699,293,5.0,1428624000
699,466,5.0,1428624000
699,233,5.0,1429142400
699,212,5.0,1429660800
699,430,5.0,1429660800
699,403,5.0,1430697600
699,113,5.0,1430784000
699,100,5.0,1431907200
699,802,5.0,1432425600
699,79,5.0,1434067200
699,485,5.0,1434412800
699,151,5.0,1447286400
699,434,5.0,1447286400
700,95,5.0,1429574400
700,194,5.0,1431043200
700,533,5.0,1458172800
700,281,4.0,1460505600
700,666,4.0,1466208000
700,28,4.0,1474588800
701,425,3.0,1442448000
701,201,4.0,1445904000
701,645,4.0,1446249600
701,411,2.0,1447027200
701,546,2.0,1474675200
701,28,4.0,1475625600
701,307,4.0,1486598400
702,398,3.0,1388448000
702,239,5.0,1417910400
702,16,4.0,1434067200
703,6,3.0,1420588800
703,146,3.0,1420588800
703,232,3.0,1420588800
703,364,3.0,1420588800
703,407,3.0,1420588800
703,777,3.0,1420588800
704,89,5.0,1351555200
704,790,5.0,1395878400
704,791,5.0,1403049600
704,562,5.0,1407628800
704,459,5.0,1413763200
704,803,5.0,1414800000
704,473,5.0,1415664000
704,719,5.0,1429920000
704,209,5.0,1431129600
704,9,4.0,1445040000
704,93,5.0,1445990400
704,344,5.0,1446076800
704,604,5.0,1446508800
704,759,5.0,1448064000
704,313,3.0,1448496000
704,190,4.0,1448755200
704,323,4.0,1449792000
704,656,5.0,1457827200
704,426,4.0,1459036800
704,4,3.0,1460246400
704,767,5.0,1460678400
704,43,5.0,1472947200
704,142,5.0,1477699200
704,352,5.0,1483228800
704,49,4.0,1483401600
704,707,5.0,1484611200
704,602,4.0,1484697600
704,452,5.0,1485648000
704,580,2.0,1489536000
704,739,3.0,1493251200
704,772,3.0,1496534400
704,394,3.0,1498521600
704,316,4.0,1502582400
704,534,5.0,1502841600
704,743,5.0,1521244800
704,458,4.0,1524873600
705,175,4.0,1415836800
705,811,5.0,1417824000
705,367,3.0,1445299200
705,288,5.0,1445904000
705,93,4.0,1446422400
705,612,4.0,1466640000
705,590,4.0,1468972800
705,21,4.0,1473033600
705,602,4.0,1487808000
705,443,4.0,1488240000
705,419,4.0,1491523200
705,365,4.0,1492473600
705,309,5.0,1494028800
705,739,5.0,1497571200
705,724,5.0,1499904000
705,342,4.0,1500336000
705,245,5.0,1501286400
705,11,4.0,1516838400
705,51,4.0,1517875200
706,58,5.0,1297814400
706,200,4.0,1423180800
706,44,5.0,1424044800
706,755,5.0,1457049600
706,728,2.0,1460073600
706,217,5.0,1486252800
706,196,5.0,1526515200
706,81,4.0,1526688000
706,348,5.0,1526688000
706,11,5.0,1526774400
706,195,5.0,1526774400
706,373,5.0,1526774400
706,375,4.0,1526774400
706,394,5.0,1526774400
706,599,5.0,1526774400
706,8,5.0,1526860800
707,205,4.0,1404777600
707,638,3.0,1404777600
707,96,4.0,1411257600
708,231,5.0,1416960000
708,114,5.0,1453248000
708,349,5.0,1453248000
709,212,5.0,1397174400
709,293,5.0,1397174400
709,485,3.0,1397174400
710,20,4.0,1427328000
710,227,4.0,1427328000
710,438,4.0,1427328000
710,510,4.0,1427328000
710,539,4.0,1427328000
710,575,5.0,1427328000
710,689,4.0,1427328000
710,765,4.0,1427328000
711,30,4.0,1429747200
711,577,5.0,1445299200
711,636,4.0,1448323200
711,521,5.0,1464220800
711,830,5.0,1487635200
711,419,4.0,1490313600
711,46,2.0,1514505600
712,360,4.0,1399939200
712,137,3.0,1421884800
712,414,3.0,1461024000
713,138,4.0,1391385600
713,507,2.0,1391385600
713,685,4.0,1414886400
714,520,5.0,1391472000
714,87,4.0,1398729600
714,640,3.0,1402272000
714,780,5.0,1407628800
714,33,5.0,1423958400
714,165,4.0,1449187200
714,786,4.0,1459123200
714,335,5.0,1467417600
714,731,5.0,1481068800
714,515,5.0,1482105600
714,352,5.0,1482364800
714,365,5.0,1487894400
714,476,5.0,1490918400
714,809,5.0,1493078400
714,732,5.0,1499644800
714,753,5.0,1499904000
714,373,3.0,1499990400
714,394,4.0,1501632000
714,245,4.0,1503014400
714,11,3.0,1503273600
714,693,5.0,1504656000
714,461,4.0,1514332800
714,530,5.0,1524441600
714,619,5.0,1524614400
714,458,5.0,1524787200
714,468,4.0,1525910400
714,455,5.0,1526947200
714,211,5.0,1528070400
715,576,4.0,1419120000
715,470,3.0,1445299200
715,323,3.0,1450569600
715,28,4.0,1475452800
716,648,5.0,1423180800
716,114,4.0,1519171200
716,349,4.0,1519171200
717,806,5.0,1381536000
717,483,3.0,1415664000
717,95,3.0,1430352000
717,667,4.0,1439424000
717,492,3.0,1444867200
717,533,4.0,1458172800
717,370,4.0,1458777600
717,612,4.0,1465776000
717,28,4.0,1474934400
717,432,4.0,1480291200
717,74,2.0,1484956800
717,476,4.0,1489536000
717,818,3.0,1491264000
717,400,5.0,1491868800
717,607,5.0,1491868800
717,245,4.0,1498003200
718,371,3.0,1397692800
718,289,4.0,1418688000
718,717,2.0,1419984000
718,368,3.0,1424563200
718,592,1.0,1433894400
718,522,5.0,1443657600
719,89,4.0,1407888000
719,556,3.0,1438905600
719,331,3.0,1484870400
720,114,5.0,1500422400
720,349,5.0,1500422400
720,60,4.0,1504656000
720,158,4.0,1504656000
720,500,5.0,1504656000
721,6,4.0,1441929600
721,146,4.0,1441929600
721,232,4.0,1441929600
721,364,4.0,1441929600
721,407,4.0,1441929600
721,777,4.0,1441929600
722,598,5.0,1459814400
722,413,3.0,1466640000
722,318,5.0,1475020800
722,415,4.0,1479081600
722,653,3.0,1482192000
722,11,4.0,1498694400
722,599,4.0,1498694400
723,794,3.0,1400284800
723,805,3.0,1400284800
723,684,4.0,1448323200
723,312,4.0,1452643200
723,433,5.0,1460073600
723,720,4.0,1470787200
723,611,2.0,1477958400
724,391,5.0,1415836800
724,289,5.0,1418688000
724,545,5.0,1430092800
724,224,5.0,1448755200
725,142,4.0,1493856000
725,436,5.0,1497139200
725,394,4.0,1498348800
725,86,5.0,1503619200
725,313,5.0,1504915200
725,196,5.0,1510531200
726,387,5.0,1484092800
726,683,5.0,1484092800
726,84,3.0,1509408000
726,173,5.0,1511136000
726,285,5.0,1511136000
726,640,5.0,1511136000
727,594,5.0,1430870400
727,635,4.0,1443916800
727,34,3.0,1487635200
727,245,5.0,1497571200
727,11,5.0,1499817600
727,373,5.0,1500336000
727,127,4.0,1502064000
727,142,4.0,1502841600
727,313,5.0,1505001600
727,637,5.0,1509840000
728,260,3.0,1455062400
728,488,5.0,1455235200
728,333,4.0,1456099200
729,236,5.0,1389139200
729,395,4.0,1394409600
729,663,3.0,1398211200
729,564,4.0,1414800000
729,645,4.0,1445385600
729,276,2.0,1447977600
729,107,4.0,1467504000
729,688,4.0,1469404800
729,546,4.0,1474070400
729,337,3.0,1474243200
729,45,3.0,1486425600
730,6,4.0,1368576000
730,232,4.0,1368576000
730,364,4.0,1368576000
730,407,4.0,1368576000
731,510,5.0,1357516800
731,236,5.0,1390780800
731,791,3.0,1402272000
731,406,5.0,1413849600
732,363,5.0,1372204800
732,840,2.0,1391126400
732,96,5.0,1409788800
732,162,4.0,1440028800
732,34,3.0,1445040000
732,142,5.0,1445558400
732,68,3.0,1457827200
733,227,4.0,1439251200
733,509,5.0,1439251200
733,256,5.0,1442793600
734,6,5.0,1385078400
734,146,5.0,1385078400
734,232,5.0,1385078400
734,364,5.0,1385078400
734,407,5.0,1385078400
734,777,5.0,1385078400
735,704,3.0,1414886400
735,474,4.0,1415750400
735,722,4.0,1442188800
735,201,3.0,1443139200
735,779,5.0,1445558400
735,656,3.0,1457827200
735,281,4.0,1460592000
735,505,4.0,1463616000
735,612,4.0,1466121600
735,310,4.0,1472688000
736,89,4.0,1358726400
736,840,3.0,1391040000
736,112,5.0,1402444800
736,638,5.0,1404259200
736,626,5.0,1444176000
736,652,4.0,1457481600
736,763,5.0,1478649600
736,452,5.0,1482883200
736,393,4.0,1489017600
736,159,5.0,1493078400
736,436,5.0,1497398400
736,11,4.0,1497744000
736,394,5.0,1498262400
736,245,5.0,1499385600
737,6,5.0,1399075200
737,146,5.0,1399075200
737,232,5.0,1399075200
737,364,5.0,1399075200
737,407,5.0,1399075200
737,777,5.0,1399075200
738,716,4.0,1392422400
738,203,3.0,1430352000
738,831,4.0,1443916800
739,448,5.0,1398124800
739,694,3.0,1408665600
739,545,5.0,1429574400
739,501,3.0,1431388800
739,569,4.0,1436227200
739,249,3.0,1458086400
739,176,5.0,1460332800
739,666,3.0,1466035200
739,721,3.0,1476316800
739,365,3.0,1487030400
739,182,1.0,1488412800
739,394,4.0,1498003200
739,724,4.0,1498089600
739,808,2.0,1498089600
740,321,4.0,1416528000
740,576,5.0,1421193600
740,263,4.0,1427414400
740,183,5.0,1443398400
740,452,4.0,1488931200
740,92,5.0,1506470400
741,88,1.0,1375056000
741,520,4.0,1393459200
741,840,1.0,1393459200
741,312,4.0,1452211200
742,209,5.0,1430611200
742,618,3.0,1433548800
742,772,4.0,1476835200
742,526,5.0,1489017600
742,373,4.0,1497916800
742,599,4.0,1500422400
742,186,5.0,1524441600
743,829,3.0,1371686400
743,360,5.0,1400630400
743,174,5.0,1401148800
743,66,5.0,1412985600
743,57,5.0,1414454400
743,784,5.0,1415404800
743,557,4.0,1416096000
743,93,3.0,1446163200
743,573,3.0,1460937600
743,161,5.0,1461024000
743,392,5.0,1483401600
743,152,4.0,1492387200
743,431,4.0,1492387200
744,6,5.0,1445126400
744,146,5.0,1445126400
744,232,5.0,1445126400
744,364,5.0,1445126400
744,407,5.0,1445126400
744,777,5.0,1445126400
745,565,5.0,1394064000
745,382,3.0,1401667200
745,84,5.0,1402012800
745,6,4.0,1414108800
745,146,4.0,1414108800
745,232,4.0,1414108800
745,364,4.0,1414108800
745,407,4.0,1414108800
745,777,4.0,1414108800
746,507,2.0,1391817600
746,495,4.0,1423958400
746,183,3.0,1443657600
746,37,4.0,1457395200
747,805,2.0,1382313600
747,46,2.0,1393977600
747,100,5.0,1398124800
747,403,3.0,1398124800
748,0,5.0,1386720000
748,236,4.0,1389312000
748,448,4.0,1399852800
748,174,4.0,1400544000
748,572,4.0,1403395200
748,689,4.0,1413331200
748,704,4.0,1414886400
748,648,4.0,1415836800
748,717,4.0,1418601600
748,676,4.0,1445212800
748,288,3.0,1445990400
748,350,3.0,1445990400
748,524,4.0,1448928000
748,838,4.0,1452643200
748,475,3.0,1452816000
748,416,4.0,1453248000
748,755,5.0,1456358400
748,533,5.0,1457913600
748,656,4.0,1458432000
748,176,4.0,1460419200
748,799,4.0,1463616000
748,718,4.0,1467763200
748,3,3.0,1469145600
748,351,4.0,1469145600
748,751,3.0,1469664000
748,358,5.0,1472601600
748,237,5.0,1472860800
748,310,5.0,1472947200
748,318,5.0,1472947200
748,744,5.0,1473206400
748,12,4.0,1473465600
748,27,4.0,1477440000
748,679,4.0,1478736000
748,352,4.0,1481241600
748,602,5.0,1483488000
748,354,4.0,1485216000
748,82,4.0,1486684800
748,476,5.0,1487030400
748,818,4.0,1488585600
748,377,4.0,1489017600
748,390,5.0,1491868800
748,181,5.0,1493164800
748,34,4.0,1495065600
748,808,2.0,1497139200
748,732,5.0,1498694400
748,603,4.0,1503619200
749,0,5.0,1439424000
749,173,5.0,1439424000
749,440,5.0,1439424000
750,472,4.0,1390608000
750,672,4.0,1420761600
750,341,4.0,1437609600
750,480,4.0,1464048000
750,27,5.0,1477440000
750,404,5.0,1482019200
750,497,5.0,1493510400
751,6,3.0,1392595200
751,146,3.0,1392595200
751,232,3.0,1392595200
751,364,3.0,1392595200
751,407,3.0,1392595200
751,777,3.0,1392595200
752,6,5.0,1403827200
752,232,5.0,1403827200
752,364,5.0,1403827200
752,407,5.0,1403827200
753,554,3.0,1399248000
753,613,3.0,1438387200
753,744,3.0,1473120000
753,679,3.0,1483401600
753,633,3.0,1485216000
753,42,3.0,1487289600
753,373,5.0,1500336000
753,248,4.0,1526601600
753,739,3.0,1527552000
753,497,4.0,1528070400
753,223,5.0,1528156800
754,60,5.0,1476144000
754,158,5.0,1476144000
754,628,2.0,1497052800
755,6,5.0,1411084800
755,146,5.0,1411084800
755,232,5.0,1411084800
755,364,5.0,1411084800
755,407,5.0,1411084800
755,777,5.0,1411084800
756,221,5.0,1438992000
756,311,1.0,1492560000
756,60,5.0,1520208000
756,158,5.0,1520208000
757,14,4.0,1432512000
757,336,4.0,1443830400
757,573,3.0,1458950400
757,253,3.0,1493596800
757,599,3.0,1498608000
757,677,3.0,1502928000
758,65,4.0,1393718400
758,498,4.0,1393718400
758,57,4.0,1414972800
758,328,4.0,1431043200
758,592,4.0,1433289600
758,343,5.0,1442966400
758,492,4.0,1444953600
758,142,4.0,1446163200
758,274,5.0,1457481600
758,148,3.0,1457913600
758,480,5.0,1465084800
758,697,4.0,1483747200
758,167,4.0,1493078400
758,394,3.0,1498953600
758,34,3.0,1505692800
759,64,3.0,1393286400
759,366,4.0,1417910400
759,454,4.0,1461369600
760,228,2.0,1410393600
760,690,5.0,1415923200
760,449,4.0,1445385600
760,566,5.0,1446336000
760,633,2.0,1485907200
760,245,3.0,1499385600
760,599,5.0,1499385600
760,127,3.0,1505606400
760,394,5.0,1505606400
760,385,3.0,1524441600
761,716,5.0,1392249600
761,715,5.0,1405900800
761,199,4.0,1423094400
761,339,5.0,1458259200
761,19,4.0,1463961600
762,535,4.0,1414886400
762,429,3.0,1416441600
762,124,3.0,1421452800
762,194,3.0,1430352000
762,336,2.0,1442361600
762,344,3.0,1446076800
762,281,3.0,1460592000
762,388,4.0,1466985600
763,89,5.0,1366416000
763,536,2.0,1372204800
763,406,4.0,1413331200
763,797,5.0,1415232000
763,815,3.0,1415836800
763,262,5.0,1424304000
763,463,5.0,1428019200
763,719,5.0,1430784000
763,594,5.0,1431648000
763,142,5.0,1447286400
763,274,5.0,1456531200
763,176,5.0,1461110400
763,85,4.0,1466899200
763,517,5.0,1467331200
763,747,3.0,1468108800
763,337,5.0,1473897600
764,267,5.0,1493510400
764,277,5.0,1493510400
764,464,5.0,1493510400
764,660,5.0,1493510400
765,315,4.0,1423699200
765,529,5.0,1443225600
765,623,5.0,1446681600
765,165,4.0,1447891200
765,93,5.0,1449705600
765,799,5.0,1465257600
766,179,4.0,1362355200
766,746,4.0,1403481600
766,265,2.0,1447113600
766,118,4.0,1474243200
767,58,5.0,1288569600
767,257,3.0,1393372800
767,411,2.0,1446681600
767,767,5.0,1460073600
767,153,4.0,1460937600
767,132,4.0,1463443200
768,267,3.0,1449100800
768,539,2.0,1449100800
768,765,2.0,1449100800
768,796,2.0,1449100800
769,642,5.0,1466899200
769,91,5.0,1514505600
769,692,5.0,1516665600
770,261,1.0,1420416000
770,38,5.0,1424563200
770,681,3.0,1424563200
770,689,2.0,1424563200
771,722,5.0,1442448000
771,344,4.0,1447113600
771,273,4.0,1449014400
771,713,5.0,1485561600
771,402,3.0,1489449600
771,342,5.0,1493942400
771,34,5.0,1496620800
772,525,5.0,1291161600
772,228,5.0,1409875200
772,771,3.0,1416268800
772,717,5.0,1417651200
772,56,3.0,1422489600
772,199,5.0,1422489600
772,384,3.0,1422489600
772,44,3.0,1422835200
772,200,4.0,1422835200
772,495,3.0,1423440000
772,173,5.0,1426204800
772,263,5.0,1426204800
772,308,4.0,1433462400
772,442,4.0,1445212800
772,170,5.0,1445731200
772,276,5.0,1447977600
772,1,5.0,1455062400
772,36,5.0,1455667200
772,454,4.0,1457654400
772,656,5.0,1457654400
772,370,4.0,1458086400
772,399,4.0,1458086400
772,180,5.0,1458691200
772,128,4.0,1459555200
772,335,4.0,1466726400
772,420,3.0,1467849600
772,359,5.0,1468800000
772,655,4.0,1474934400
772,696,5.0,1479168000
772,352,5.0,1480550400
772,671,5.0,1480896000
772,732,5.0,1480982400
772,74,4.0,1484524800
772,34,4.0,1487203200
772,303,4.0,1489363200
772,783,4.0,1489622400
772,40,4.0,1492473600
772,181,2.0,1492732800
772,282,5.0,1493078400
772,540,4.0,1493596800
772,342,3.0,1494201600
772,142,5.0,1495065600
772,197,3.0,1501718400
772,677,5.0,1501718400
772,637,5.0,1509494400
773,6,5.0,1404691200
773,146,5.0,1404691200
773,232,5.0,1404691200
773,364,5.0,1404691200
773,407,5.0,1404691200
773,777,5.0,1404691200
774,667,2.0,1439510400
774,238,3.0,1457740800
774,526,5.0,1491696000
775,536,2.0,1372636800
775,794,4.0,1400112000
775,710,3.0,1404086400
775,162,2.0,1440547200
775,820,3.0,1446422400
775,329,5.0,1451260800
775,573,4.0,1458345600
775,133,4.0,1458604800
775,679,4.0,1479168000
775,300,4.0,1483833600
775,247,4.0,1503187200
775,313,4.0,1508198400
776,841,3.0,1490486400
776,772,5.0,1494806400
776,373,2.0,1500249600
776,223,4.0,1504569600
777,489,3.0,1375401600
777,378,1.0,1411171200
777,704,5.0,1415059200
777,784,5.0,1415664000
777,384,1.0,1422921600
777,14,4.0,1431129600
777,496,4.0,1448409600
777,5,5.0,1450137600
778,134,2.0,1448496000
778,304,4.0,1508976000
778,10,4.0,1522454400
779,672,4.0,1420675200
779,513,4.0,1430092800
779,73,4.0,1431561600
779,424,4.0,1431561600
779,250,3.0,1445644800
779,353,4.0,1472083200
779,591,4.0,1473206400
779,240,3.0,1483401600
779,159,4.0,1493078400
779,599,5.0,1498521600
779,712,4.0,1503187200
779,10,5.0,1522195200
780,680,5.0,1424044800
780,624,4.0,1459468800
780,632,5.0,1484870400
780,373,4.0,1498089600
780,245,4.0,1499126400
781,6,1.0,1375056000
781,146,1.0,1375056000
781,232,1.0,1375056000
781,364,1.0,1375056000
781,407,1.0,1375056000
781,777,1.0,1375056000
782,112,3.0,1400457600
782,805,5.0,1400457600
782,787,4.0,1401580800
782,69,5.0,1414800000
782,473,5.0,1415404800
782,34,2.0,1445299200
782,598,1.0,1460419200
782,679,4.0,1478908800
782,247,4.0,1503878400
782,637,5.0,1511827200
783,65,3.0,1395273600
783,771,4.0,1418860800
783,137,5.0,1421452800
783,409,4.0,1444867200
783,288,5.0,1445212800
784,6,5.0,1405641600
784,146,5.0,1405641600
784,232,5.0,1405641600
784,364,5.0,1405641600
784,407,5.0,1405641600
784,777,5.0,1405641600
785,6,1.0,1412553600
785,146,1.0,1412553600
785,232,1.0,1412553600
785,364,1.0,1412553600
785,407,1.0,1412553600
785,777,1.0,1412553600
786,330,5.0,1394582400
786,59,4.0,1419120000
786,487,3.0,1430524800
786,618,3.0,1434672000
786,165,3.0,1447113600
786,659,5.0,1447459200
786,524,4.0,1449705600
787,510,5.0,1329696000
787,806,1.0,1380153600
787,554,5.0,1391990400
787,356,5.0,1413244800
787,66,5.0,1414022400
787,251,4.0,1417651200
787,578,4.0,1417651200
787,366,2.0,1420156800
787,810,5.0,1436745600
787,835,5.0,1437177600
787,582,5.0,1437436800
787,322,5.0,1440806400
787,558,5.0,1440892800
787,367,4.0,1444262400
787,35,5.0,1445126400
787,201,5.0,1445731200
787,350,5.0,1448150400
787,32,5.0,1448236800
787,676,4.0,1449619200
787,804,5.0,1453075200
787,4,4.0,1459900800
787,505,5.0,1463616000
787,85,5.0,1467331200
787,202,4.0,1469145600
787,798,3.0,1471824000
787,432,5.0,1478649600
787,352,5.0,1482192000
787,732,4.0,1483056000
787,402,2.0,1489363200
787,686,5.0,1492128000
787,354,5.0,1492300800
787,739,5.0,1493164800
787,40,5.0,1493769600
787,373,5.0,1500681600
787,8,5.0,1503273600
787,92,2.0,1503360000
787,621,2.0,1503360000
787,223,4.0,1503532800
787,512,5.0,1504656000
788,6,5.0,1406592000
788,146,5.0,1406592000
788,232,5.0,1406592000
788,364,5.0,1406592000
788,407,5.0,1406592000
788,777,5.0,1406592000
789,6,5.0,1404691200
789,146,5.0,1404691200
789,232,5.0,1404691200
789,364,5.0,1404691200
789,407,5.0,1404691200
789,777,5.0,1404691200
790,520,4.0,1391212800
790,498,4.0,1392163200
790,189,2.0,1404086400
790,643,3.0,1416182400
790,771,3.0,1417824000
790,56,5.0,1423094400
790,368,4.0,1423440000
790,238,5.0,1460419200
790,297,3.0,1463184000
791,443,5.0,1485993600
791,373,5.0,1497225600
791,394,4.0,1500249600
791,801,4.0,1500249600
791,334,4.0,1503014400
791,637,4.0,1516060800
792,833,5.0,1475020800
792,6,5.0,1493510400
792,146,5.0,1493510400
792,232,5.0,1493510400
792,364,5.0,1493510400
792,407,5.0,1493510400
792,777,5.0,1493510400
793,649,3.0,1477267200
793,679,3.0,1478044800
793,275,4.0,1486080000
793,34,1.0,1486598400
793,476,5.0,1487289600
793,182,5.0,1488412800
793,142,5.0,1493942400
793,436,5.0,1497312000
793,31,1.0,1498003200
793,373,1.0,1498003200
793,46,5.0,1498521600
793,732,5.0,1498867200
794,805,3.0,1398643200
794,356,4.0,1413158400
794,66,4.0,1413763200
794,321,3.0,1415664000
794,557,3.0,1416268800
794,384,3.0,1422835200
794,545,4.0,1430870400
794,265,3.0,1446768000
794,664,3.0,1450828800
795,814,4.0,1398816000
795,266,3.0,1420675200
795,481,5.0,1430438400
796,6,5.0,1378512000
796,146,5.0,1378512000
796,232,5.0,1378512000
796,364,5.0,1378512000
796,407,5.0,1378512000
796,777,5.0,1378512000
797,541,4.0,1410134400
797,659,2.0,1445040000
797,350,3.0,1447200000
797,45,4.0,1487030400
798,170,4.0,1446076800
798,659,3.0,1448150400
798,548,4.0,1458259200
798,238,3.0,1460332800
799,784,5.0,1415404800
799,483,5.0,1416787200
799,816,2.0,1417910400
799,321,2.0,1417996800
799,48,4.0,1421020800
799,244,5.0,1431302400
800,205,3.0,1406419200
800,514,4.0,1445817600
800,274,5.0,1459036800
800,408,4.0,1467936000
801,581,5.0,1423785600
801,293,1.0,1487635200
801,301,1.0,1487635200
801,466,1.0,1487635200
802,138,4.0,1392595200
802,498,4.0,1392595200
802,257,5.0,1395273600
802,244,3.0,1438819200
802,487,5.0,1438819200
802,676,3.0,1445990400
803,840,2.0,1392681600
803,72,4.0,1393372800
803,448,3.0,1402358400
803,787,4.0,1402358400
803,59,5.0,1418774400
803,766,4.0,1420761600
803,433,3.0,1457481600
803,370,3.0,1458777600
803,47,3.0,1459036800
803,767,3.0,1460160000
803,413,2.0,1466726400
803,751,3.0,1468195200
803,732,5.0,1482969600
803,479,4.0,1488499200
803,104,5.0,1510704000
803,211,3.0,1524441600
803,530,5.0,1525046400
804,6,5.0,1376697600
804,146,5.0,1376697600
804,232,5.0,1376697600
804,364,5.0,1376697600
804,407,5.0,1376697600
804,777,5.0,1376697600
805,535,5.0,1415404800
805,784,5.0,1415404800
805,328,5.0,1431993600
805,823,5.0,1447027200
805,414,5.0,1458518400
805,561,5.0,1465948800
805,649,5.0,1477526400
805,818,5.0,1489190400
805,303,5.0,1489795200
805,641,5.0,1490227200
805,242,5.0,1491264000
805,40,5.0,1492732800
806,59,4.0,1418169600
806,381,5.0,1430006400
806,462,4.0,1430784000
806,821,4.0,1430784000
806,501,4.0,1431302400
807,475,1.0,1495670400
807,772,1.0,1495670400
807,804,1.0,1495670400
808,66,4.0,1413849600
808,179,4.0,1414368000
808,766,3.0,1420502400
808,514,5.0,1422489600
808,812,4.0,1422489600
808,225,1.0,1423008000
808,495,5.0,1423958400
808,341,4.0,1436659200
808,813,4.0,1444694400
808,29,5.0,1445212800
808,116,4.0,1445212800
808,265,5.0,1447286400
808,323,4.0,1448409600
808,224,4.0,1448582400
808,133,3.0,1458432000
808,171,5.0,1465171200
808,254,4.0,1465171200
808,215,4.0,1467072000
808,644,3.0,1467763200
808,141,5.0,1468108800
808,3,4.0,1468368000
808,202,5.0,1468540800
808,76,2.0,1468800000
808,192,3.0,1469577600
808,237,4.0,1473033600
808,358,4.0,1473033600
808,338,4.0,1475020800
808,721,3.0,1476230400
808,632,4.0,1485216000
808,11,4.0,1499644800
808,436,3.0,1499990400
808,67,3.0,1501545600
808,637,4.0,1509408000
808,768,4.0,1509840000
808,196,3.0,1515974400
809,6,5.0,1462579200
809,146,5.0,1462579200
809,232,5.0,1462579200
809,364,5.0,1462579200
809,407,5.0,1462579200
809,777,5.0,1462579200
810,64,5.0,1390867200
810,643,5.0,1417651200
810,137,3.0,1421798400
810,719,4.0,1431043200
810,613,3.0,1433289600
810,370,4.0,1458259200
810,133,3.0,1458345600
810,153,3.0,1460419200
810,132,5.0,1461369600
810,176,3.0,1461369600
810,149,3.0,1464480000
810,76,3.0,1468368000
810,531,4.0,1475107200
810,240,3.0,1484697600
810,307,4.0,1485216000
810,46,3.0,1497916800
810,281,5.0,1506988800
810,457,4.0,1508803200
810,325,4.0,1511049600
810,25,3.0,1523404800
811,833,5.0,1406678400
811,327,4.0,1439164800
811,344,4.0,1445212800
811,779,5.0,1445990400
811,294,5.0,1446163200
811,265,5.0,1447113600
811,664,5.0,1448409600
811,399,5.0,1457395200
811,652,4.0,1458000000
811,573,3.0,1458691200
811,246,4.0,1459814400
811,767,5.0,1460332800
811,413,4.0,1466208000
811,85,5.0,1466985600
811,192,4.0,1469318400
811,471,4.0,1470700800
811,365,3.0,1487203200
811,526,4.0,1488326400
811,841,4.0,1489708800
811,159,4.0,1492992000
811,40,4.0,1493337600
811,197,4.0,1502409600
811,760,5.0,1507507200
811,186,4.0,1524355200
812,307,5.0,1486512000
812,441,5.0,1486512000
812,713,5.0,1486684800
812,599,3.0,1498780800
812,115,4.0,1510963200
812,822,4.0,1511568000
812,186,5.0,1524441600
813,510,5.0,1386806400
813,554,5.0,1392336000
813,520,5.0,1393891200
813,356,4.0,1413331200
813,689,5.0,1415577600
813,660,5.0,1435795200
813,558,5.0,1437004800
813,464,4.0,1437436800
814,64,4.0,1393459200
814,840,4.0,1395273600
814,640,3.0,1403654400
814,791,3.0,1405382400
814,572,5.0,1408060800
815,520,4.0,1391040000
815,723,4.0,1397347200
815,771,3.0,1416441600
815,719,3.0,1430611200
815,167,5.0,1491350400
816,723,4.0,1396483200
816,694,5.0,1409270400
816,564,4.0,1414540800
816,125,5.0,1419292800
816,291,5.0,1420070400
816,578,5.0,1420156800
816,328,4.0,1431388800
816,727,4.0,1444262400
816,410,2.0,1444348800
816,116,3.0,1444780800
816,183,4.0,1445990400
816,676,1.0,1448150400
816,313,3.0,1449792000
816,250,4.0,1449878400
816,399,5.0,1457568000
816,612,3.0,1466380800
816,798,3.0,1470700800
816,353,4.0,1470873600
816,644,2.0,1471478400
816,778,5.0,1482624000
816,739,3.0,1489449600
816,484,5.0,1489795200
816,686,3.0,1492732800
816,40,3.0,1493078400
816,142,5.0,1495152000
816,436,3.0,1497571200
816,836,3.0,1502928000
816,373,4.0,1503878400
816,457,5.0,1513123200
817,679,3.0,1478736000
817,778,3.0,1478736000
817,697,4.0,1482969600
817,373,4.0,1498608000
817,245,5.0,1501891200
817,394,5.0,1501891200
817,197,5.0,1507939200
817,841,3.0,1508025600
818,6,5.0,1374710400
818,146,5.0,1374710400
818,232,5.0,1374710400
818,364,5.0,1374710400
818,407,5.0,1374710400
818,777,5.0,1374710400
819,6,2.0,1381795200
819,146,2.0,1381795200
819,232,2.0,1381795200
819,364,2.0,1381795200
819,407,2.0,1381795200
819,777,2.0,1381795200
820,6,3.0,1404864000
820,146,3.0,1404864000
820,232,3.0,1404864000
820,364,3.0,1404864000
820,407,3.0,1404864000
820,777,3.0,1404864000
821,98,4.0,1392854400
821,138,3.0,1392854400
821,554,2.0,1392854400
821,717,5.0,1418860800
821,322,5.0,1440547200
821,318,4.0,1474243200
821,119,4.0,1486252800
821,526,5.0,1488844800
821,152,5.0,1490659200
821,431,5.0,1490659200
821,309,4.0,1493251200
821,511,2.0,1497398400
821,168,2.0,1498953600
821,750,4.0,1498953600
821,11,4.0,1500076800
821,245,5.0,1500076800
821,373,4.0,1500076800
821,394,5.0,1500076800
821,127,5.0,1500595200
821,599,5.0,1501027200
821,247,4.0,1503360000
821,712,4.0,1503619200
822,470,5.0,1442448000
822,116,3.0,1445040000
822,250,5.0,1446336000
822,265,5.0,1447545600
822,205,5.0,1448928000
822,37,5.0,1455580800
822,230,5.0,1461369600
822,413,4.0,1465948800
822,343,5.0,1475798400
823,730,3.0,1421280000
823,33,2.0,1423526400
823,501,5.0,1431129600
823,308,5.0,1433462400
823,274,5.0,1457049600
823,426,4.0,1457654400
824,526,4.0,1489104000
824,11,4.0,1497830400
824,808,4.0,1498780800
824,245,5.0,1499299200
825,6,3.0,1399334400
825,146,3.0,1399334400
825,232,3.0,1399334400
825,364,3.0,1399334400
825,407,3.0,1399334400
825,777,3.0,1399334400
826,6,5.0,1371945600
826,146,5.0,1371945600
826,232,5.0,1371945600
826,364,5.0,1371945600
826,407,5.0,1371945600
826,777,5.0,1371945600
827,191,5.0,1474243200
827,74,5.0,1484352000
827,476,5.0,1487030400
827,164,4.0,1488499200
827,526,5.0,1488758400
827,386,5.0,1491091200
827,242,5.0,1491523200
827,309,5.0,1491523200
827,571,5.0,1491868800
827,394,4.0,1497830400
827,552,5.0,1497830400
827,732,5.0,1497830400
827,373,5.0,1498435200
827,724,5.0,1498435200
827,599,5.0,1498608000
828,6,5.0,1387843200
828,146,5.0,1387843200
828,232,5.0,1387843200
828,364,5.0,1387843200
828,407,5.0,1387843200
828,777,5.0,1387843200
829,179,4.0,1415145600
829,648,5.0,1415923200
829,771,1.0,1418256000
829,328,5.0,1430870400
830,603,3.0,1477526400
830,830,4.0,1482364800
830,750,4.0,1488931200
830,49,5.0,1493596800
831,289,4.0,1419724800
831,203,4.0,1430179200
831,513,4.0,1430179200
831,623,3.0,1446336000
831,133,4.0,1459555200
832,23,3.0,1375488000
832,209,5.0,1430784000
832,166,5.0,1464825600
832,302,4.0,1491177600
833,154,5.0,1358899200
833,73,5.0,1361577600
833,424,5.0,1361577600
834,172,3.0,1398556800
834,356,4.0,1414540800
834,276,4.0,1448064000
835,6,4.0,1369353600
835,146,4.0,1369353600
835,232,4.0,1369353600
835,364,4.0,1369353600
835,407,4.0,1369353600
835,537,5.0,1369353600
835,777,4.0,1369353600
836,788,5.0,1428710400
836,525,4.0,1441065600
836,70,4.0,1450137600
837,6,5.0,1401062400
837,146,5.0,1401062400
837,232,5.0,1401062400
837,364,5.0,1401062400
837,407,5.0,1401062400
837,777,5.0,1401062400
838,430,5.0,1423267200
838,233,5.0,1426464000
838,802,5.0,1426464000
839,6,4.0,1405641600
839,146,4.0,1405641600
839,232,4.0,1405641600
839,364,4.0,1405641600
839,407,4.0,1405641600
839,777,4.0,1405641600
840,818,4.0,1490659200
840,152,5.0,1491782400
840,302,5.0,1491782400
840,431,5.0,1491782400
841,64,4.0,1391990400
841,236,5.0,1391990400
841,472,3.0,1391990400
841,330,5.0,1396828800
841,746,2.0,1404259200
841,69,3.0,1416787200
841,811,5.0,1418428800
841,462,4.0,1430956800
841,821,4.0,1430956800
841,188,4.0,1432425600
841,13,1.0,1436918400
841,144,3.0,1446422400
841,294,5.0,1446940800
841,153,5.0,1463011200
842,670,4.0,1366329600
842,834,3.0,1366329600
842,769,3.0,1385251200
842,788,3.0,1385251200
843,194,4.0,1430697600
843,522,5.0,1444521600
843,142,4.0,1446163200
843,779,5.0,1447891200
843,465,4.0,1449705600
843,711,4.0,1455148800
843,389,5.0,1455753600
843,94,5.0,1458950400
843,26,5.0,1466640000
843,736,5.0,1471996800
843,531,5.0,1474934400
843,697,5.0,1482883200
843,343,3.0,1484179200
843,119,4.0,1485388800
844,314,3.0,1423094400
844,170,4.0,1444780800
844,636,4.0,1448409600
845,98,4.0,1395100800
845,541,4.0,1412121600
845,622,5.0,1415232000
845,48,5.0,1421366400
845,496,5.0,1448582400
845,219,3.0,1449878400
845,786,5.0,1459468800
845,351,5.0,1469318400
845,12,3.0,1474502400
845,484,5.0,1493942400
845,245,5.0,1498521600
845,373,5.0,1498521600
845,11,4.0,1498780800
845,123,5.0,1498780800
845,375,5.0,1498780800
845,394,5.0,1498780800
845,599,5.0,1498780800
846,295,5.0,1404345600
846,133,5.0,1472083200
846,168,5.0,1519084800
847,396,5.0,1404432000
847,446,2.0,1421452800
847,140,4.0,1430956800
847,114,3.0,1431734400
847,349,3.0,1431734400
847,84,4.0,1434499200
847,2,5.0,1439856000
847,196,2.0,1440892800
847,157,5.0,1446681600
847,319,5.0,1451174400
847,703,5.0,1451347200
847,552,5.0,1452297600
847,837,5.0,1462838400
848,72,4.0,1395273600
848,257,3.0,1395273600
848,330,4.0,1397606400
848,87,3.0,1400112000
848,663,3.0,1403136000
848,787,3.0,1403136000
848,710,5.0,1404691200
848,96,4.0,1411516800
848,815,5.0,1415750400
848,771,4.0,1418688000
848,137,4.0,1421107200
848,730,1.0,1421107200
848,513,5.0,1430265600
849,791,4.0,1403568000
849,811,4.0,1418169600
849,488,4.0,1455753600
850,152,5.0,1491004800
850,164,4.0,1491004800
850,431,5.0,1491004800
850,526,5.0,1491004800
850,182,5.0,1492041600
850,282,5.0,1494547200
850,245,4.0,1497830400
850,181,5.0,1499385600
850,197,5.0,1504310400
850,34,4.0,1514246400
850,115,4.0,1514592000
850,743,4.0,1521244800
851,114,1.0,1359676800
851,349,1.0,1359676800
851,178,5.0,1408752000
852,514,5.0,1445558400
852,442,4.0,1446163200
852,389,5.0,1455148800
853,661,5.0,1383955200
853,6,5.0,1400889600
853,146,5.0,1400889600
853,232,5.0,1400889600
853,364,5.0,1400889600
853,407,5.0,1400889600
853,777,5.0,1400889600
854,6,5.0,1413158400
854,146,5.0,1413158400
854,232,5.0,1413158400
854,364,5.0,1413158400
854,407,5.0,1413158400
854,777,5.0,1413158400
855,241,5.0,1394496000
855,568,3.0,1434931200
855,839,4.0,1441843200
855,332,5.0,1458259200
855,731,4.0,1478563200
855,696,5.0,1479340800
855,340,4.0,1480377600
855,515,5.0,1481500800
855,818,4.0,1489363200
856,20,4.0,1393372800
856,784,5.0,1415750400
856,687,5.0,1416441600
856,194,4.0,1432252800
856,297,4.0,1460678400
856,799,4.0,1463529600
856,720,4.0,1467590400
856,358,4.0,1473552000
856,204,3.0,1478217600
856,527,4.0,1480896000
856,11,5.0,1498780800
856,46,4.0,1499817600
856,373,3.0,1499817600
856,394,3.0,1499817600
856,540,4.0,1501718400
856,207,4.0,1504396800
856,245,4.0,1504396800
857,6,5.0,1470614400
857,146,5.0,1470614400
857,232,5.0,1470614400
857,364,5.0,1470614400
857,407,5.0,1470614400
857,777,5.0,1470614400
858,175,3.0,1415232000
858,695,4.0,1415232000
858,33,3.0,1438905600
858,567,3.0,1438905600
858,205,5.0,1448409600
858,149,3.0,1464652800
858,331,3.0,1465516800
858,671,5.0,1481068800
858,674,4.0,1489017600
858,11,4.0,1501372800
859,499,4.0,1404691200
859,811,5.0,1417910400
859,831,4.0,1445299200
859,93,4.0,1445385600
859,823,4.0,1445990400
859,602,3.0,1447286400
859,297,4.0,1461024000
859,26,5.0,1467417600
859,749,3.0,1475020800
859,555,4.0,1478563200
859,432,4.0,1479427200
859,795,5.0,1487635200
860,493,5.0,1414713600
860,797,5.0,1415750400
860,134,5.0,1448841600
860,97,2.0,1483315200
860,373,4.0,1498176000
861,204,4.0,1478563200
861,697,5.0,1483056000
861,785,5.0,1483488000
861,713,5.0,1488326400
862,486,4.0,1454198400
862,628,5.0,1454198400
862,758,4.0,1454198400
863,764,4.0,1423958400
863,615,4.0,1428278400
863,639,2.0,1445990400
864,99,4.0,1431129600
864,14,3.0,1432339200
864,623,5.0,1444867200
864,409,4.0,1446595200
865,771,5.0,1416355200
865,728,5.0,1457568000
865,200,3.0,1458000000
865,598,4.0,1459814400
865,555,5.0,1476921600
865,731,4.0,1478822400
865,97,5.0,1482710400
865,300,3.0,1483228800
865,243,5.0,1485216000
865,553,3.0,1487548800
865,160,5.0,1490054400
865,309,3.0,1491350400
865,497,5.0,1493337600
865,34,5.0,1494979200
865,599,5.0,1497916800
865,245,4.0,1499644800
865,394,4.0,1499644800
865,724,4.0,1499644800
865,836,5.0,1501372800
865,26,5.0,1509062400
865,768,4.0,1509235200
865,51,5.0,1511136000
866,635,5.0,1444176000
866,268,3.0,1470787200
866,245,4.0,1497744000
867,235,4.0,1417651200
867,636,4.0,1447977600
867,359,4.0,1472601600
868,806,3.0,1377302400
868,723,4.0,1393545600
868,235,4.0,1417651200
868,366,5.0,1419465600
868,503,5.0,1429833600
868,582,3.0,1436832000
868,667,2.0,1439596800
868,835,4.0,1439856000
868,810,5.0,1439942400
868,464,4.0,1440115200
868,322,4.0,1440288000
868,529,5.0,1443398400
868,367,4.0,1444089600
868,201,4.0,1444262400
868,29,5.0,1444867200
868,93,4.0,1445644800
868,427,4.0,1446681600
868,165,4.0,1448496000
868,116,4.0,1448668800
868,170,5.0,1448668800
868,659,4.0,1448668800
868,313,3.0,1448841600
869,65,5.0,1390435200
869,814,3.0,1396137600
869,491,4.0,1414972800
869,213,4.0,1415750400
869,410,5.0,1443312000
869,128,5.0,1458432000
869,85,5.0,1466985600
869,798,5.0,1468886400
869,555,5.0,1476230400
869,818,4.0,1485302400
869,307,5.0,1486080000
869,783,5.0,1488240000
869,608,5.0,1489881600
869,436,5.0,1496880000
869,245,1.0,1497225600
869,599,5.0,1498262400
869,86,5.0,1503446400
869,325,5.0,1511049600
869,115,5.0,1512345600
870,2,5.0,1329177600
870,806,4.0,1379376000
870,723,5.0,1393545600
870,241,5.0,1393891200
870,322,5.0,1436745600
870,823,5.0,1445731200
870,53,5.0,1446163200
870,828,5.0,1447545600
870,682,5.0,1457308800
870,412,4.0,1459123200
870,598,5.0,1459728000
870,555,5.0,1475798400
870,97,5.0,1482278400
870,713,3.0,1485648000
870,245,5.0,1497571200
870,394,4.0,1498003200
870,373,5.0,1498521600
870,693,5.0,1504137600
870,115,5.0,1511136000
870,691,5.0,1523318400
870,530,5.0,1524096000
871,525,5.0,1233878400
871,305,5.0,1285891200
871,602,3.0,1379116800
871,615,3.0,1428537600
871,481,3.0,1430179200
871,99,3.0,1431648000
872,27,4.0,1477440000
872,204,3.0,1479340800
872,49,5.0,1484179200
872,707,5.0,1484179200
872,602,5.0,1484611200
872,168,5.0,1487289600
872,526,3.0,1488585600
872,419,5.0,1490832000
872,152,5.0,1492041600
872,431,5.0,1492041600
872,782,5.0,1492041600
872,40,5.0,1495065600
872,739,5.0,1495065600
872,342,5.0,1495497600
872,123,4.0,1499472000
872,394,5.0,1500076800
872,207,4.0,1501977600
872,512,5.0,1501977600
872,142,3.0,1504310400
872,508,5.0,1507161600
872,147,5.0,1507766400
872,457,5.0,1511740800
872,15,5.0,1514073600
872,637,5.0,1514073600
872,468,5.0,1530921600
873,84,5.0,1456617600
873,565,5.0,1456617600
873,173,5.0,1468972800
874,6,5.0,1409097600
874,146,5.0,1409097600
874,232,5.0,1409097600
874,364,5.0,1409097600
874,407,5.0,1409097600
874,777,5.0,1409097600
875,542,2.0,1423440000
875,61,4.0,1436313600
875,826,5.0,1437523200
875,529,5.0,1440720000
875,9,5.0,1444867200
875,409,4.0,1444867200
875,602,5.0,1444867200
875,442,4.0,1445299200
875,645,4.0,1445299200
875,756,5.0,1445299200
875,34,5.0,1445472000
875,93,5.0,1445472000
875,280,4.0,1446163200
875,344,3.0,1446249600
875,250,5.0,1446336000
875,604,3.0,1447545600
875,418,4.0,1447891200
875,265,4.0,1448150400
875,190,5.0,1448496000
875,5,4.0,1449014400
875,475,4.0,1452902400
875,772,4.0,1452902400
875,755,5.0,1456963200
875,4,3.0,1461024000
875,388,5.0,1466294400
875,216,3.0,1466467200
875,603,4.0,1468540800
875,631,5.0,1468627200
875,237,4.0,1473465600
875,778,5.0,1480118400
875,830,4.0,1482537600
875,49,5.0,1482796800
875,707,5.0,1482796800
875,818,5.0,1490659200
875,553,4.0,1513036800
876,81,5.0,1466035200
876,248,5.0,1466035200
876,750,5.0,1525651200
877,88,2.0,1375660800
877,323,2.0,1448928000
877,748,3.0,1473465600
877,679,3.0,1479340800
877,275,3.0,1486080000
878,643,5.0,1417305600
878,756,2.0,1446249600
878,197,4.0,1502582400
879,600,1.0,1401235200
879,689,5.0,1428710400
879,256,5.0,1481068800
880,6,5.0,1368662400
880,232,5.0,1368662400
880,364,5.0,1368662400
880,407,5.0,1368662400
880,777,5.0,1368662400
881,515,5.0,1487635200
881,739,4.0,1496102400
881,552,5.0,1498780800
881,653,5.0,1499644800
882,257,4.0,1392768000
882,472,2.0,1392768000
882,112,5.0,1403049600
882,746,5.0,1405900800
882,57,5.0,1414540800
882,622,5.0,1414886400
882,643,2.0,1417564800
882,366,3.0,1419379200
882,672,5.0,1421452800
883,6,3.0,1406764800
883,146,3.0,1406764800
883,232,3.0,1406764800
883,364,3.0,1406764800
883,407,3.0,1406764800
883,777,3.0,1406764800
884,305,5.0,1294012800
884,82,4.0,1339545600
884,579,1.0,1363305600
884,730,3.0,1420243200
884,773,4.0,1420588800
884,48,2.0,1420761600
884,766,2.0,1421366400
884,278,4.0,1433030400
884,183,4.0,1443312000
884,593,5.0,1447718400
885,6,5.0,1384300800
885,146,5.0,1384300800
885,232,5.0,1384300800
885,364,5.0,1384300800
885,407,5.0,1384300800
885,777,5.0,1384300800
886,451,5.0,1414627200
886,200,3.0,1458345600
886,527,4.0,1478908800
887,6,5.0,1406332800
887,146,5.0,1406332800
887,232,5.0,1406332800
887,364,5.0,1406332800
887,407,5.0,1406332800
887,777,5.0,1406332800
888,510,5.0,1411344000
888,628,5.0,1411344000
888,6,5.0,1424822400
888,146,5.0,1424822400
888,232,5.0,1424822400
888,364,5.0,1424822400
888,407,5.0,1424822400
888,777,5.0,1424822400
889,174,4.0,1400112000
889,416,3.0,1453766400
889,598,5.0,1461369600
889,335,4.0,1468108800
889,192,4.0,1469491200
890,164,5.0,1488240000
890,393,3.0,1488758400
890,255,5.0,1490572800
890,686,4.0,1490918400
890,630,5.0,1492992000
890,709,5.0,1493683200
891,6,5.0,1453334400
891,146,5.0,1453334400
891,232,5.0,1453334400
891,364,5.0,1453334400
891,407,5.0,1453334400
891,777,5.0,1453334400
892,615,3.0,1428451200
892,667,4.0,1437782400
892,208,3.0,1443139200
892,566,4.0,1445990400
892,414,2.0,1458259200
893,803,4.0,1415491200
893,816,1.0,1416268800
893,505,4.0,1465948800
894,798,5.0,1471651200
894,404,3.0,1484179200
894,394,4.0,1505260800
895,0,5.0,1428364800
895,77,5.0,1428364800
895,486,5.0,1428364800
895,758,5.0,1428364800
896,639,5.0,1444953600
896,19,3.0,1463443200
896,799,5.0,1464393600
896,353,4.0,1470700800
896,298,4.0,1502236800
897,6,5.0,1414281600
897,146,5.0,1414281600
897,232,5.0,1414281600
897,364,5.0,1414281600
897,407,5.0,1414281600
897,777,5.0,1414281600
898,256,5.0,1472860800
898,510,5.0,1472860800
898,356,5.0,1475712000
898,227,5.0,1489449600
899,179,5.0,1414454400
899,27,4.0,1477526400
899,443,4.0,1485388800
899,365,4.0,1487548800
899,164,4.0,1488240000
899,127,3.0,1499990400
899,245,5.0,1499990400
899,394,5.0,1499990400
899,298,5.0,1501977600
899,86,4.0,1503705600
900,236,4.0,1389052800
900,803,4.0,1416614400
900,584,3.0,1432857600
900,308,4.0,1434585600
900,401,3.0,1436832000
900,382,3.0,1440720000
900,762,5.0,1443744000
900,645,4.0,1445990400
900,280,3.0,1448150400
900,429,4.0,1456876800
900,342,5.0,1467849600
900,388,3.0,1468713600
900,226,3.0,1469577600
900,602,5.0,1487808000
900,102,2.0,1491091200
900,181,3.0,1493078400
901,72,5.0,1391212800
901,764,4.0,1423008000
901,657,3.0,1423785600
902,446,5.0,1437696000
902,486,5.0,1437696000
902,758,5.0,1437696000
903,829,3.0,1373932800
903,472,3.0,1393804800
903,112,3.0,1401840000
903,797,4.0,1415836800
903,717,3.0,1419897600
903,184,4.0,1429833600
904,494,5.0,1394841600
904,670,5.0,1394841600
904,834,5.0,1438041600
905,378,5.0,1410307200
905,456,5.0,1429747200
905,278,4.0,1433289600
905,722,5.0,1442275200
905,18,5.0,1445644800
905,828,4.0,1446768000
905,708,1.0,1451865600
905,804,1.0,1453680000
905,521,4.0,1463702400
905,408,3.0,1466985600
905,603,1.0,1467849600
905,107,5.0,1468454400
905,590,3.0,1468627200
905,644,3.0,1469145600
905,268,5.0,1470182400
905,310,5.0,1473379200
905,343,4.0,1475625600
905,679,3.0,1479081600
905,795,4.0,1485820800
905,443,5.0,1486425600
905,377,5.0,1489190400
905,390,4.0,1493078400
905,46,5.0,1499385600
905,460,2.0,1502928000
905,637,5.0,1509148800
906,6,3.0,1455408000
906,146,3.0,1455408000
906,232,3.0,1455408000
906,364,3.0,1455408000
906,407,3.0,1455408000
906,777,3.0,1455408000
907,294,5.0,1445904000
907,75,4.0,1446163200
907,190,5.0,1448582400
907,219,4.0,1449100800
907,102,5.0,1449705600
907,312,4.0,1452297600
907,369,5.0,1479340800
907,763,5.0,1479340800
907,707,5.0,1482105600
907,45,4.0,1485648000
907,243,4.0,1485820800
907,402,3.0,1488153600
907,713,5.0,1488240000
907,526,5.0,1488326400
907,390,5.0,1492387200
907,739,5.0,1492646400
907,540,5.0,1492992000
907,630,5.0,1493510400
907,373,3.0,1497916800
907,599,5.0,1497916800
907,46,2.0,1499126400
907,92,5.0,1502582400
907,621,5.0,1502582400
907,325,5.0,1511308800
907,585,5.0,1523404800
907,186,2.0,1523923200
908,459,4.0,1413417600
908,454,4.0,1457568000
908,68,5.0,1457740800
908,785,5.0,1482278400
908,750,4.0,1486339200
908,119,5.0,1488240000
909,172,5.0,1403136000
909,586,5.0,1403136000
909,689,4.0,1413590400
909,764,4.0,1423699200
909,324,5.0,1442793600
909,524,5.0,1449964800
909,422,4.0,1459641600
909,177,4.0,1474243200
909,92,4.0,1508284800
909,621,4.0,1508284800
910,787,4.0,1398902400
910,595,5.0,1406592000
910,429,4.0,1417737600
910,184,4.0,1430092800
910,667,4.0,1437868800
910,372,4.0,1441411200
910,93,3.0,1445299200
910,422,3.0,1457222400
910,238,5.0,1457827200
910,215,3.0,1467763200
910,226,2.0,1468713600
910,310,4.0,1472947200
910,352,2.0,1482019200
911,6,5.0,1375488000
911,146,5.0,1375488000
911,232,5.0,1375488000
911,364,5.0,1375488000
911,407,5.0,1375488000
911,777,5.0,1375488000
912,6,5.0,1380931200
912,146,5.0,1380931200
912,232,5.0,1380931200
912,364,5.0,1380931200
912,407,5.0,1380931200
912,777,5.0,1380931200
913,690,5.0,1414713600
913,95,3.0,1430092800
913,810,4.0,1437177600
913,475,2.0,1452816000
913,3,3.0,1468195200
913,50,3.0,1486598400
913,373,2.0,1497398400
913,245,3.0,1497571200
913,92,5.0,1520726400
913,458,5.0,1524009600
913,468,5.0,1524268800
914,59,5.0,1418860800
914,34,3.0,1446681600
914,480,3.0,1465862400
914,365,2.0,1487116800
914,26,3.0,1509926400
914,115,3.0,1511395200
914,650,3.0,1511395200
915,194,5.0,1429920000
915,401,5.0,1438819200
915,344,3.0,1445817600
915,142,2.0,1447459200
915,604,5.0,1447459200
915,5,5.0,1448755200
915,624,4.0,1458086400
915,238,4.0,1458172800
915,426,4.0,1458691200
915,4,3.0,1459987200
915,281,4.0,1460505600
915,598,4.0,1461196800
915,413,4.0,1466035200
915,603,5.0,1468281600
915,744,5.0,1473897600
915,531,5.0,1474675200
915,343,4.0,1475280000
915,355,3.0,1477440000
915,649,5.0,1477526400
915,42,5.0,1485648000
915,841,4.0,1490486400
915,334,4.0,1502668800
915,650,5.0,1510876800
915,115,4.0,1511654400
916,536,4.0,1371427200
916,96,5.0,1410393600
916,493,5.0,1415491200
916,137,3.0,1421971200
917,716,4.0,1390608000
917,694,3.0,1408752000
917,48,4.0,1419984000
917,208,2.0,1444694400
917,659,4.0,1445299200
917,664,4.0,1447891200
917,573,4.0,1459987200
917,471,3.0,1470355200
917,108,3.0,1471046400
917,603,3.0,1479081600
917,830,3.0,1479513600
917,785,4.0,1482624000
917,404,3.0,1482883200
917,443,3.0,1486425600
917,526,4.0,1489536000
917,540,3.0,1494201600
917,195,4.0,1497830400
917,373,3.0,1498176000
917,394,4.0,1498176000
917,801,3.0,1498348800
917,46,5.0,1498780800
917,245,3.0,1498953600
917,599,4.0,1498953600
917,678,3.0,1520294400
918,400,3.0,1447459200
918,607,3.0,1447459200
918,349,1.0,1501804800
919,6,4.0,1387843200
919,146,4.0,1387843200
919,232,4.0,1387843200
919,364,4.0,1387843200
919,407,4.0,1387843200
919,777,4.0,1387843200
920,93,5.0,1485388800
920,169,5.0,1485388800
920,401,5.0,1485388800
920,676,5.0,1487289600
921,710,3.0,1403654400
921,209,5.0,1430611200
921,456,4.0,1431388800
921,165,3.0,1445472000
921,250,3.0,1446249600
921,465,3.0,1449964800
922,536,4.0,1371600000
922,559,4.0,1374883200
922,672,3.0,1420416000
922,764,5.0,1423008000
922,445,5.0,1432684800
922,667,3.0,1440288000
922,558,5.0,1442188800
922,155,3.0,1444176000
922,492,2.0,1444435200
922,272,5.0,1445558400
922,201,3.0,1445817600
922,372,3.0,1445817600
922,831,5.0,1447891200
922,32,4.0,1448064000
922,427,4.0,1448064000
922,639,5.0,1448928000
922,53,5.0,1449273600
922,602,5.0,1449273600
922,238,4.0,1457568000
922,133,5.0,1458259200
922,644,3.0,1471305600
922,392,4.0,1483920000
922,818,2.0,1486339200
923,245,5.0,1497830400
923,46,4.0,1512432000
923,33,4.0,1514937600
923,41,4.0,1518739200
923,186,5.0,1524355200
924,88,4.0,1376179200
924,257,4.0,1392249600
924,65,3.0,1393372800
924,794,5.0,1399334400
924,595,4.0,1409097600
924,643,4.0,1416009600
924,481,4.0,1430524800
924,639,5.0,1445299200
924,75,4.0,1446076800
924,593,4.0,1448928000
924,238,5.0,1457827200
924,598,5.0,1459987200
924,85,4.0,1467158400
924,107,5.0,1467936000
924,603,5.0,1468368000
924,590,4.0,1468886400
924,631,5.0,1469232000
924,338,4.0,1475452800
924,204,4.0,1478131200
924,679,4.0,1478995200
924,841,5.0,1490400000
925,236,5.0,1390262400
925,627,5.0,1390262400
925,564,4.0,1416096000
925,717,5.0,1418947200
925,739,5.0,1492819200
925,142,4.0,1493942400
925,245,3.0,1497484800
925,195,5.0,1497657600
925,373,2.0,1497657600
925,394,5.0,1498435200
925,131,5.0,1501372800
925,67,5.0,1502668800
926,112,4.0,1400112000
926,360,3.0,1400112000
926,710,4.0,1403049600
926,321,3.0,1415059200
926,162,3.0,1441238400
926,566,4.0,1445817600
927,687,3.0,1417996800
927,545,4.0,1430956800
927,203,3.0,1432166400
927,183,4.0,1443398400
927,265,4.0,1447804800
927,747,3.0,1468800000
927,268,4.0,1470787200
927,749,4.0,1475539200
927,841,5.0,1490054400
927,34,3.0,1495411200
928,615,5.0,1428624000
928,702,4.0,1433289600
928,529,5.0,1440720000
928,135,5.0,1445212800
928,205,5.0,1448582400
928,204,3.0,1478908800
929,6,5.0,1498262400
929,232,5.0,1498262400
929,364,5.0,1498262400
929,407,5.0,1498262400
929,777,5.0,1498262400
930,6,5.0,1391040000
930,114,5.0,1391040000
930,146,5.0,1391040000
930,232,5.0,1391040000
930,349,5.0,1391040000
930,364,5.0,1391040000
930,407,5.0,1391040000
930,777,5.0,1391040000
931,6,3.0,1400544000
931,146,3.0,1400544000
931,232,3.0,1400544000
931,364,3.0,1400544000
931,407,3.0,1400544000
931,777,3.0,1400544000
932,84,5.0,1365379200
932,6,5.0,1383609600
932,146,5.0,1383609600
932,232,5.0,1383609600
932,364,5.0,1383609600
932,407,5.0,1383609600
932,777,5.0,1383609600
933,188,4.0,1430784000
933,78,5.0,1436745600
933,781,5.0,1438128000
933,593,3.0,1448236800
933,219,3.0,1449446400
933,17,3.0,1465257600
933,408,3.0,1467590400
933,107,2.0,1468108800
933,226,2.0,1468800000
933,633,4.0,1485129600
933,119,3.0,1485475200
933,275,2.0,1486080000
933,795,3.0,1487203200
933,693,4.0,1497916800
933,334,3.0,1502409600
934,442,4.0,1445299200
934,591,3.0,1473120000
934,808,4.0,1496534400
935,794,4.0,1399420800
935,175,4.0,1415664000
935,811,5.0,1417996800
935,13,4.0,1434931200
936,483,2.0,1416787200
936,99,4.0,1431475200
936,604,4.0,1447891200
936,524,4.0,1449878400
936,838,5.0,1456876800
936,238,4.0,1462838400
936,27,4.0,1484265600
937,9,4.0,1452988800
937,752,4.0,1452988800
937,401,4.0,1456704000
938,368,5.0,1423353600
938,839,5.0,1441929600
938,134,5.0,1448064000
938,731,5.0,1478736000
938,443,5.0,1485302400
938,783,5.0,1488844800
939,710,5.0,1404086400
939,33,4.0,1438560000
939,567,4.0,1438560000
939,290,5.0,1445040000
939,467,4.0,1448582400
939,5,5.0,1449187200
939,666,2.0,1466121600
939,408,5.0,1467504000
939,107,4.0,1468022400
939,108,4.0,1469664000
939,27,5.0,1478131200
939,750,2.0,1485561600
939,526,2.0,1488758400
939,552,4.0,1498003200
939,599,4.0,1498003200
939,11,4.0,1498521600
939,245,4.0,1498521600
939,281,5.0,1502323200
939,512,5.0,1502496000
939,650,4.0,1511308800
940,408,5.0,1459900800
940,798,5.0,1464480000
940,215,5.0,1464566400
941,136,5.0,1366934400
941,834,5.0,1396569600
941,769,5.0,1429315200
942,6,4.0,1408579200
942,146,4.0,1408579200
942,232,4.0,1408579200
942,364,4.0,1408579200
942,407,4.0,1408579200
942,777,4.0,1408579200
943,471,5.0,1469404800
943,21,5.0,1472774400
943,721,5.0,1476403200
944,788,5.0,1257033600
944,220,5.0,1285200000
944,510,5.0,1291420800
944,374,5.0,1363132800
944,531,5.0,1366156800
944,446,5.0,1383091200
944,20,5.0,1390089600
944,478,5.0,1396656000
944,589,5.0,1396656000
944,448,4.0,1400284800
944,609,4.0,1403136000
944,791,3.0,1403136000
944,535,3.0,1414800000
944,564,4.0,1414886400
944,622,4.0,1415318400
944,69,4.0,1415491200
944,800,5.0,1420329600
944,44,3.0,1423094400
944,487,5.0,1430092800
944,209,4.0,1430784000
944,145,5.0,1436572800
944,341,5.0,1436572800
944,558,4.0,1438819200
944,336,4.0,1442102400
944,831,5.0,1442880000
944,294,4.0,1445731200
944,756,3.0,1445731200
944,116,5.0,1445990400
944,93,4.0,1446768000
944,102,5.0,1449014400
944,524,5.0,1449014400
944,772,5.0,1452902400
944,1,4.0,1456012800
944,128,5.0,1459209600
944,4,3.0,1462406400
944,166,5.0,1464566400
944,331,5.0,1464652800
944,26,4.0,1465344000
944,517,3.0,1465516800
944,117,5.0,1466812800
944,216,3.0,1466812800
944,215,4.0,1467244800
944,747,4.0,1467417600
944,3,4.0,1467763200
944,380,5.0,1468022400
944,408,4.0,1468022400
944,751,5.0,1468022400
944,141,4.0,1468368000
944,688,5.0,1468800000
944,226,4.0,1468972800
944,192,4.0,1469145600
944,108,4.0,1469318400
944,49,5.0,1482192000
944,707,4.0,1482451200
944,97,5.0,1483488000
944,392,4.0,1483488000
944,452,4.0,1483488000
944,602,5.0,1483488000
944,526,4.0,1488931200
944,182,4.0,1490313600
944,393,4.0,1490313600
944,553,4.0,1490572800
944,739,3.0,1496016000
944,11,5.0,1498694400
944,245,4.0,1498694400
944,342,4.0,1498694400
944,436,2.0,1498694400
944,599,4.0,1498694400
944,732,4.0,1498694400
944,512,5.0,1502323200
944,207,5.0,1502496000
944,677,5.0,1502496000
944,86,5.0,1503619200
944,457,5.0,1509753600
944,325,4.0,1510876800
944,147,3.0,1511568000
944,698,3.0,1528502400
945,790,3.0,1396137600
945,803,5.0,1414886400
945,773,3.0,1422748800
945,384,3.0,1423785600
945,545,4.0,1431216000
945,445,4.0,1433376000
945,327,4.0,1441324800
946,829,4.0,1371686400
946,87,2.0,1400025600
946,172,2.0,1400025600
946,787,4.0,1400025600
946,90,4.0,1402099200
946,597,4.0,1402099200
946,179,4.0,1414800000
946,803,4.0,1414800000
946,321,4.0,1415923200
946,680,4.0,1423440000
946,244,1.0,1431216000
946,155,2.0,1439164800
946,624,5.0,1457654400
946,561,5.0,1468454400
946,226,4.0,1468972800
946,644,3.0,1469232000
946,11,4.0,1498608000
946,375,4.0,1498608000
946,46,5.0,1498780800
946,123,4.0,1498780800
946,394,5.0,1498780800
946,373,4.0,1499644800
946,245,2.0,1501977600
946,247,4.0,1503446400
946,313,3.0,1504915200
947,87,5.0,1398816000
947,135,3.0,1444780800
947,639,4.0,1445644800
947,149,4.0,1463529600
947,480,3.0,1464739200
947,408,4.0,1467676800
947,798,4.0,1468886400
947,358,4.0,1473206400
947,841,5.0,1489622400
947,160,5.0,1489708800
947,519,5.0,1491177600
947,373,4.0,1497052800
947,316,5.0,1501804800
948,28,5.0,1475107200
948,649,5.0,1477440000
948,402,4.0,1488931200
948,686,5.0,1491264000
948,497,5.0,1493337600
948,375,5.0,1497398400
948,552,5.0,1497398400
948,245,5.0,1497657600
948,394,5.0,1498003200
948,207,5.0,1501632000
948,453,4.0,1512000000
949,489,4.0,1377043200
949,236,5.0,1388966400
949,241,3.0,1395619200
949,723,3.0,1395792000
949,321,4.0,1415318400
950,638,5.0,1403913600
950,643,4.0,1416268800
950,766,4.0,1420761600
950,265,5.0,1447804800
950,359,3.0,1470700800
950,355,5.0,1477526400
950,156,3.0,1486252800
950,185,5.0,1506297600
951,6,5.0,1405814400
951,146,5.0,1405814400
951,232,5.0,1405814400
951,364,5.0,1405814400
951,407,5.0,1405814400
951,777,5.0,1405814400
952,811,5.0,1418428800
952,449,5.0,1445558400
952,497,5.0,1494288000
953,794,3.0,1402272000
953,687,5.0,1416614400
953,548,4.0,1457568000
954,184,4.0,1429833600
954,636,3.0,1448582400
954,312,4.0,1452902400
954,573,3.0,1458864000
955,172,5.0,1398988800
955,794,5.0,1398988800
955,245,5.0,1499040000
956,667,2.0,1439510400
956,280,5.0,1445385600
956,823,3.0,1446249600
956,604,4.0,1447632000
956,684,5.0,1448409600
956,416,5.0,1453075200
956,107,2.0,1468195200
956,358,3.0,1474070400
956,340,3.0,1480291200
956,484,4.0,1489795200
956,599,4.0,1499817600
956,620,4.0,1511568000
956,800,4.0,1517616000
957,6,4.0,1379635200
957,146,4.0,1379635200
957,232,4.0,1379635200
957,364,4.0,1379635200
957,407,4.0,1379635200
957,777,4.0,1379635200
958,6,5.0,1397088000
958,146,5.0,1397088000
958,232,5.0,1397088000
958,364,5.0,1397088000
958,407,5.0,1397088000
958,777,5.0,1397088000
959,112,5.0,1400112000
959,535,5.0,1414886400
959,722,5.0,1443830400
960,803,4.0,1415145600
960,483,5.0,1416700800
960,266,5.0,1418860800
960,542,4.0,1423526400
960,188,5.0,1432166400
960,722,5.0,1444089600
960,170,4.0,1445385600
960,300,3.0,1485820800
960,697,5.0,1485820800
960,50,5.0,1488758400
961,804,5.0,1453680000
961,517,5.0,1465689600
961,785,5.0,1482969600
962,350,3.0,1445299200
962,573,4.0,1458000000
962,656,5.0,1458000000
962,176,5.0,1459900800
962,612,4.0,1470096000
962,519,4.0,1492905600
962,394,5.0,1498867200
963,0,1.0,1452902400
963,411,1.0,1457654400
963,281,1.0,1464480000
963,34,2.0,1482192000
963,649,4.0,1482192000
964,667,4.0,1440892800
964,135,4.0,1444780800
964,604,4.0,1445299200
964,344,4.0,1445558400
964,372,4.0,1445731200
964,449,4.0,1446163200
964,427,4.0,1448409600
965,6,5.0,1398816000
965,232,5.0,1398816000
965,364,5.0,1398816000
965,407,5.0,1398816000
966,739,3.0,1487462400
966,242,2.0,1491004800
966,253,2.0,1496102400
966,709,4.0,1496102400
966,394,3.0,1503792000
966,11,5.0,1503964800
966,245,3.0,1503964800
966,460,4.0,1507507200
967,805,4.0,1398384000
967,766,4.0,1420243200
967,735,5.0,1430265600
968,690,5.0,1415404800
968,687,5.0,1416182400
968,816,4.0,1416182400
968,272,5.0,1445731200
968,294,5.0,1445731200
968,176,5.0,1460160000
968,380,5.0,1469059200
969,6,5.0,1413244800
969,146,5.0,1413244800
969,232,5.0,1413244800
969,364,5.0,1413244800
969,407,5.0,1413244800
969,777,5.0,1413244800
970,572,5.0,1407801600
970,780,5.0,1409356800
970,263,3.0,1427673600
970,367,5.0,1445472000
970,201,4.0,1445817600
970,408,4.0,1466985600
970,798,4.0,1470268800
970,204,4.0,1478217600
970,400,4.0,1494633600
970,373,4.0,1504396800
970,476,4.0,1506124800
970,818,4.0,1506297600
970,549,5.0,1520380800
971,319,4.0,1444435200
971,60,5.0,1482710400
971,158,5.0,1482710400
972,23,4.0,1377043200
972,276,4.0,1447718400
972,548,5.0,1457827200
972,226,4.0,1469318400
972,359,4.0,1470009600
972,471,5.0,1470182400
972,164,5.0,1488412800
972,377,5.0,1488758400
972,526,4.0,1488844800
972,207,5.0,1502409600
973,6,5.0,1401753600
973,146,5.0,1401753600
973,232,5.0,1401753600
973,364,5.0,1401753600
973,407,5.0,1401753600
973,777,5.0,1401753600
974,6,5.0,1405036800
974,146,5.0,1405036800
974,232,5.0,1405036800
974,364,5.0,1405036800
974,407,5.0,1405036800
974,777,5.0,1405036800
975,803,5.0,1414972800
975,493,5.0,1415491200
975,672,5.0,1421280000
976,572,5.0,1409875200
976,644,3.0,1471996800
976,733,5.0,1492473600
976,809,5.0,1494720000
977,6,3.0,1371686400
977,146,3.0,1371686400
977,232,3.0,1371686400
977,364,3.0,1371686400
977,407,3.0,1371686400
977,777,3.0,1371686400
978,6,3.0,1403654400
978,146,3.0,1403654400
978,232,3.0,1403654400
978,364,3.0,1403654400
978,407,3.0,1403654400
978,777,3.0,1403654400
979,130,5.0,1371686400
979,600,5.0,1375315200
979,489,5.0,1377561600
979,93,5.0,1446163200
979,708,5.0,1452038400
979,652,4.0,1458000000
979,85,5.0,1467244800
980,6,2.0,1374537600
980,146,2.0,1374537600
980,232,2.0,1374537600
980,364,2.0,1374537600
980,407,2.0,1374537600
980,777,2.0,1374537600
981,806,3.0,1377648000
981,840,3.0,1391904000
981,716,5.0,1392508800
981,814,3.0,1396224000
981,487,4.0,1430092800
981,594,5.0,1431302400
981,184,3.0,1431734400
981,367,3.0,1443571200
981,183,5.0,1444089600
981,409,5.0,1445817600
981,480,4.0,1464307200
981,603,3.0,1468281600
981,423,3.0,1473897600
981,354,3.0,1486598400
981,123,5.0,1498521600
981,375,3.0,1498867200
981,599,4.0,1499472000
981,394,4.0,1499731200
981,115,4.0,1511568000
982,4,5.0,1460505600
982,441,5.0,1486512000
982,167,5.0,1490400000
982,152,5.0,1495238400
982,431,5.0,1495238400
982,31,3.0,1499126400
983,551,5.0,1416096000
983,717,5.0,1418860800
983,680,4.0,1423094400
983,33,3.0,1424995200
983,194,5.0,1430006400
983,726,3.0,1453852800
983,755,4.0,1457136000
983,653,5.0,1481932800
983,164,5.0,1488412800
983,402,2.0,1490745600
983,526,4.0,1493510400
983,92,3.0,1505779200
983,621,3.0,1505779200
984,6,5.0,1415836800
984,146,5.0,1415836800
984,232,5.0,1415836800
984,364,5.0,1415836800
984,407,5.0,1415836800
984,777,5.0,1415836800
985,236,4.0,1392681600
985,507,3.0,1392681600
985,520,4.0,1392681600
985,448,4.0,1403049600
985,462,3.0,1431129600
985,821,3.0,1431129600
985,759,5.0,1447632000
985,591,4.0,1472947200
985,441,4.0,1488412800
985,46,5.0,1497484800
985,375,4.0,1499472000
985,373,4.0,1500163200
985,245,3.0,1500508800
985,223,4.0,1503446400
985,152,3.0,1506816000
985,431,3.0,1506816000
985,394,3.0,1507334400
985,599,4.0,1507334400
986,6,3.0,1466121600
986,146,3.0,1466121600
986,232,3.0,1466121600
986,364,3.0,1466121600
986,407,3.0,1466121600
986,777,3.0,1466121600
987,641,5.0,1489968000
987,242,2.0,1491177600
987,142,3.0,1494460800
987,342,4.0,1494460800
987,394,4.0,1498003200
987,599,3.0,1498521600
987,281,3.0,1501113600
987,51,4.0,1511913600
988,717,3.0,1418515200
988,33,4.0,1441324800
988,567,4.0,1441324800
989,6,2.0,1379894400
989,146,2.0,1379894400
989,232,2.0,1379894400
989,364,2.0,1379894400
989,407,2.0,1379894400
989,777,2.0,1379894400
990,520,4.0,1391040000
990,498,4.0,1391299200
990,609,5.0,1402963200
990,474,5.0,1415923200
990,251,4.0,1417478400
990,366,4.0,1417651200
990,578,4.0,1417651200
990,125,4.0,1417824000
990,235,4.0,1418601600
990,288,5.0,1444867200
990,344,3.0,1445472000
990,29,5.0,1445904000
990,142,4.0,1446681600
990,170,4.0,1447286400
990,313,2.0,1447459200
990,411,2.0,1447632000
990,409,5.0,1447718400
990,684,5.0,1447718400
990,659,3.0,1447891200
990,676,4.0,1447891200
990,116,4.0,1447977600
990,276,3.0,1448928000
990,433,5.0,1458086400
990,666,4.0,1466640000
990,603,5.0,1468368000
990,590,4.0,1468540800
990,202,5.0,1469059200
990,351,4.0,1469059200
990,644,4.0,1469059200
990,168,1.0,1486252800
990,818,5.0,1491004800
990,40,5.0,1493769600
990,772,5.0,1495497600
990,123,4.0,1498867200
990,599,4.0,1499644800
990,373,4.0,1499990400
991,175,4.0,1415145600
991,473,5.0,1415664000
991,705,2.0,1429660800
991,449,5.0,1446249600
991,593,4.0,1449014400
991,5,3.0,1449619200
991,190,5.0,1450396800
991,249,5.0,1459641600
991,42,4.0,1489536000
991,540,5.0,1493596800
991,142,5.0,1495065600
991,693,5.0,1498176000
992,536,2.0,1370649600
992,174,3.0,1400544000
992,609,5.0,1402963200
992,816,4.0,1416528000
992,289,5.0,1419120000
992,336,3.0,1442966400
993,790,4.0,1397433600
993,96,5.0,1410825600
993,83,4.0,1423094400
993,719,5.0,1430006400
993,14,5.0,1431475200
993,162,4.0,1440806400
993,639,5.0,1445040000
993,250,5.0,1445644800
993,350,5.0,1446508800
993,631,5.0,1468627200
993,340,5.0,1479081600
993,502,5.0,1479772800
994,209,5.0,1432166400
994,283,4.0,1475107200
994,511,3.0,1494633600
994,394,4.0,1497484800
994,92,4.0,1503532800
995,245,3.0,1497571200
995,801,3.0,1499385600
995,185,4.0,1503878400
995,247,4.0,1505347200
996,172,5.0,1400112000
996,773,4.0,1420675200
996,95,4.0,1431475200
996,165,4.0,1445385600
996,134,5.0,1448841600
996,286,4.0,1451692800
996,610,5.0,1457568000
996,28,2.0,1475539200
997,384,3.0,1423094400
997,357,5.0,1425859200
997,379,5.0,1425859200
997,224,4.0,1448928000
997,464,5.0,1451520000
997,804,4.0,1453420800
997,713,4.0,1494028800
997,52,5.0,1502236800
997,115,5.0,1510790400
998,472,5.0,1392768000
998,657,5.0,1424563200
998,308,5.0,1433548800
998,593,5.0,1448064000
998,117,4.0,1466208000
998,502,4.0,1479340800
998,74,5.0,1485216000
998,50,5.0,1485648000
998,197,5.0,1501286400
998,605,5.0,1513296000
998,800,4.0,1516060800
998,186,4.0,1524441600
999,536,2.0,1371427200
999,44,4.0,1422921600
999,200,4.0,1424044800
999,487,5.0,1429833600
999,95,4.0,1429920000
999,323,4.0,1448928000
999,286,5.0,1453248000
999,68,5.0,1457481600
999,108,4.0,1470700800
999,300,4.0,1483660800
999,50,3.0,1488758400
999,571,4.0,1492560000
999,11,5.0,1497571200
999,245,4.0,1507680000
999,581,5.0,1512777600
1000,228,4.0,1410480000
1000,622,5.0,1414972800
1000,251,3.0,1418428800
1000,366,5.0,1418428800
1000,48,5.0,1421452800
1000,381,4.0,1429920000
1000,810,4.0,1440979200
1000,835,3.0,1441497600
1000,427,3.0,1448323200
1000,313,4.0,1450224000
1000,644,4.0,1471824000
1000,798,4.0,1471824000
1000,287,4.0,1481328000
1000,245,4.0,1514073600
1001,88,4.0,1374019200
1001,330,4.0,1392681600
1001,252,5.0,1400025600
1001,429,3.0,1417046400
1001,687,3.0,1417046400
1001,44,3.0,1423008000
1002,690,3.0,1416700800
1002,344,4.0,1446076800
1002,273,3.0,1450828800
1002,5,4.0,1451174400
1002,281,4.0,1460160000
1002,767,3.0,1460505600
1002,452,3.0,1483056000
1002,526,4.0,1488758400
1002,809,4.0,1490227200
1002,782,4.0,1490918400
1002,245,5.0,1497571200
1002,599,4.0,1498003200
1002,8,4.0,1502323200
1002,298,4.0,1502841600
1003,28,3.0,1475452800
1003,352,5.0,1482192000
1003,400,4.0,1493251200
1003,607,4.0,1493251200
1003,159,4.0,1494979200
1003,282,4.0,1498435200
1003,599,4.0,1499040000
1003,732,4.0,1503446400
1004,130,3.0,1374278400
1004,320,3.0,1407974400
1004,672,5.0,1421107200
1004,568,5.0,1434844800
1004,838,5.0,1453766400
1004,370,3.0,1458172800
1004,176,5.0,1459382400
1004,161,4.0,1460332800
1004,310,5.0,1472688000
1004,27,5.0,1476921600
1004,452,5.0,1483056000
1004,526,5.0,1493942400
1004,342,5.0,1496793600
1004,739,4.0,1496793600
1004,373,4.0,1499126400
1004,46,1.0,1504483200
1005,6,5.0,1375142400
1005,146,5.0,1375142400
1005,232,5.0,1375142400
1005,364,5.0,1375142400
1005,407,5.0,1375142400
1005,777,5.0,1375142400
1006,99,4.0,1431648000
1006,281,3.0,1461456000
1006,204,3.0,1478390400
1006,300,3.0,1485216000
1006,697,4.0,1485216000
1006,808,4.0,1496966400
1006,245,3.0,1498262400
1007,6,5.0,1413504000
1007,146,5.0,1413504000
1007,232,5.0,1413504000
1007,364,5.0,1413504000
1007,407,5.0,1413504000
1007,777,5.0,1413504000
1008,405,5.0,1458777600
1008,661,5.0,1462579200
1008,60,4.0,1481760000
1008,158,4.0,1481760000
1008,311,3.0,1497830400
1009,771,5.0,1416441600
1009,366,4.0,1417478400
1009,251,3.0,1417737600
1009,95,3.0,1429920000
1009,194,4.0,1430179200
1009,442,4.0,1445385600
1009,116,4.0,1445644800
1009,170,5.0,1446854400
1009,18,5.0,1447200000
1009,142,3.0,1447200000
1009,53,4.0,1447459200
1009,659,3.0,1447459200
1009,313,4.0,1447545600
1009,820,4.0,1447977600
1009,238,4.0,1457913600
1009,264,3.0,1484784000
1009,580,5.0,1489190400
1010,381,4.0,1430524800
1010,279,3.0,1435363200
1010,635,3.0,1444348800
1010,492,3.0,1444694400
1010,367,3.0,1445212800
1010,201,4.0,1445385600
1010,761,4.0,1459296000
1011,840,4.0,1392422400
1011,189,5.0,1403654400
1011,572,5.0,1403827200
1011,175,4.0,1415836800
1011,483,5.0,1415836800
1011,687,5.0,1417392000
1011,124,5.0,1420848000
1011,184,5.0,1429315200
1011,99,5.0,1430784000
1011,639,5.0,1446681600
1011,3,5.0,1467936000
1011,380,5.0,1468368000
1011,268,4.0,1469577600
1011,611,1.0,1475193600
1011,392,5.0,1482710400
1011,182,4.0,1489708800
1012,6,5.0,1417910400
1012,146,5.0,1417910400
1012,232,5.0,1417910400
1012,364,5.0,1417910400
1012,407,5.0,1417910400
1012,777,5.0,1417910400
1013,417,5.0,1436313600
1013,676,5.0,1436313600
1013,581,3.0,1462406400
1014,478,2.0,1417737600
1014,589,2.0,1417737600
1014,409,5.0,1471392000
1014,411,5.0,1520035200
1014,566,5.0,1522281600
1015,6,4.0,1405814400
1015,146,4.0,1405814400
1015,232,4.0,1405814400
1015,234,4.0,1405814400
1015,364,4.0,1405814400
1015,407,4.0,1405814400
1015,777,4.0,1405814400
1016,90,4.0,1398211200
1016,597,4.0,1398211200
1016,805,4.0,1398211200
1016,730,2.0,1421280000
1017,593,5.0,1449187200
1017,706,3.0,1451779200
1017,666,2.0,1466726400
1017,603,3.0,1467763200
1017,423,4.0,1472083200
1017,12,3.0,1472169600
1017,237,4.0,1473379200
1017,343,2.0,1475193600
1017,671,5.0,1480896000
1017,452,4.0,1483488000
1017,750,4.0,1485734400
1018,739,4.0,1493596800
1018,373,5.0,1498003200
1018,394,4.0,1501632000
1019,498,5.0,1390348800
1019,456,4.0,1430092800
1019,839,3.0,1442880000
1019,616,5.0,1458259200
1019,163,5.0,1473984000
1019,497,5.0,1494201600
1019,373,5.0,1498262400
1019,599,5.0,1498435200
1019,245,5.0,1498608000
1019,394,5.0,1499558400
1020,261,3.0,1375315200
1020,23,4.0,1375920000
1020,236,4.0,1391126400
1020,723,3.0,1394064000
1020,499,3.0,1404864000
1020,488,5.0,1457827200
1020,588,3.0,1468627200
1021,173,5.0,1243814400
1021,643,5.0,1243900800
1021,400,4.0,1261872000
1021,393,5.0,1264377600
1021,532,2.0,1300924800
1021,829,3.0,1304640000
1021,65,3.0,1390953600
1021,663,5.0,1399161600
1021,715,4.0,1406332800
1021,572,4.0,1407801600
1021,780,4.0,1407801600
1021,685,4.0,1412812800
1021,622,3.0,1414713600
1021,391,3.0,1414800000
1021,551,5.0,1414972800
1021,213,4.0,1415577600
1021,784,4.0,1415577600
1021,623,5.0,1445299200
1021,142,3.0,1445990400
1021,820,5.0,1446508800
1021,604,5.0,1447718400
1021,755,3.0,1455926400
1021,132,5.0,1461456000
1021,561,5.0,1466208000
1021,718,4.0,1467676800
1021,471,5.0,1469145600
1021,108,5.0,1469404800
1021,192,5.0,1469404800
1021,353,3.0,1470355200
1021,744,5.0,1473724800
1021,358,5.0,1473897600
1021,204,5.0,1478390400
1021,707,5.0,1482192000
1021,602,5.0,1483833600
1021,402,5.0,1488153600
1021,540,5.0,1492905600
1021,630,5.0,1492992000
1021,709,5.0,1492992000
1021,34,2.0,1495929600
1021,11,4.0,1497657600
1021,46,4.0,1497657600
1021,245,5.0,1498608000
1021,281,4.0,1502064000
1021,760,5.0,1506988800
1021,457,5.0,1508976000
1021,181,5.0,1509840000
1021,453,5.0,1512777600
1021,606,5.0,1518480000
1022,89,4.0,1355961600
1022,320,4.0,1407542400
1022,451,4.0,1416355200
1022,291,5.0,1419984000
1022,804,4.0,1455580800
1022,755,5.0,1458777600
1022,682,4.0,1460246400
1022,351,5.0,1468540800
1022,226,5.0,1469923200
1022,237,5.0,1475798400
1022,318,4.0,1475798400
1022,204,3.0,1483488000
1022,515,4.0,1484611200
1022,40,3.0,1494201600
1023,705,2.0,1429401600
1023,502,4.0,1483833600
1023,713,3.0,1491091200
1024,839,3.0,1442016000
1024,336,5.0,1442534400
1024,813,5.0,1445212800
1024,53,5.0,1445644800
1024,684,5.0,1447891200
1024,102,5.0,1449792000
1024,388,3.0,1466726400
1024,359,4.0,1469145600
1024,310,5.0,1473811200
1024,142,4.0,1477353600
1024,404,5.0,1483142400
1024,74,5.0,1484697600
1024,373,4.0,1500508800
1025,569,3.0,1438300800
1025,759,4.0,1447718400
1025,102,5.0,1450828800
1025,71,5.0,1456185600
1025,603,4.0,1467849600
1025,614,4.0,1490227200
1025,808,3.0,1496620800
1025,739,3.0,1499731200
1025,86,4.0,1503964800
1025,26,4.0,1508803200
1026,360,3.0,1401321600
1026,289,4.0,1419897600
1026,35,4.0,1447027200
1026,76,4.0,1469318400
1026,240,3.0,1483747200
1026,393,3.0,1489363200
1027,154,4.0,1361577600
1027,174,4.0,1400716800
1027,735,5.0,1430352000
1027,676,4.0,1444953600
1027,786,2.0,1458345600
1027,351,5.0,1469232000
1027,352,5.0,1481328000
1027,515,5.0,1481328000
1027,732,5.0,1481328000
1027,750,4.0,1488672000
1027,375,3.0,1498262400
1027,693,5.0,1499040000
1028,328,3.0,1432684800
1028,367,5.0,1443744000
1028,639,3.0,1445904000
1028,34,3.0,1447113600
1028,416,5.0,1453161600
1028,708,5.0,1453248000
1028,238,5.0,1458604800
1028,649,5.0,1458777600
1028,517,5.0,1465948800
1028,12,5.0,1474588800
1028,358,3.0,1474588800
1028,283,5.0,1476057600
1028,713,5.0,1485561600
1028,45,5.0,1485648000
1028,168,5.0,1485648000
1028,243,5.0,1485648000
1028,354,5.0,1485648000
1028,275,5.0,1486080000
1028,441,5.0,1486080000
1028,795,4.0,1486080000
1028,307,3.0,1486771200
1028,50,5.0,1487289600
1028,365,4.0,1487289600
1028,750,5.0,1487289600
1028,42,5.0,1487376000
1028,443,4.0,1487376000
1028,479,5.0,1487376000
1028,739,5.0,1487980800
1028,119,4.0,1488758400
1028,601,5.0,1488844800
1028,419,5.0,1488931200
1028,156,3.0,1490054400
1028,818,3.0,1490054400
1028,782,4.0,1491523200
1028,282,5.0,1494288000
1028,195,5.0,1498176000
1028,373,5.0,1498176000
1028,394,4.0,1499731200
1028,457,5.0,1509148800
1029,6,5.0,1481155200
1029,232,5.0,1481155200
1029,364,5.0,1481155200
1029,407,5.0,1481155200
1030,615,3.0,1428278400
1030,135,4.0,1445472000
1030,514,5.0,1445472000
1031,551,3.0,1415404800
1031,56,4.0,1423094400
1031,13,3.0,1434499200
1031,297,4.0,1460592000
1031,573,2.0,1460592000
1031,471,4.0,1470182400
1031,108,4.0,1470787200
1031,671,4.0,1481414400
1031,693,4.0,1497830400
1031,394,2.0,1498348800
1031,724,2.0,1498348800
1031,304,4.0,1506211200
1032,498,5.0,1392249600
1032,189,3.0,1406592000
1032,715,4.0,1406764800
1032,685,4.0,1414195200
1033,261,4.0,1373932800
1033,811,5.0,1418774400
1033,545,5.0,1430352000
1033,418,5.0,1447286400
1033,684,5.0,1447459200
1033,205,5.0,1448323200
1034,267,5.0,1472601600
1034,438,5.0,1472601600
1034,227,5.0,1476748800
1035,6,4.0,1479772800
1035,232,4.0,1479772800
1035,364,4.0,1479772800
1035,407,4.0,1479772800
1036,6,5.0,1403395200
1036,146,5.0,1403395200
1036,232,5.0,1403395200
1036,364,5.0,1403395200
1036,407,5.0,1403395200
1036,777,5.0,1403395200
1037,740,1.0,1460073600
1037,60,5.0,1461369600
1037,158,5.0,1461369600
1038,448,3.0,1400716800
1038,321,4.0,1417651200
1038,54,4.0,1430006400
1038,33,3.0,1440806400
1038,567,3.0,1440806400
1038,272,5.0,1445990400
1038,250,3.0,1446768000
1039,6,5.0,1415404800
1039,146,5.0,1415404800
1039,232,5.0,1415404800
1039,364,5.0,1415404800
1039,407,5.0,1415404800
1039,777,5.0,1415404800
1040,600,4.0,1373760000
1040,710,4.0,1400457600
1040,124,5.0,1420934400
1040,56,4.0,1423353600
1040,319,5.0,1426896000
1040,615,4.0,1429574400
1041,261,5.0,1378944000
1041,363,5.0,1378944000
1041,723,5.0,1392940800
1041,699,5.0,1407888000
1041,826,5.0,1436918400
1041,322,3.0,1437004800
1041,464,5.0,1437091200
1041,558,5.0,1437350400
1041,835,2.0,1437609600
1041,582,3.0,1437955200
1041,810,5.0,1437955200
1041,529,5.0,1440633600
1041,26,5.0,1466121600
1041,143,4.0,1468281600
1041,105,3.0,1468454400
1041,177,2.0,1474243200
1041,696,3.0,1479081600
1041,415,5.0,1479168000
1041,164,4.0,1494115200
1042,6,5.0,1478822400
1042,232,5.0,1478822400
1042,364,5.0,1478822400
1042,407,5.0,1478822400
1043,357,5.0,1413244800
1043,379,5.0,1413244800
1043,579,5.0,1415145600
1043,173,5.0,1416182400
1043,138,5.0,1417132800
1043,477,5.0,1417824000
1043,84,5.0,1427500800
1043,565,5.0,1427500800
1044,6,3.0,1400889600
1044,146,3.0,1400889600
1044,232,3.0,1400889600
1044,234,3.0,1400889600
1044,364,3.0,1400889600
1044,407,3.0,1400889600
1044,777,3.0,1400889600
1045,806,4.0,1378252800
1045,572,5.0,1407888000
1045,29,5.0,1446249600
1045,224,4.0,1448755200
1046,194,2.0,1430265600
1046,29,4.0,1445817600
1046,246,2.0,1458259200
1046,3,3.0,1467936000
1046,240,1.0,1483488000
1046,243,1.0,1485475200
1046,571,4.0,1491091200
1046,245,5.0,1497312000
1046,394,4.0,1498176000
1047,559,3.0,1375056000
1047,64,3.0,1393113600
1047,797,4.0,1415145600
1047,569,3.0,1438560000
1047,772,4.0,1455667200
1047,141,5.0,1468108800
1047,526,5.0,1488585600
1047,739,4.0,1493510400
1048,315,2.0,1424217600
1048,409,3.0,1446508800
1048,728,5.0,1457136000
1048,156,3.0,1486771200
1049,6,5.0,1409270400
1049,146,5.0,1409270400
1049,232,5.0,1409270400
1049,364,5.0,1409270400
1049,407,5.0,1409270400
1049,777,5.0,1409270400
1050,680,4.0,1422835200
1050,328,3.0,1430697600
1050,783,5.0,1488672000
1051,662,5.0,1510444800
1051,77,4.0,1511481600
1051,151,4.0,1511481600
1052,126,5.0,1443744000
1052,210,5.0,1443744000
1052,692,5.0,1443744000
1053,340,5.0,1471564800
1053,527,5.0,1471824000
1053,830,5.0,1471824000
1054,231,4.0,1387065600
1054,710,4.0,1403740800
1054,609,4.0,1403913600
1054,459,4.0,1415404800
1054,493,4.0,1415404800
1054,263,3.0,1427414400
1054,310,5.0,1473984000
1055,168,5.0,1497830400
1055,307,5.0,1497830400
1055,441,5.0,1497830400
1056,570,5.0,1400457600
1056,789,5.0,1400457600
1056,6,5.0,1406160000
1056,146,5.0,1406160000
1056,232,5.0,1406160000
1056,234,5.0,1406160000
1056,306,5.0,1406160000
1056,364,5.0,1406160000
1056,407,5.0,1406160000
1056,777,5.0,1406160000
1057,241,4.0,1393804800
1057,139,4.0,1419811200
1057,623,4.0,1444867200
1057,142,5.0,1446768000
1057,105,4.0,1471392000
1058,6,1.0,1374019200
1058,146,1.0,1374019200
1058,232,1.0,1374019200
1058,364,1.0,1374019200
1058,407,1.0,1374019200
1058,777,1.0,1374019200
1059,613,5.0,1367539200
1059,336,5.0,1441929600
1059,823,5.0,1445731200
1059,206,4.0,1447027200
1059,4,4.0,1460246400
1059,19,5.0,1463356800
1059,85,2.0,1467936000
1059,226,3.0,1468540800
1059,283,5.0,1473811200
1059,658,5.0,1474329600
1059,531,5.0,1474934400
1059,763,5.0,1479254400
1059,452,5.0,1483056000
1059,443,5.0,1486857600
1059,182,4.0,1488931200
1059,342,3.0,1494201600
1059,772,3.0,1494288000
1060,6,5.0,1369353600
1060,146,5.0,1369353600
1060,232,5.0,1369353600
1060,364,5.0,1369353600
1060,407,5.0,1369353600
1060,777,5.0,1369353600
1061,685,3.0,1413417600
1061,576,4.0,1418601600
1061,133,5.0,1458604800
1061,326,5.0,1458604800
1061,413,4.0,1466812800
1061,380,5.0,1468281600
1061,720,3.0,1468281600
1061,168,4.0,1486425600
1061,307,4.0,1486425600
1061,750,5.0,1486425600
1061,795,5.0,1486425600
1061,42,4.0,1487548800
1061,45,5.0,1487548800
1061,50,5.0,1487548800
1061,441,4.0,1487548800
1061,601,5.0,1487548800
1061,713,5.0,1487548800
1061,818,5.0,1487548800
1061,156,4.0,1491004800
1061,841,5.0,1491004800
1061,142,5.0,1496361600
1061,160,4.0,1496361600
1061,119,5.0,1496793600
1061,182,5.0,1496793600
1061,243,4.0,1496793600
1061,354,3.0,1496793600
1061,443,4.0,1496793600
1061,479,5.0,1496793600
1061,552,5.0,1497744000
1061,599,5.0,1497916800
1061,808,4.0,1502496000
1061,460,5.0,1505520000
1061,81,5.0,1526169600
1062,366,4.0,1418428800
1062,734,4.0,1423267200
1062,183,5.0,1443830400
1062,720,4.0,1467590400
1062,351,3.0,1469145600
1062,679,4.0,1479859200
1062,164,4.0,1488412800
1062,419,3.0,1488844800
1062,841,3.0,1489968000
1062,497,4.0,1494115200
1062,511,2.0,1495843200
1062,732,5.0,1499126400
1063,6,3.0,1394582400
1063,146,3.0,1394582400
1063,232,3.0,1394582400
1063,364,3.0,1394582400
1063,407,3.0,1394582400
1063,777,3.0,1394582400
1064,487,2.0,1429920000
1064,501,5.0,1430956800
1064,209,4.0,1431475200
1064,522,5.0,1443312000
1064,624,4.0,1458691200
1064,132,4.0,1461715200
1064,108,5.0,1470787200
1064,471,5.0,1470787200
1064,526,3.0,1488758400
1065,451,5.0,1415664000
1065,568,4.0,1436054400
1065,116,4.0,1445299200
1065,659,4.0,1447632000
1065,286,5.0,1451606400
1065,422,5.0,1457222400
1065,326,5.0,1458604800
1065,149,3.0,1464998400
1065,107,4.0,1468022400
1065,271,3.0,1473379200
1065,658,3.0,1475280000
1065,204,3.0,1478822400
1065,307,2.0,1486080000
1065,526,5.0,1488499200
1065,49,4.0,1488672000
1065,245,2.0,1498694400
1065,373,3.0,1498953600
1066,66,2.0,1455494400
1066,292,4.0,1455494400
1066,356,4.0,1455494400
1066,788,5.0,1455494400
1067,378,4.0,1411516800
1067,815,5.0,1415232000
1067,722,5.0,1442016000
1067,265,5.0,1446854400
1067,772,5.0,1455321600
1067,786,5.0,1458950400
1068,57,5.0,1416873600
1068,209,4.0,1431043200
1068,582,5.0,1438128000
1069,272,5.0,1445644800
1069,142,5.0,1447804800
1069,11,5.0,1499990400
1069,245,5.0,1499990400
1069,373,5.0,1499990400
1069,599,5.0,1499990400
1069,346,4.0,1528934400
1070,267,4.0,1417824000
1070,277,5.0,1417824000
1070,464,5.0,1433721600
1070,72,5.0,1479254400
1071,6,3.0,1372723200
1071,146,3.0,1372723200
1071,232,3.0,1372723200
1071,364,3.0,1372723200
1071,407,3.0,1372723200
1071,777,3.0,1372723200
1072,462,5.0,1431216000
1072,821,5.0,1431216000
1072,733,4.0,1486944000
1072,782,4.0,1493510400
1072,86,5.0,1503100800
1073,6,3.0,1383609600
1073,146,3.0,1383609600
1073,232,3.0,1383609600
1073,364,3.0,1383609600
1073,407,3.0,1383609600
1073,777,3.0,1383609600
1074,301,5.0,1365033600
1074,485,5.0,1367884800
1074,646,5.0,1415318400
1074,804,5.0,1453852800
1074,666,2.0,1467763200
1074,226,4.0,1469577600
1074,686,5.0,1491609600
1074,242,2.0,1491868800
1074,386,5.0,1491868800
1074,739,4.0,1492819200
1075,564,5.0,1415404800
1075,557,3.0,1415923200
1075,687,5.0,1416960000
1075,203,5.0,1430092800
1075,116,4.0,1446163200
1075,290,5.0,1446595200
1075,53,5.0,1446940800
1075,276,5.0,1447891200
1075,708,5.0,1452297600
1075,4,5.0,1460419200
1075,720,5.0,1468022400
1075,644,5.0,1469318400
1075,358,5.0,1473465600
1075,27,5.0,1478390400
1075,243,5.0,1485302400
1075,601,5.0,1485907200
1075,497,5.0,1493424000
1075,142,5.0,1494547200
1075,245,4.0,1497744000
1075,394,5.0,1499558400
1076,609,2.0,1410220800
1076,213,5.0,1416700800
1076,717,5.0,1422230400
1077,319,5.0,1409961600
1077,516,5.0,1409961600
1077,837,5.0,1409961600
1077,446,5.0,1426896000
1078,205,5.0,1404864000
1078,564,4.0,1414886400
1078,262,4.0,1424304000
1078,613,4.0,1434153600
1079,689,4.0,1414108800
1079,194,3.0,1430265600
1079,142,4.0,1445817600
1080,73,1.0,1424217600
1080,424,1.0,1424217600
1080,752,1.0,1495411200
1081,376,2.0,1373500800
1081,257,5.0,1392336000
1081,576,3.0,1418860800
1081,613,4.0,1435017600
1081,838,4.0,1454544000
1081,216,3.0,1467072000
1081,150,5.0,1467676800
1081,335,3.0,1468800000
1081,359,4.0,1470009600
1081,192,2.0,1470700800
1082,366,4.0,1417737600
1082,771,5.0,1417737600
1082,514,5.0,1445385600
1083,201,4.0,1443830400
1083,32,5.0,1445990400
1083,786,5.0,1457654400
1083,246,4.0,1458604800
1083,42,4.0,1487894400
1083,686,4.0,1493942400
1083,11,4.0,1498089600
1083,245,4.0,1498521600
1083,394,4.0,1498521600
1083,373,4.0,1501891200
1083,195,5.0,1501977600
1083,801,5.0,1503964800
1084,627,3.0,1392076800
1084,586,4.0,1400976000
1084,69,4.0,1415577600
1084,690,3.0,1415750400
1084,771,5.0,1416355200
1084,773,4.0,1422403200
1084,341,4.0,1439856000
1084,162,3.0,1441497600
1084,514,4.0,1448150400
1084,550,4.0,1457740800
1084,399,4.0,1460851200
1084,202,4.0,1472601600
1085,643,4.0,1416096000
1085,75,3.0,1445385600
1085,804,4.0,1453766400
1085,249,5.0,1457913600
1085,652,5.0,1457913600
1085,76,3.0,1468454400
1086,60,5.0,1492560000
1086,158,5.0,1492560000
1086,151,5.0,1503792000
1087,474,4.0,1415836800
1087,124,4.0,1421280000
1087,54,4.0,1430006400
1087,99,4.0,1430784000
1087,727,5.0,1444608000
1087,272,5.0,1445385600
1087,294,4.0,1445817600
1087,566,4.0,1446076800
1087,170,4.0,1446768000
1087,286,5.0,1451433600
1087,838,5.0,1453420800
1087,180,4.0,1458259200
1087,4,4.0,1459814400
1087,561,4.0,1466640000
1087,76,4.0,1468281600
1087,287,4.0,1481155200
1087,443,3.0,1485734400
1087,393,4.0,1488499200
1087,818,4.0,1488499200
1087,159,3.0,1493424000
1087,373,5.0,1498089600
1087,281,5.0,1502064000
1088,6,5.0,1373846400
1088,146,5.0,1373846400
1088,232,5.0,1373846400
1088,364,5.0,1373846400
1088,407,5.0,1373846400
1088,777,5.0,1373846400
1089,69,5.0,1415750400
1089,503,5.0,1429833600
1089,14,5.0,1430956800
1089,33,5.0,1438300800
1089,567,5.0,1438300800
1089,447,4.0,1452643200
1089,15,5.0,1513296000
1089,606,4.0,1520726400
1090,65,5.0,1391299200
1090,483,4.0,1415836800
1090,314,4.0,1422921600
1090,299,3.0,1423180800
1090,188,5.0,1430697600
1090,810,5.0,1436745600
1090,34,4.0,1445731200
1090,469,5.0,1445990400
1090,820,4.0,1446422400
1090,273,5.0,1449705600
1090,286,5.0,1451692800
1090,326,5.0,1458000000
1090,246,5.0,1458777600
1090,521,5.0,1463616000
1090,117,3.0,1466294400
1090,388,4.0,1466380800
1090,337,4.0,1473120000
1090,28,4.0,1475539200
1090,110,4.0,1478649600
1090,204,3.0,1478649600
1090,49,5.0,1482105600
1090,168,4.0,1485648000
1090,247,4.0,1502928000
1091,6,5.0,1403481600
1091,146,5.0,1403481600
1091,232,5.0,1403481600
1091,234,5.0,1403481600
1091,306,5.0,1403481600
1091,364,5.0,1403481600
1091,407,5.0,1403481600
1091,777,5.0,1403481600
1092,536,3.0,1373932800
1092,790,4.0,1395446400
1092,30,4.0,1429920000
1092,276,4.0,1447632000
1092,602,4.0,1448841600
1092,359,4.0,1469836800
1092,733,4.0,1487635200
1092,402,5.0,1488240000
1092,49,5.0,1489363200
1092,40,4.0,1492819200
1092,599,4.0,1498003200
1092,245,4.0,1498262400
1093,499,5.0,1403308800
1093,96,5.0,1411603200
1093,622,4.0,1415059200
1093,137,5.0,1420070400
1093,501,4.0,1431561600
1093,702,4.0,1432598400
1093,703,4.0,1444348800
1093,35,4.0,1444953600
1093,639,3.0,1444953600
1093,409,3.0,1445558400
1093,422,4.0,1456963200
1093,799,4.0,1464393600
1093,216,5.0,1466208000
1093,117,2.0,1466726400
1093,603,4.0,1467849600
1093,631,4.0,1467849600
1093,271,4.0,1473465600
1093,283,3.0,1474588800
1093,633,3.0,1484784000
1093,479,3.0,1485820800
1093,651,3.0,1489795200
1093,127,3.0,1498348800
1093,245,2.0,1498348800
1093,373,1.0,1498348800
1093,394,2.0,1498348800
1093,832,3.0,1521676800
1094,137,5.0,1421193600
1094,14,4.0,1431475200
1094,161,4.0,1459123200
1095,6,5.0,1489795200
1095,146,5.0,1489795200
1095,232,5.0,1489795200
1095,364,5.0,1489795200
1095,407,5.0,1489795200
1095,777,5.0,1489795200
1096,6,5.0,1459987200
1096,146,5.0,1459987200
1096,232,5.0,1459987200
1096,364,5.0,1459987200
1096,407,5.0,1459987200
1096,613,3.0,1459987200
1096,777,5.0,1459987200
1097,72,5.0,1392249600
1097,773,4.0,1420675200
1097,263,5.0,1427500800
1097,54,4.0,1430352000
1097,639,4.0,1445040000
1098,6,5.0,1398902400
1098,146,5.0,1398902400
1098,232,5.0,1398902400
1098,364,5.0,1398902400
1098,407,5.0,1398902400
1098,777,5.0,1398902400
1099,6,5.0,1376524800
1099,146,5.0,1376524800
1099,232,5.0,1376524800
1099,364,5.0,1376524800
1099,407,5.0,1376524800
1099,777,5.0,1376524800
1100,6,5.0,1415059200
1100,146,5.0,1415059200
1100,232,5.0,1415059200
1100,364,5.0,1415059200
1100,407,5.0,1415059200
1100,777,5.0,1415059200
1101,239,5.0,1356998400
1101,1,5.0,1387756800
1101,395,4.0,1394323200
1101,572,4.0,1407542400
1101,780,4.0,1407974400
1101,285,5.0,1422921600
1101,812,4.0,1422921600
1101,263,5.0,1427068800
1101,244,3.0,1433548800
1101,173,5.0,1437177600
1101,322,4.0,1438128000
1101,835,4.0,1438128000
1101,464,4.0,1439251200
1101,372,4.0,1441929600
1101,831,5.0,1443225600
1101,135,5.0,1444780800
1101,29,5.0,1445299200
1101,566,4.0,1445299200
1101,32,5.0,1445472000
1101,577,5.0,1445817600
1101,101,4.0,1445904000
1101,442,5.0,1445904000
1101,602,4.0,1446422400
1101,676,5.0,1446508800
1101,190,4.0,1448668800
1101,333,4.0,1455062400
1101,738,5.0,1455408000
1101,399,4.0,1458086400
1101,573,4.0,1458691200
1101,230,5.0,1461196800
1101,19,4.0,1463702400
1101,149,4.0,1464134400
1101,117,4.0,1466812800
1101,644,5.0,1468800000
1101,12,4.0,1473292800
1101,658,5.0,1473638400
1101,603,4.0,1477440000
1101,110,4.0,1477958400
1101,352,4.0,1480723200
1101,732,5.0,1481241600
1101,484,4.0,1488844800
1101,540,3.0,1492905600
1101,11,4.0,1498003200
1101,373,5.0,1498089600
1101,245,5.0,1499040000
1101,197,4.0,1501977600
1101,512,4.0,1502064000
1101,131,3.0,1502755200
1102,245,4.0,1499126400
1102,316,5.0,1503705600
1102,691,4.0,1523145600
1103,84,3.0,1326240000
1103,114,4.0,1326585600
1103,349,4.0,1326585600
1103,28,5.0,1475971200
1103,721,3.0,1476403200
1104,785,1.0,1482624000
1104,300,2.0,1484524800
1104,671,4.0,1484697600
1105,493,5.0,1415318400
1105,137,5.0,1421712000
1105,573,4.0,1458432000
1106,336,4.0,1441584000
1106,297,4.0,1460505600
1106,655,5.0,1475020800
1107,514,5.0,1404345600
1107,766,5.0,1421366400
1107,244,5.0,1431043200
1107,388,4.0,1469059200
1107,658,4.0,1474848000
1107,168,5.0,1485820800
1107,160,3.0,1490832000
1107,245,5.0,1497830400
1107,599,5.0,1497830400
1107,394,5.0,1499040000
1107,678,4.0,1519776000
1107,743,5.0,1519776000
1108,6,3.0,1401753600
1108,146,3.0,1401753600
1108,232,3.0,1401753600
1108,234,3.0,1401753600
1108,364,3.0,1401753600
1108,407,3.0,1401753600
1108,777,3.0,1401753600
1109,115,5.0,1510704000
1109,775,5.0,1516752000
1109,827,5.0,1524700800
1109,772,4.0,1525046400
1109,346,5.0,1525651200
1109,348,5.0,1525651200
1109,669,4.0,1525651200
1109,81,3.0,1527206400
1110,6,2.0,1469491200
1110,146,2.0,1469491200
1110,232,2.0,1469491200
1110,364,2.0,1469491200
1110,407,2.0,1469491200
1110,777,2.0,1469491200
1111,651,4.0,1492992000
1111,526,4.0,1493683200
1111,34,5.0,1495238400
1112,794,3.0,1400716800
1112,638,3.0,1405987200
1112,646,4.0,1416009600
1112,633,5.0,1486598400
1112,164,5.0,1489017600
1113,6,5.0,1430870400
1113,146,5.0,1430870400
1113,232,5.0,1430870400
1113,364,5.0,1430870400
1113,407,5.0,1430870400
1113,777,5.0,1430870400
1114,98,5.0,1392854400
1114,330,5.0,1392854400
1114,507,5.0,1395187200
1114,266,3.0,1420675200
1114,779,5.0,1445990400
1114,604,5.0,1447632000
1114,414,4.0,1458259200
1114,133,4.0,1458518400
1114,166,5.0,1465171200
1114,631,4.0,1468195200
1114,754,4.0,1473984000
1114,452,5.0,1487894400
1114,394,4.0,1499904000
1115,685,4.0,1413849600
1115,451,4.0,1415491200
1115,803,4.0,1415923200
1116,791,4.0,1402444800
1116,175,3.0,1415750400
1116,95,2.0,1431907200
1116,367,3.0,1445472000
1116,170,4.0,1446249600
1116,142,4.0,1446940800
1116,838,2.0,1453161600
1116,799,4.0,1464393600
1116,110,4.0,1478736000
1116,443,4.0,1486598400
1116,49,4.0,1491091200
1117,489,3.0,1375920000
1117,244,5.0,1430179200
1117,761,4.0,1459728000
1117,118,5.0,1474588800
1118,602,4.0,1445817600
1118,427,5.0,1447372800
1118,21,5.0,1472688000
1118,358,5.0,1473465600
1118,739,4.0,1487462400
1119,84,5.0,1408147200
1119,486,5.0,1408147200
1119,565,5.0,1408147200
1119,106,5.0,1410739200
1119,518,5.0,1410739200
1119,140,5.0,1437350400
1119,382,5.0,1437350400
1119,625,5.0,1437350400
1120,643,4.0,1416009600
1120,568,5.0,1434240000
1120,414,5.0,1457913600
1120,819,4.0,1474848000
1120,243,4.0,1485475200
1120,242,4.0,1491350400
1120,599,4.0,1497484800
1120,245,4.0,1498003200
1120,131,4.0,1503187200
1120,678,5.0,1518825600
1120,25,2.0,1523145600
1121,487,4.0,1429920000
1121,735,4.0,1430179200
1121,311,4.0,1437868800
1121,480,2.0,1464220800
1121,720,4.0,1467504000
1121,107,4.0,1468022400
1121,245,4.0,1498176000
1121,599,4.0,1498176000
1121,394,4.0,1499212800
1121,60,4.0,1500768000
1121,158,4.0,1500768000
1121,52,4.0,1502150400
1121,508,3.0,1502928000
1121,662,4.0,1511654400
1121,606,2.0,1518134400
1122,293,5.0,1414972800
1122,301,5.0,1414972800
1122,466,5.0,1414972800
1123,6,5.0,1402876800
1123,146,5.0,1402876800
1123,232,5.0,1402876800
1123,364,5.0,1402876800
1123,407,5.0,1402876800
1123,777,5.0,1402876800
1124,416,5.0,1453161600
1124,772,5.0,1453248000
1124,711,5.0,1454544000
1124,148,3.0,1457913600
1124,603,5.0,1467676800
1124,353,5.0,1470441600
1124,177,5.0,1473292800
1124,283,5.0,1474934400
1124,739,5.0,1488499200
1124,686,5.0,1491350400
1124,497,5.0,1493769600
1124,11,5.0,1497657600
1124,599,5.0,1497744000
1124,461,5.0,1512777600
1125,806,3.0,1379980800
1125,236,4.0,1391644800
1125,330,4.0,1395273600
1125,609,4.0,1404086400
1125,780,4.0,1408492800
1125,572,4.0,1410220800
1125,406,4.0,1413590400
1125,266,4.0,1418601600
1125,366,4.0,1419984000
1125,56,4.0,1423267200
1125,314,4.0,1424131200
1125,203,4.0,1430179200
1125,705,4.0,1430870400
1125,14,4.0,1431043200
1125,569,4.0,1436486400
1125,496,4.0,1449014400
1125,602,4.0,1449619200
1125,105,4.0,1468368000
1125,754,4.0,1477267200
1125,778,4.0,1480204800
1125,337,4.0,1480896000
1125,502,4.0,1481328000
1125,168,4.0,1488499200
1125,818,4.0,1489795200
1126,6,5.0,1422316800
1126,146,5.0,1422316800
1126,232,5.0,1422316800
1126,364,5.0,1422316800
1126,407,5.0,1422316800
1126,777,5.0,1422316800
1127,6,5.0,1389744000
1127,146,5.0,1389744000
1127,232,5.0,1389744000
1127,311,5.0,1389744000
1127,364,5.0,1389744000
1127,407,5.0,1389744000
1127,777,5.0,1389744000
1128,6,4.0,1414886400
1128,146,4.0,1414886400
1128,232,4.0,1414886400
1128,364,4.0,1414886400
1128,407,4.0,1414886400
1128,777,4.0,1414886400
1129,171,5.0,1481932800
1129,0,5.0,1488240000
1129,254,5.0,1512518400
1130,6,5.0,1418515200
1130,146,5.0,1418515200
1130,232,5.0,1418515200
1130,364,5.0,1418515200
1130,407,5.0,1418515200
1130,777,5.0,1418515200
1131,175,3.0,1415059200
1131,483,4.0,1415836800
1131,235,5.0,1419379200
1131,495,4.0,1423612800
1131,75,4.0,1446076800
1131,706,5.0,1453593600
1132,239,5.0,1443139200
1132,60,5.0,1478563200
1132,158,5.0,1478563200
1133,814,3.0,1396310400
1133,729,3.0,1403740800
1133,535,2.0,1414800000
1133,215,4.0,1467676800
1134,172,4.0,1400025600
1134,791,5.0,1403136000
1134,690,5.0,1415577600
1134,381,5.0,1430179200
1135,59,5.0,1418774400
1135,54,4.0,1432166400
1135,381,5.0,1432166400
1136,6,5.0,1376352000
1136,146,5.0,1376352000
1136,232,5.0,1376352000
1136,364,5.0,1376352000
1136,407,5.0,1376352000
1136,777,5.0,1376352000
1137,6,5.0,1407110400
1137,146,5.0,1407110400
1137,232,5.0,1407110400
1137,364,5.0,1407110400
1137,407,5.0,1407110400
1137,777,5.0,1407110400
1138,6,5.0,1405814400
1138,146,5.0,1405814400
1138,232,5.0,1405814400
1138,364,5.0,1405814400
1138,407,5.0,1405814400
1138,777,5.0,1405814400
1139,321,3.0,1415404800
1139,7,5.0,1445904000
1139,224,4.0,1448582400
1140,448,5.0,1399507200
1140,90,5.0,1401753600
1140,597,5.0,1401753600
1140,687,4.0,1416787200
1140,615,4.0,1429315200
1140,194,4.0,1429833600
1140,135,5.0,1444867200
1140,808,5.0,1445558400
1140,350,5.0,1445990400
1140,820,5.0,1446681600
1140,265,5.0,1447113600
1141,6,4.0,1429142400
1141,146,4.0,1429142400
1141,232,4.0,1429142400
1141,364,4.0,1429142400
1141,407,4.0,1429142400
1141,777,4.0,1429142400
1142,6,5.0,1371168000
1142,146,5.0,1371168000
1142,232,5.0,1371168000
1142,364,5.0,1371168000
1142,407,5.0,1371168000
1142,777,5.0,1371168000
1143,6,5.0,1474761600
1143,146,5.0,1474761600
1143,232,5.0,1474761600
1143,364,5.0,1474761600
1143,407,5.0,1474761600
1143,777,5.0,1474761600
1144,750,5.0,1485388800
1144,307,4.0,1485561600
1144,402,2.0,1488585600
1144,182,2.0,1489449600
1144,390,5.0,1492300800
1144,253,4.0,1493769600
1144,373,2.0,1498089600
1144,599,3.0,1498089600
1144,15,5.0,1514764800
1144,775,4.0,1516838400
1144,698,4.0,1525219200
1145,6,5.0,1387584000
1145,146,5.0,1387584000
1145,232,5.0,1387584000
1145,364,5.0,1387584000
1145,407,5.0,1387584000
1145,777,5.0,1387584000
1146,379,5.0,1348185600
1146,319,5.0,1365292800
1146,532,4.0,1435881600
1147,806,5.0,1379808000
1147,554,4.0,1390867200
1147,87,4.0,1399593600
1147,179,4.0,1414540800
1147,816,2.0,1415491200
1148,227,5.0,1355702400
1148,438,5.0,1372896000
1148,539,5.0,1372896000
1149,6,4.0,1459123200
1149,146,4.0,1459123200
1149,232,4.0,1459123200
1149,364,4.0,1459123200
1149,407,4.0,1459123200
1149,777,4.0,1459123200
1150,6,5.0,1416009600
1150,146,5.0,1416009600
1150,232,5.0,1416009600
1150,364,5.0,1416009600
1150,407,5.0,1416009600
1150,777,5.0,1416009600
1151,0,5.0,1484784000
1151,358,5.0,1484784000
1151,500,5.0,1484784000
1151,583,4.0,1484784000
1152,347,3.0,1389830400
1152,595,2.0,1407542400
1152,179,4.0,1414195200
1152,366,3.0,1418083200
1152,372,3.0,1443484800
1152,290,3.0,1445990400
1152,804,5.0,1453334400
1152,413,2.0,1466812800
1152,420,3.0,1467417600
1152,744,4.0,1473552000
1152,452,3.0,1483833600
1152,841,2.0,1491436800
1152,197,4.0,1503446400
1153,64,4.0,1395273600
1153,11,4.0,1502323200
1153,599,5.0,1506211200
1153,760,4.0,1514851200
1154,73,5.0,1302393600
1154,424,5.0,1302393600
1154,622,4.0,1415059200
1154,474,4.0,1415664000
1154,291,5.0,1416873600
1154,366,4.0,1418256000
1154,83,4.0,1423008000
1154,492,5.0,1443398400
1154,703,5.0,1443830400
1154,577,4.0,1445299200
1154,290,4.0,1446249600
1154,102,4.0,1450396800
1154,286,5.0,1452988800
1154,312,5.0,1453248000
1154,772,5.0,1454112000
1154,631,4.0,1468022400
1154,380,4.0,1468368000
1154,471,4.0,1470182400
1154,798,4.0,1471046400
1154,283,4.0,1474156800
1154,658,5.0,1474156800
1154,27,4.0,1479081600
1154,603,4.0,1479427200
1154,119,4.0,1487635200
1154,156,3.0,1487635200
1154,11,4.0,1500595200
1154,373,4.0,1500595200
1154,394,3.0,1500595200
1154,269,4.0,1520294400
1155,6,5.0,1379635200
1155,146,5.0,1379635200
1155,232,5.0,1379635200
1155,364,5.0,1379635200
1155,407,5.0,1379635200
1155,777,5.0,1379635200
1156,6,5.0,1390176000
1156,146,5.0,1390176000
1156,232,5.0,1390176000
1156,364,5.0,1390176000
1156,407,5.0,1390176000
1156,777,5.0,1390176000
1157,787,4.0,1399507200
1157,90,4.0,1402358400
1157,597,4.0,1402358400
1157,729,3.0,1406246400
1157,175,2.0,1414972800
1157,695,2.0,1415145600
1157,124,2.0,1421107200
1157,817,4.0,1422921600
1157,83,2.0,1423699200
1157,61,4.0,1436313600
1157,492,3.0,1443225600
1157,367,3.0,1443744000
1157,566,5.0,1446681600
1157,32,5.0,1447027200
1157,427,5.0,1447200000
1157,323,4.0,1448236800
1157,656,3.0,1458000000
1157,128,5.0,1458691200
1157,249,5.0,1458864000
1157,533,5.0,1460592000
1157,767,5.0,1460764800
1157,426,4.0,1461456000
1157,666,2.0,1466380800
1157,631,2.0,1468108800
1157,141,4.0,1468368000
1157,192,4.0,1469836800
1157,658,4.0,1475712000
1157,555,1.0,1477699200
1157,432,4.0,1479168000
1157,50,4.0,1486339200
1157,156,3.0,1486512000
1157,739,3.0,1488672000
1157,526,3.0,1489276800
1157,519,5.0,1493856000
1157,245,3.0,1501027200
1157,394,5.0,1501286400
1157,11,2.0,1501459200
1157,599,3.0,1501459200
1158,504,5.0,1348272000
1158,635,4.0,1447113600
1158,273,5.0,1449360000
1158,505,5.0,1465948800
1158,632,4.0,1483660800
1159,323,3.0,1448841600
1159,246,3.0,1458691200
1159,331,1.0,1466726400
1159,772,5.0,1477699200
1159,298,4.0,1503100800
1160,839,2.0,1441756800
1160,350,3.0,1445126400
1160,684,5.0,1447891200
1160,230,2.0,1460764800
1160,751,5.0,1468195200
1161,98,3.0,1392249600
1161,558,5.0,1439942400
1161,134,3.0,1448236800
1161,246,4.0,1458864000
1161,731,3.0,1478476800
1161,778,3.0,1479340800
1162,811,5.0,1420243200
1162,262,5.0,1426896000
1162,706,5.0,1453507200
1163,6,5.0,1383523200
1163,146,5.0,1383523200
1163,232,5.0,1383523200
1163,364,5.0,1383523200
1163,407,5.0,1383523200
1163,777,5.0,1383523200
1164,574,5.0,1501718400
1164,114,5.0,1503532800
1164,349,5.0,1503532800
1165,829,3.0,1373673600
1165,261,5.0,1437436800
1165,372,4.0,1442448000
1165,492,3.0,1448928000
1165,598,4.0,1460937600
1165,153,4.0,1461110400
1166,162,4.0,1440288000
1166,762,5.0,1442620800
1166,265,4.0,1446681600
1166,5,5.0,1449619200
1166,550,5.0,1457654400
1166,132,5.0,1460505600
1166,612,5.0,1465862400
1166,335,5.0,1467072000
1166,192,5.0,1469491200
1166,772,5.0,1477094400
1166,653,4.0,1481932800
1166,632,4.0,1483056000
1166,74,4.0,1484870400
1166,633,2.0,1485302400
1166,526,5.0,1488499200
1166,419,5.0,1489622400
1166,809,5.0,1490313600
1166,782,4.0,1491350400
1166,386,4.0,1491609600
1166,519,5.0,1492041600
1166,245,4.0,1499126400
1167,806,4.0,1378166400
1167,175,3.0,1415059200
1167,441,5.0,1491609600
1167,511,3.0,1494028800
1167,340,5.0,1498867200
1168,6,3.0,1404691200
1168,146,3.0,1404691200
1168,232,3.0,1404691200
1168,364,3.0,1404691200
1168,407,3.0,1404691200
1168,777,3.0,1404691200
1169,6,5.0,1461196800
1169,146,5.0,1461196800
1169,232,5.0,1461196800
1169,364,5.0,1461196800
1169,407,5.0,1461196800
1169,777,5.0,1461196800
1170,6,5.0,1405814400
1170,146,5.0,1405814400
1170,232,5.0,1405814400
1170,364,5.0,1405814400
1170,407,5.0,1405814400
1170,777,5.0,1405814400
1171,300,2.0,1490659200
1171,476,4.0,1495065600
1171,245,5.0,1502064000
1171,52,5.0,1503792000
1171,104,3.0,1511827200
1171,453,4.0,1512691200
1171,39,4.0,1517097600
1171,103,4.0,1524441600
1172,24,5.0,1460764800
1172,486,5.0,1460764800
1172,737,5.0,1460764800
1172,114,5.0,1463097600
1172,210,5.0,1463097600
1172,349,5.0,1463097600
1173,395,5.0,1393977600
1173,473,5.0,1415318400
1173,99,4.0,1431993600
1173,142,4.0,1446076800
1173,310,5.0,1474934400
1173,343,5.0,1476057600
1173,818,2.0,1486857600
1174,387,4.0,1478476800
1174,683,4.0,1478476800
1174,66,5.0,1497916800
1174,660,5.0,1497916800
1175,6,4.0,1376956800
1175,146,4.0,1376956800
1175,232,4.0,1376956800
1175,364,5.0,1376956800
1175,407,4.0,1376956800
1175,777,4.0,1376956800
1176,266,4.0,1419033600
1176,569,3.0,1436486400
1176,470,3.0,1443571200
1177,401,3.0,1370563200
1177,235,5.0,1417651200
1177,251,5.0,1417651200
1178,12,1.0,1474416000
1178,392,5.0,1483401600
1178,809,5.0,1491350400
1178,34,3.0,1499385600
1178,247,5.0,1503273600
1178,677,5.0,1503273600
1178,534,5.0,1504137600
1178,637,5.0,1510531200
1178,822,4.0,1513814400
1178,193,1.0,1522800000
1178,103,5.0,1525824000
1179,64,4.0,1392768000
1179,257,5.0,1392768000
1179,794,4.0,1400112000
1179,640,5.0,1402272000
1179,263,5.0,1426896000
1179,658,5.0,1474243200
1179,307,5.0,1486425600
1179,713,2.0,1487030400
1179,168,2.0,1490054400
1180,530,5.0,1426896000
1180,311,5.0,1442534400
1180,2,5.0,1448841600
1181,77,5.0,1376352000
1181,537,3.0,1406678400
1181,349,5.0,1446595200
1182,343,4.0,1442966400
1182,726,4.0,1453334400
1182,644,5.0,1471564800
1182,749,5.0,1475020800
1182,340,3.0,1480291200
1182,441,5.0,1487030400
1182,393,4.0,1489536000
1182,443,5.0,1492992000
1182,394,5.0,1499299200
1182,245,4.0,1499731200
1182,303,5.0,1501200000
1182,836,5.0,1504224000
1183,293,5.0,1339804800
1183,301,5.0,1339804800
1183,403,4.0,1339804800
1184,92,5.0,1515196800
1184,460,4.0,1515196800
1184,587,5.0,1515196800
1185,130,5.0,1370822400
1185,391,1.0,1415836800
1185,483,5.0,1415923200
1185,327,3.0,1439942400
1185,7,1.0,1443744000
1185,727,5.0,1444089600
1185,35,3.0,1447718400
1185,85,3.0,1467244800
1185,117,3.0,1467244800
1185,748,3.0,1470182400
1185,359,3.0,1470873600
1185,591,4.0,1473984000
1185,45,3.0,1486252800
1186,600,3.0,1373241600
1186,474,3.0,1415923200
1186,155,5.0,1439596800
1187,64,3.0,1392681600
1187,395,5.0,1396224000
1187,371,3.0,1398297600
1187,787,5.0,1401667200
1187,491,5.0,1414886400
1187,289,5.0,1418342400
1187,124,5.0,1420588800
1187,705,2.0,1430870400
1187,33,4.0,1437868800
1187,567,4.0,1437868800
1187,367,3.0,1445385600
1187,201,2.0,1445731200
1187,659,3.0,1446854400
1187,32,4.0,1448150400
1187,427,5.0,1448150400
1187,142,4.0,1477353600
1187,242,3.0,1497916800
1187,394,4.0,1497916800
1187,519,4.0,1497916800
1187,599,5.0,1497916800
1188,90,5.0,1398297600
1188,597,5.0,1398297600
1188,356,5.0,1412812800
1188,772,5.0,1452902400
1188,688,5.0,1467763200
1188,432,5.0,1478736000
1189,6,5.0,1412553600
1189,146,5.0,1412553600
1189,232,5.0,1412553600
1189,364,5.0,1412553600
1189,407,5.0,1412553600
1189,777,5.0,1412553600
1190,498,5.0,1391558400
1190,521,5.0,1462924800
1190,177,5.0,1473897600
1190,497,5.0,1493078400
1190,637,5.0,1509494400
1191,300,5.0,1484352000
1191,50,3.0,1488672000
1191,668,4.0,1491782400
1191,713,4.0,1492214400
1191,511,3.0,1495670400
1191,46,4.0,1504310400
1191,197,4.0,1511308800
1192,72,5.0,1390348800
1192,64,4.0,1391299200
1192,257,5.0,1391299200
1192,371,3.0,1396656000
1192,704,5.0,1415232000
1192,225,3.0,1424217600
1192,735,5.0,1430092800
1192,308,5.0,1433462400
1192,582,5.0,1436832000
1192,425,3.0,1443312000
1192,201,5.0,1445472000
1192,602,5.0,1445990400
1192,53,4.0,1446854400
1192,133,4.0,1458432000
1192,128,5.0,1459296000
1192,230,5.0,1460592000
1192,176,5.0,1461196800
1192,19,4.0,1463788800
1192,85,4.0,1466899200
1192,26,5.0,1467676800
1192,718,4.0,1467936000
1192,747,5.0,1468022400
1192,590,5.0,1468368000
1192,76,3.0,1468886400
1192,202,5.0,1469059200
1192,798,5.0,1469059200
1192,163,4.0,1473379200
1192,369,5.0,1479254400
1192,392,5.0,1482019200
1192,404,5.0,1482105600
1192,633,5.0,1484956800
1192,484,5.0,1488412800
1192,255,4.0,1490227200
1192,809,5.0,1490400000
1192,46,4.0,1497398400
1192,373,4.0,1497657600
1192,11,3.0,1497830400
1192,142,4.0,1501200000
1192,207,5.0,1502150400
1192,247,5.0,1502582400
1192,457,5.0,1508889600
1192,453,4.0,1512172800
1192,361,3.0,1523404800
1192,103,5.0,1524355200
1192,530,5.0,1524355200
1192,619,4.0,1524441600
1192,211,5.0,1524700800
1193,173,4.0,1295568000
1193,285,4.0,1295568000
1193,829,5.0,1371600000
1193,609,4.0,1402963200
1193,640,5.0,1402963200
1193,335,4.0,1466812800
1193,300,2.0,1483920000
1193,602,5.0,1486771200
1193,484,4.0,1492646400
1193,255,2.0,1494633600
1193,614,5.0,1494633600
1193,668,3.0,1494633600
1193,809,1.0,1494633600
1193,42,4.0,1526688000
1194,236,4.0,1392854400
1194,165,4.0,1444953600
1194,11,5.0,1497830400
1194,373,5.0,1498953600
1194,46,5.0,1499385600
1194,394,5.0,1500422400
1194,724,5.0,1501200000
1195,88,4.0,1377216000
1195,545,4.0,1432684800
1195,593,5.0,1452729600
1195,142,5.0,1478476800
1195,671,4.0,1485388800
1195,156,3.0,1488499200
1195,651,5.0,1496016000
1195,808,2.0,1497744000
1195,373,5.0,1498780800
1195,394,5.0,1501545600
1196,6,5.0,1461715200
1196,146,5.0,1461715200
1196,232,5.0,1461715200
1196,364,5.0,1461715200
1196,407,5.0,1461715200
1196,777,5.0,1461715200
1197,6,5.0,1409529600
1197,146,5.0,1409529600
1197,232,5.0,1409529600
1197,364,5.0,1409529600
1197,407,5.0,1409529600
1197,777,5.0,1409529600
1198,816,3.0,1415836800
1198,664,3.0,1448841600
1198,711,5.0,1455062400
1198,610,5.0,1457481600
1198,624,5.0,1458345600
1198,215,5.0,1468454400
1198,141,4.0,1468886400
1199,499,4.0,1408752000
1199,780,5.0,1408752000
1199,48,4.0,1423785600
1200,728,5.0,1491782400
1200,205,5.0,1502323200
1200,549,5.0,1506124800
1200,454,5.0,1510358400
1200,735,5.0,1510358400
1200,761,5.0,1517875200
1201,20,4.0,1391212800
1201,327,4.0,1440633600
1201,742,5.0,1456012800
1201,19,4.0,1464393600
1201,187,3.0,1465776000
1201,163,4.0,1474502400
1201,739,5.0,1493510400
1202,520,4.0,1390953600
1202,507,4.0,1391472000
1202,138,3.0,1392768000
1202,685,4.0,1414195200
1202,687,3.0,1416441600
1202,124,5.0,1420675200
1202,83,5.0,1422835200
1202,14,5.0,1430870400
1202,569,4.0,1435881600
1202,35,5.0,1445299200
1202,350,3.0,1445299200
1202,409,5.0,1446076800
1202,142,4.0,1446854400
1202,238,5.0,1458345600
1202,246,4.0,1459209600
1202,598,5.0,1460160000
1202,230,5.0,1461110400
1202,388,3.0,1466467200
1202,216,2.0,1466985600
1202,268,3.0,1469491200
1202,603,5.0,1477353600
1202,602,4.0,1484006400
1202,45,5.0,1485043200
1202,354,3.0,1485043200
1202,571,3.0,1491004800
1202,772,5.0,1495152000
1202,11,5.0,1498003200
1202,195,5.0,1498694400
1202,46,5.0,1498780800
1202,245,4.0,1498780800
1202,197,5.0,1502582400
1202,147,4.0,1508976000
1202,678,5.0,1519257600
1202,675,3.0,1522022400
1203,815,3.0,1416009600
1203,35,4.0,1447286400
1203,604,3.0,1449878400
1204,554,5.0,1392249600
1204,189,4.0,1404691200
1204,228,5.0,1409875200
1204,811,5.0,1418342400
1205,6,5.0,1405814400
1205,146,5.0,1405814400
1205,232,5.0,1405814400
1205,364,5.0,1405814400
1205,407,5.0,1405814400
1205,777,5.0,1405814400
1206,23,5.0,1376352000
1206,59,4.0,1420934400
1206,208,4.0,1446940800
1207,112,4.0,1403136000
1207,713,5.0,1485302400
1207,354,4.0,1485388800
1208,6,5.0,1476662400
1208,146,5.0,1476662400
1208,232,5.0,1476662400
1208,364,5.0,1476662400
1208,407,5.0,1476662400
1208,777,5.0,1476662400
1209,525,5.0,1422403200
1209,151,4.0,1514246400
1209,634,5.0,1514246400
1210,574,5.0,1451347200
1210,439,3.0,1453852800
1210,692,1.0,1453852800
1211,360,4.0,1402531200
1211,710,4.0,1403740800
1211,557,3.0,1416614400
1211,313,4.0,1447200000
1211,409,3.0,1447200000
1211,249,5.0,1459209600
1211,517,4.0,1468713600
1212,374,4.0,1294099200
1212,89,3.0,1368576000
1212,261,3.0,1373932800
1212,627,5.0,1392768000
1212,236,5.0,1395100800
1212,790,3.0,1397692800
1212,594,4.0,1434326400
1212,26,5.0,1465689600
1212,603,4.0,1469404800
1213,422,4.0,1456876800
1213,786,5.0,1458086400
1213,326,5.0,1458950400
1213,297,5.0,1460332800
1214,805,4.0,1399420800
1214,705,3.0,1429574400
1214,425,5.0,1442793600
1214,249,4.0,1458691200
1214,246,4.0,1459209600
1214,747,4.0,1467331200
1214,751,4.0,1467763200
1214,720,4.0,1468108800
1214,141,4.0,1468368000
1214,271,5.0,1473638400
1214,358,4.0,1473638400
1214,721,4.0,1476057600
1214,603,3.0,1478217600
1214,11,3.0,1497916800
1215,6,5.0,1418688000
1215,146,5.0,1418688000
1215,232,5.0,1418688000
1215,364,5.0,1418688000
1215,407,5.0,1418688000
1215,777,5.0,1418688000
1216,17,5.0,1453248000
1216,91,5.0,1456790400
1216,692,5.0,1466208000
1217,89,4.0,1356480000
1217,730,1.0,1420934400
1217,705,1.0,1431907200
1217,183,3.0,1443139200
1217,820,5.0,1449014400
1217,219,3.0,1452211200
1217,838,3.0,1456012800
1217,230,3.0,1464048000
1218,6,5.0,1379894400
1218,146,5.0,1379894400
1218,232,5.0,1379894400
1218,364,5.0,1379894400
1218,407,5.0,1379894400
1218,777,5.0,1379894400
1219,794,4.0,1398729600
1219,279,4.0,1433548800
1219,558,5.0,1437609600
1219,522,2.0,1441497600
1219,711,2.0,1455494400
1219,521,5.0,1463443200
1219,612,5.0,1466208000
1219,107,5.0,1467244800
1219,720,5.0,1467763200
1219,143,3.0,1468195200
1219,588,3.0,1468195200
1219,688,4.0,1468454400
1219,359,3.0,1469404800
1219,748,5.0,1469404800
1219,226,4.0,1469750400
1219,754,5.0,1474502400
1219,338,4.0,1475107200
1219,42,4.0,1485648000
1219,526,4.0,1488758400
1219,713,5.0,1488844800
1219,377,5.0,1489017600
1219,167,5.0,1490054400
1219,386,5.0,1490659200
1219,519,5.0,1492473600
1219,709,3.0,1492732800
1219,599,5.0,1497744000
1219,373,4.0,1498262400
1219,394,5.0,1498867200
1219,836,5.0,1501545600
1219,460,5.0,1502841600
1219,775,5.0,1517270400
1220,595,5.0,1409961600
1220,622,4.0,1415404800
1220,495,5.0,1424304000
1220,513,5.0,1430092800
1220,735,5.0,1430611200
1220,250,4.0,1445644800
1220,190,5.0,1448409600
1220,838,5.0,1452902400
1220,101,5.0,1455321600
1220,358,5.0,1472947200
1220,658,5.0,1474675200
1220,655,5.0,1475712000
1220,142,5.0,1477094400
1220,74,5.0,1484006400
1220,526,5.0,1488499200
1220,713,5.0,1488499200
1220,242,5.0,1491523200
1220,40,5.0,1492819200
1220,808,5.0,1496620800
1220,11,5.0,1499040000
1220,46,5.0,1499040000
1220,245,5.0,1499040000
1220,373,5.0,1499040000
1220,375,5.0,1499040000
1220,394,5.0,1499040000
1220,599,5.0,1499040000
1220,67,3.0,1502582400
1220,120,4.0,1524009600
1220,186,5.0,1524009600
1221,595,4.0,1408060800
1221,646,4.0,1414972800
1221,824,5.0,1457827200
1222,803,4.0,1415664000
1222,336,5.0,1442016000
1222,649,1.0,1457481600
1222,237,5.0,1473552000
1223,649,4.0,1477353600
1223,778,4.0,1480636800
1223,653,5.0,1484611200
1223,245,5.0,1501027200
1223,394,4.0,1501372800
1224,721,4.0,1477440000
1224,783,4.0,1489449600
1224,255,5.0,1490140800
1224,641,5.0,1491523200
1225,89,4.0,1353283200
1225,661,5.0,1377993600
1225,33,4.0,1425686400
1225,427,5.0,1446249600
1225,219,3.0,1449792000
1225,331,5.0,1465344000
1225,517,4.0,1466640000
1225,283,5.0,1482537600
1225,809,4.0,1506556800
1226,6,1.0,1414368000
1226,146,1.0,1414368000
1226,232,1.0,1414368000
1226,364,1.0,1414368000
1226,407,1.0,1414368000
1226,777,1.0,1414368000
1227,813,5.0,1444867200
1227,588,2.0,1468627200
1227,118,3.0,1473811200
1228,112,5.0,1400976000
1228,493,5.0,1415145600
1228,615,4.0,1428364800
1228,838,4.0,1453680000
1228,133,4.0,1459296000
1228,423,4.0,1475193600
1228,531,5.0,1476316800
1229,290,4.0,1446681600
1229,602,4.0,1446681600
1229,573,4.0,1458604800
1229,590,5.0,1468972800
1229,358,5.0,1473897600
1230,56,5.0,1422835200
1230,481,3.0,1430179200
1230,155,4.0,1443052800
1230,492,4.0,1443571200
1230,7,5.0,1443744000
1230,727,5.0,1443830400
1230,367,4.0,1444003200
1230,183,4.0,1445558400
1230,623,4.0,1446681600
1230,831,5.0,1446681600
1230,32,5.0,1447027200
1230,427,5.0,1447113600
1230,165,4.0,1448928000
1230,142,4.0,1449100800
1230,286,4.0,1451433600
1230,94,5.0,1458777600
1230,798,3.0,1469318400
1230,644,4.0,1469750400
1230,28,4.0,1478044800
1230,757,5.0,1483747200
1230,602,5.0,1484092800
1230,633,4.0,1485043200
1230,160,5.0,1489708800
1230,809,5.0,1490572800
1230,167,5.0,1490832000
1230,739,5.0,1492560000
1230,497,5.0,1492905600
1230,599,5.0,1497571200
1230,373,5.0,1498003200
1230,207,5.0,1501632000
1231,151,5.0,1440201600
1231,311,5.0,1440201600
1231,444,5.0,1440201600
1232,227,3.0,1435190400
1232,136,3.0,1435276800
1232,510,5.0,1435276800
1232,788,4.0,1435276800
1233,6,4.0,1505779200
1233,146,4.0,1505779200
1233,232,4.0,1505779200
1233,364,4.0,1505779200
1233,407,4.0,1505779200
1233,777,4.0,1505779200
1234,235,3.0,1419292800
1234,463,1.0,1429228800
1234,30,4.0,1430956800
1234,145,5.0,1436832000
1234,367,3.0,1445558400
1234,201,4.0,1445990400
1235,6,5.0,1381968000
1235,146,5.0,1381968000
1235,232,5.0,1381968000
1235,364,5.0,1381968000
1235,407,5.0,1381968000
1235,777,5.0,1381968000
1236,456,3.0,1432425600
1236,283,3.0,1475798400
1236,526,2.0,1492041600
1236,402,3.0,1495756800
1236,393,4.0,1496966400
1236,31,4.0,1505433600
1237,65,3.0,1391040000
1237,648,4.0,1415664000
1237,817,5.0,1423008000
1237,184,2.0,1431475200
1237,308,4.0,1433548800
1237,410,5.0,1443484800
1237,813,5.0,1445558400
1237,422,5.0,1457049600
1237,399,4.0,1457827200
1237,226,3.0,1468972800
1238,6,1.0,1373241600
1238,146,1.0,1373241600
1238,232,1.0,1373241600
1238,364,1.0,1373241600
1238,407,1.0,1373241600
1238,777,1.0,1373241600
1239,6,4.0,1400025600
1239,146,4.0,1400025600
1239,232,4.0,1400025600
1239,364,4.0,1400025600
1239,407,4.0,1400025600
1239,777,4.0,1400025600
1240,38,5.0,1430352000
1240,834,4.0,1438905600
1240,284,5.0,1456531200
1241,99,4.0,1433203200
1241,755,4.0,1456790400
1241,153,3.0,1460246400
1242,507,3.0,1392076800
1242,663,5.0,1402704000
1242,56,4.0,1423699200
1243,6,5.0,1471305600
1243,146,5.0,1471305600
1243,232,5.0,1471305600
1243,364,5.0,1471305600
1243,407,5.0,1471305600
1243,777,5.0,1471305600
1244,648,3.0,1417651200
1244,157,3.0,1427760000
1244,34,4.0,1447200000
1244,726,4.0,1454457600
1244,36,3.0,1455408000
1244,133,4.0,1458604800
1244,598,4.0,1462665600
1244,388,4.0,1468540800
1245,472,5.0,1393113600
1245,174,4.0,1402185600
1245,360,3.0,1402185600
1245,90,4.0,1403308800
1245,597,4.0,1403308800
1245,491,4.0,1415491200
1245,266,3.0,1419292800
1245,610,4.0,1458518400
1245,656,2.0,1460246400
1245,480,5.0,1464912000
1245,245,3.0,1499126400
1245,373,4.0,1499126400
1246,406,4.0,1412985600
1246,535,5.0,1415059200
1246,279,4.0,1433808000
1246,249,5.0,1459296000
1246,153,4.0,1461110400
1246,242,4.0,1491436800
1246,599,5.0,1498867200
1247,472,4.0,1391385600
1247,473,4.0,1415318400
1247,95,3.0,1430438400
1247,410,4.0,1443916800
1247,433,3.0,1457481600
1247,432,5.0,1478649600
1247,45,4.0,1488412800
1247,443,4.0,1488412800
1247,614,5.0,1492560000
1247,11,3.0,1498435200
1248,289,5.0,1418515200
1248,173,5.0,1419638400
1248,811,5.0,1420848000
1248,299,4.0,1423440000
1248,776,3.0,1431475200
1248,239,5.0,1432857600
1248,258,4.0,1444348800
1248,294,5.0,1445644800
1248,820,5.0,1446249600
1248,34,5.0,1446595200
1248,323,4.0,1447804800
1248,488,3.0,1455408000
1248,550,2.0,1457481600
1248,517,3.0,1465344000
1248,216,3.0,1466121600
1248,420,2.0,1466899200
1248,192,2.0,1469750400
1248,271,5.0,1472256000
1248,343,4.0,1475539200
1248,649,5.0,1477612800
1248,42,5.0,1485993600
1248,282,5.0,1494288000
1248,772,3.0,1494374400
1248,142,5.0,1494720000
1248,808,5.0,1496707200
1248,281,5.0,1501459200
1248,298,4.0,1502150400
1248,247,4.0,1502928000
1248,603,5.0,1503100800
1248,832,5.0,1521849600
1249,6,5.0,1382140800
1249,146,5.0,1382140800
1249,232,5.0,1382140800
1249,364,5.0,1382140800
1249,407,5.0,1382140800
1249,777,5.0,1382140800
1250,6,4.0,1406160000
1250,146,4.0,1406160000
1250,232,4.0,1406160000
1250,364,4.0,1406160000
1250,407,4.0,1406160000
1250,777,4.0,1406160000
1251,451,5.0,1414627200
1251,137,5.0,1421020800
1251,14,4.0,1430784000
1251,501,4.0,1432339200
1251,449,5.0,1445385600
1251,339,5.0,1458259200
1251,246,4.0,1459555200
1251,141,5.0,1468281600
1251,202,5.0,1468886400
1251,778,5.0,1478649600
1251,633,5.0,1484956800
1251,119,4.0,1486166400
1251,49,5.0,1488585600
1251,167,5.0,1490918400
1251,152,5.0,1491091200
1251,431,5.0,1491091200
1251,772,5.0,1494633600
1251,808,4.0,1496534400
1251,394,5.0,1498262400
1251,281,4.0,1501113600
1251,142,4.0,1501718400
1251,298,4.0,1502582400
1251,185,5.0,1502841600
1251,603,5.0,1503792000
1251,534,5.0,1504483200
1252,6,5.0,1415318400
1252,146,5.0,1415318400
1252,232,5.0,1415318400
1252,364,5.0,1415318400
1252,407,5.0,1415318400
1252,777,5.0,1415318400
1253,6,5.0,1415318400
1253,146,5.0,1415318400
1253,232,5.0,1415318400
1253,364,5.0,1415318400
1253,407,5.0,1415318400
1253,777,5.0,1415318400
1254,6,3.0,1370044800
1254,146,3.0,1370044800
1254,232,3.0,1370044800
1254,364,3.0,1370044800
1254,407,3.0,1370044800
1254,777,3.0,1370044800
1255,6,5.0,1469923200
1255,146,5.0,1469923200
1255,232,5.0,1469923200
1255,364,5.0,1469923200
1255,407,5.0,1469923200
1255,777,5.0,1469923200
1256,387,5.0,1367020800
1256,683,5.0,1367020800
1256,403,1.0,1384387200
1257,60,5.0,1473897600
1257,158,5.0,1473897600
1257,151,5.0,1488758400
1258,73,5.0,1357430400
1258,424,5.0,1357430400
1258,539,5.0,1357430400
1258,765,5.0,1357430400
1258,788,5.0,1357430400
1259,368,5.0,1423612800
1259,299,5.0,1424131200
1259,463,5.0,1428883200
1259,279,5.0,1435017600
1260,663,3.0,1398124800
1260,794,4.0,1398124800
1260,87,4.0,1398643200
1260,566,4.0,1444780800
1260,142,4.0,1445644800
1260,418,4.0,1447027200
1260,772,3.0,1453248000
1260,94,3.0,1458000000
1260,230,4.0,1461456000
1260,590,3.0,1467936000
1260,318,2.0,1473638400
1261,816,2.0,1415664000
1261,190,3.0,1449878400
1261,447,4.0,1452816000
1261,612,3.0,1466294400
1261,107,4.0,1467158400
1261,603,4.0,1468281600
1261,748,4.0,1469318400
1261,110,3.0,1479081600
1261,785,3.0,1482624000
1261,45,3.0,1485302400
1261,553,3.0,1487203200
1261,571,2.0,1491350400
1262,609,2.0,1403654400
1262,475,5.0,1455667200
1262,238,4.0,1458172800
1262,281,4.0,1460592000
1262,335,5.0,1467158400
1262,633,5.0,1486684800
1262,679,5.0,1488326400
1262,809,5.0,1493510400
1262,686,5.0,1495756800
1262,393,4.0,1500508800
1262,520,4.0,1514419200
1262,792,5.0,1526342400
1263,451,5.0,1424736000
1263,73,3.0,1428883200
1263,424,3.0,1428883200
1264,6,5.0,1411862400
1264,146,5.0,1411862400
1264,232,5.0,1411862400
1264,364,5.0,1411862400
1264,407,5.0,1411862400
1264,777,5.0,1411862400
1265,179,5.0,1415318400
1265,532,5.0,1424995200
1265,719,5.0,1429833600
1265,756,4.0,1445990400
1265,313,5.0,1446681600
1265,418,1.0,1447459200
1265,664,5.0,1449187200
1265,682,5.0,1457740800
1265,12,4.0,1472688000
1265,763,5.0,1479340800
1265,369,5.0,1479513600
1265,393,5.0,1489276800
1265,553,5.0,1489276800
1265,181,2.0,1492819200
1265,11,5.0,1497830400
1265,245,5.0,1497916800
1265,373,5.0,1497916800
1265,599,5.0,1497916800
1265,46,5.0,1498348800
1265,92,5.0,1502668800
1265,621,5.0,1502668800
1265,453,3.0,1512345600
1265,605,5.0,1513209600
1265,606,5.0,1517875200
1265,186,5.0,1523577600
1265,619,5.0,1524700800
1266,486,4.0,1406678400
1266,545,5.0,1430092800
1266,410,4.0,1443657600
1267,791,5.0,1403395200
1267,225,1.0,1425427200
1267,343,5.0,1442966400
1267,367,5.0,1445385600
1267,201,5.0,1446163200
1267,372,5.0,1446163200
1267,32,5.0,1448150400
1267,427,5.0,1448409600
1268,818,3.0,1486166400
1268,836,4.0,1501632000
1268,63,4.0,1503014400
1268,92,4.0,1503014400
1268,650,5.0,1511308800
1269,387,3.0,1375056000
1269,683,3.0,1375056000
1269,196,5.0,1442188800
1270,448,5.0,1401926400
1270,228,4.0,1410912000
1270,57,4.0,1415664000
1270,200,4.0,1422921600
1270,629,3.0,1424044800
1270,7,4.0,1446163200
1270,756,4.0,1446163200
1270,142,5.0,1447372800
1270,742,4.0,1455321600
1271,6,4.0,1464739200
1271,146,4.0,1464739200
1271,232,4.0,1464739200
1271,364,4.0,1464739200
1271,407,4.0,1464739200
1271,777,4.0,1464739200
1272,721,4.0,1475712000
1272,352,4.0,1481414400
1272,750,5.0,1485648000
1272,275,5.0,1486425600
1272,713,3.0,1486425600
1272,484,5.0,1488672000
1272,390,5.0,1492905600
1272,40,5.0,1494028800
1272,724,5.0,1498435200
1272,245,5.0,1499212800
1272,512,3.0,1502582400
1272,115,4.0,1510963200
1272,46,3.0,1512864000
1273,6,5.0,1475884800
1273,232,5.0,1475884800
1273,364,5.0,1475884800
1273,407,5.0,1475884800
1274,622,5.0,1414540800
1274,646,5.0,1414972800
1274,604,4.0,1447200000
1274,624,4.0,1457049600
1274,148,4.0,1457568000
1274,824,5.0,1458172800
1274,42,5.0,1485993600
1274,394,4.0,1497916800
1274,599,5.0,1497916800
1274,197,5.0,1501545600
1274,760,4.0,1507680000
1274,147,3.0,1507939200
1274,743,3.0,1519776000
1275,6,5.0,1399075200
1275,232,5.0,1399075200
1275,364,5.0,1399075200
1275,407,5.0,1399075200
1276,17,3.0,1452729600
1276,126,5.0,1453766400
1276,692,5.0,1453766400
1276,642,5.0,1456185600
1277,6,5.0,1374019200
1277,146,5.0,1374019200
1277,232,5.0,1374019200
1277,234,5.0,1374019200
1277,407,5.0,1374019200
1277,777,5.0,1374019200
1278,320,4.0,1407196800
1278,648,3.0,1417132800
1278,266,4.0,1419984000
1278,727,3.0,1445126400
1278,411,4.0,1445472000
1278,18,4.0,1445817600
1278,93,2.0,1446076800
1278,820,3.0,1446854400
1279,704,5.0,1416268800
1279,766,3.0,1421280000
1279,368,4.0,1424131200
1279,188,4.0,1431129600
1279,618,5.0,1433203200
1279,278,3.0,1433894400
1279,172,1.0,1437091200
1279,259,5.0,1438819200
1279,320,4.0,1440460800
1279,566,4.0,1445472000
1279,265,4.0,1447459200
1279,664,4.0,1448668800
1279,171,5.0,1448928000
1279,639,4.0,1450051200
1279,706,2.0,1452643200
1279,708,5.0,1452643200
1279,416,5.0,1453680000
1279,652,4.0,1457913600
1279,229,4.0,1459382400
1279,767,5.0,1460764800
1279,518,5.0,1463356800
1279,117,2.0,1466467200
1279,150,5.0,1467504000
1279,215,4.0,1467849600
1279,751,3.0,1468108800
1279,283,5.0,1475020800
1279,697,3.0,1482624000
1280,587,5.0,1470960000
1280,151,5.0,1509494400
1280,349,5.0,1509494400
1281,239,5.0,1352851200
1281,560,5.0,1352851200
1281,258,5.0,1355702400
1282,6,5.0,1380844800
1282,232,5.0,1380844800
1282,364,5.0,1380844800
1282,407,5.0,1380844800
1283,544,5.0,1411862400
1283,114,5.0,1424649600
1283,349,5.0,1424649600
1284,376,5.0,1373932800
1284,257,5.0,1390608000
1284,64,5.0,1392595200
1284,840,4.0,1392595200
1284,371,4.0,1397692800
1284,805,4.0,1400976000
1284,586,3.0,1403049600
1284,766,5.0,1420934400
1284,629,2.0,1423440000
1284,235,3.0,1482278400
1284,651,4.0,1489968000
1284,152,3.0,1490918400
1284,431,3.0,1490918400
1284,386,5.0,1491868800
1284,34,2.0,1496620800
1284,599,4.0,1499558400
1284,46,4.0,1500249600
1284,245,4.0,1500336000
1284,11,4.0,1507680000
1285,6,5.0,1419206400
1285,146,5.0,1419206400
1285,232,5.0,1419206400
1285,364,5.0,1419206400
1285,407,5.0,1419206400
1285,777,5.0,1419206400
1286,330,4.0,1392768000
1286,235,3.0,1419292800
1286,772,5.0,1456790400
1286,736,4.0,1472169600
1286,744,5.0,1474761600
1286,553,4.0,1488240000
1286,479,3.0,1492041600
1286,713,3.0,1493596800
1287,69,4.0,1414800000
1287,545,3.0,1430438400
1287,425,3.0,1442534400
1287,101,1.0,1455235200
1287,755,5.0,1456704000
1287,176,3.0,1460937600
1287,160,2.0,1491609600
1287,40,2.0,1493942400
1287,159,5.0,1493942400
1287,11,5.0,1499212800
1287,46,5.0,1499212800
1287,394,5.0,1499212800
1287,599,5.0,1499212800
1288,559,3.0,1375488000
1288,34,4.0,1446595200
1288,593,4.0,1448755200
1288,416,5.0,1453680000
1288,412,3.0,1460851200
1288,202,5.0,1468800000
1288,3,5.0,1470009600
1288,310,5.0,1473379200
1288,358,5.0,1474243200
1288,479,5.0,1486425600
1289,602,5.0,1484265600
1289,373,5.0,1498176000
1289,394,5.0,1498176000
1289,461,5.0,1517443200
1290,88,3.0,1375056000
1290,44,2.0,1423526400
1290,522,5.0,1444003200
1290,286,4.0,1452038400
1290,772,4.0,1453075200
1290,656,4.0,1458086400
1290,480,4.0,1464652800
1291,690,5.0,1415318400
1291,473,4.0,1415750400
1291,294,2.0,1446076800
1291,599,5.0,1499212800
1292,222,5.0,1404259200
1292,267,5.0,1411344000
1292,796,5.0,1411344000
1292,256,5.0,1412121600
1292,510,5.0,1412121600
1292,575,5.0,1415577600
1292,539,5.0,1416787200
1292,689,5.0,1416787200
1292,681,5.0,1417132800
1292,788,5.0,1418256000
1292,70,5.0,1420502400
1292,292,3.0,1436140800
1293,663,5.0,1399766400
1293,551,4.0,1415145600
1293,48,5.0,1421539200
1293,13,5.0,1434067200
1293,61,4.0,1435622400
1293,831,2.0,1443484800
1293,411,5.0,1445904000
1293,593,5.0,1448323200
1293,718,2.0,1467849600
1293,3,4.0,1468540800
1293,515,5.0,1480982400
1293,46,4.0,1497571200
1293,677,5.0,1501545600
1294,6,5.0,1476748800
1294,146,5.0,1476748800
1294,232,5.0,1476748800
1294,364,5.0,1476748800
1294,407,5.0,1476748800
1294,777,5.0,1476748800
1295,814,5.0,1397692800
1295,695,3.0,1414713600
1295,321,3.0,1416528000
1295,557,3.0,1416528000
1295,456,4.0,1429920000
1295,772,5.0,1453680000
1295,160,2.0,1492560000
1295,245,5.0,1499212800
1296,6,4.0,1461974400
1296,146,4.0,1461974400
1296,232,4.0,1461974400
1296,364,4.0,1461974400
1296,407,4.0,1461974400
1296,777,4.0,1461974400
1297,154,4.0,1369094400
1297,405,1.0,1393286400
1297,241,5.0,1473552000
1298,162,5.0,1452124800
1298,771,4.0,1452124800
1298,142,4.0,1477872000
1298,452,4.0,1483488000
1298,739,4.0,1493078400
1298,245,5.0,1498435200
1298,637,5.0,1510358400
1298,719,4.0,1524528000
1299,174,2.0,1403568000
1299,704,5.0,1414972800
1299,462,3.0,1431993600
1300,643,4.0,1417305600
1300,524,4.0,1450742400
1300,548,5.0,1457654400
1300,107,2.0,1468540800
1300,110,3.0,1478822400
1301,33,4.0,1440892800
1301,567,4.0,1440892800
1301,517,3.0,1468368000
1301,599,5.0,1481414400
1301,31,4.0,1498608000
1301,46,3.0,1500595200
1301,11,5.0,1514851200
1301,92,4.0,1525737600
1302,6,5.0,1376611200
1302,146,5.0,1376611200
1302,232,5.0,1376611200
1302,364,5.0,1376611200
1302,407,5.0,1376611200
1302,777,5.0,1376611200
1303,685,4.0,1412812800
1303,30,3.0,1430438400
1303,278,4.0,1434326400
1303,409,5.0,1445731200
1303,616,4.0,1458604800
1303,761,5.0,1459555200
1303,163,5.0,1474243200
1303,649,5.0,1477872000
1303,476,4.0,1493164800
1303,245,5.0,1499299200
1303,42,4.0,1507766400
1303,453,5.0,1513728000
1304,330,4.0,1395619200
1304,764,3.0,1423958400
1304,26,3.0,1465257600
1304,28,5.0,1475625600
1304,830,2.0,1480896000
1304,50,2.0,1487635200
1305,69,5.0,1414800000
1305,584,4.0,1432252800
1305,336,5.0,1443312000
1305,4,4.0,1460332800
1305,599,5.0,1498262400
1305,245,5.0,1499385600
1305,394,5.0,1500681600
1306,790,1.0,1395273600
1306,638,4.0,1403568000
1306,551,5.0,1415232000
1306,124,4.0,1421712000
1306,764,4.0,1423526400
1306,526,5.0,1488585600
1306,11,5.0,1497744000
1306,46,5.0,1497744000
1306,245,5.0,1497744000
1306,373,5.0,1498780800
1306,195,5.0,1498867200
1306,394,5.0,1498867200
1306,599,5.0,1498867200
1307,536,2.0,1371427200
1307,829,4.0,1371427200
1307,784,5.0,1415232000
1307,491,3.0,1418169600
1307,48,5.0,1420675200
1307,766,4.0,1420675200
1307,594,4.0,1431302400
1307,155,5.0,1439683200
1307,445,4.0,1440633600
1307,7,5.0,1444435200
1307,208,3.0,1445040000
1307,409,4.0,1445990400
1307,276,4.0,1447977600
1307,286,5.0,1451260800
1307,422,5.0,1456963200
1307,370,5.0,1458950400
1307,153,4.0,1460419200
1307,149,4.0,1463961600
1307,85,4.0,1466985600
1307,413,4.0,1466985600
1307,215,3.0,1467590400
1307,603,4.0,1468108800
1307,751,3.0,1468195200
1307,76,4.0,1468972800
1307,748,5.0,1469059200
1307,351,4.0,1469145600
1307,268,5.0,1471046400
1307,721,3.0,1476835200
1307,355,5.0,1478131200
1307,97,5.0,1482537600
1307,750,4.0,1486080000
1307,713,3.0,1486425600
1307,419,4.0,1488499200
1307,394,5.0,1497916800
1307,677,5.0,1502150400
1307,313,5.0,1505088000
1308,829,4.0,1371340800
1308,90,2.0,1400025600
1308,597,2.0,1400025600
1308,134,5.0,1448236800
1308,46,5.0,1497657600
1308,245,3.0,1497657600
1308,599,3.0,1497657600
1308,373,4.0,1498003200
1309,451,4.0,1414713600
1309,33,3.0,1423180800
1309,594,5.0,1431043200
1309,308,5.0,1433635200
1309,389,5.0,1455235200
1309,37,5.0,1456012800
1309,326,5.0,1458691200
1309,153,1.0,1461024000
1309,149,4.0,1464825600
1309,517,4.0,1465776000
1309,76,4.0,1469059200
1309,774,2.0,1473033600
1309,423,4.0,1473811200
1309,28,4.0,1475020800
1309,830,5.0,1479686400
1309,783,3.0,1489449600
1309,709,4.0,1492732800
1309,159,5.0,1493596800
1309,375,1.0,1497312000
1309,637,5.0,1509926400
1309,115,3.0,1516406400
1310,330,5.0,1393632000
1310,626,5.0,1445040000
1310,469,5.0,1445472000
1310,5,5.0,1448668800
1310,799,5.0,1463011200
1310,588,5.0,1468800000
1310,754,5.0,1473984000
1311,6,5.0,1424908800
1311,146,5.0,1424908800
1311,232,5.0,1424908800
1311,364,5.0,1424908800
1311,407,5.0,1424908800
1311,777,5.0,1424908800
1312,6,5.0,1458777600
1312,146,5.0,1458777600
1312,232,5.0,1458777600
1312,364,5.0,1458777600
1312,407,5.0,1458777600
1312,777,5.0,1458777600
1313,138,4.0,1392768000
1313,498,4.0,1392768000
1313,174,3.0,1400198400
1313,90,3.0,1405555200
1313,597,3.0,1405555200
1313,635,3.0,1443225600
1313,313,4.0,1448755200
1313,750,3.0,1494115200
1314,96,4.0,1409961600
1314,59,4.0,1418256000
1314,629,4.0,1423180800
1314,14,3.0,1430956800
1314,492,3.0,1444867200
1315,112,5.0,1401235200
1315,595,3.0,1407715200
1315,459,5.0,1413417600
1315,451,5.0,1414627200
1315,391,5.0,1415232000
1315,54,5.0,1429833600
1315,428,5.0,1447977600
1315,102,5.0,1449878400
1315,414,5.0,1457654400
1315,187,4.0,1465084800
1315,612,4.0,1466380800
1315,215,4.0,1467763200
1315,631,5.0,1468627200
1315,688,5.0,1468627200
1315,118,5.0,1473206400
1315,340,5.0,1480204800
1315,632,4.0,1484611200
1315,74,5.0,1485216000
1315,402,5.0,1488412800
1315,42,4.0,1490659200
1315,419,5.0,1490745600
1315,373,4.0,1498003200
1315,245,5.0,1500249600
1315,630,5.0,1500249600
1316,244,4.0,1431648000
1316,144,5.0,1445299200
1316,265,5.0,1446768000
1316,224,5.0,1449014400
1316,353,4.0,1470700800
1316,526,5.0,1495238400
1316,739,5.0,1514419200
1316,52,5.0,1526688000
1316,159,5.0,1526688000
1317,95,3.0,1430179200
1317,420,5.0,1467417600
1317,721,3.0,1475798400
1317,182,3.0,1488758400
1317,303,5.0,1489536000
1318,218,3.0,1373155200
1318,780,4.0,1405900800
1318,648,4.0,1415491200
1318,281,4.0,1461715200
1318,747,4.0,1467244800
1319,805,4.0,1398470400
1319,816,1.0,1415404800
1319,766,4.0,1420934400
1319,569,4.0,1437091200
1319,442,4.0,1445731200
1319,491,2.0,1453507200
1319,751,4.0,1468713600
1319,679,4.0,1484956800
1319,168,2.0,1485820800
1320,753,5.0,1411603200
1320,285,5.0,1464393600
1320,752,5.0,1470614400
1320,254,5.0,1476057600
1321,261,5.0,1376697600
1321,111,5.0,1443139200
1321,521,5.0,1464048000
1322,227,5.0,1460937600
1322,256,5.0,1460937600
1322,510,5.0,1460937600
1322,421,5.0,1513123200
1323,602,5.0,1331510400
1323,344,5.0,1355788800
1323,604,5.0,1355788800
1324,406,4.0,1414022400
1324,564,3.0,1415923200
1324,163,2.0,1474243200
1324,555,1.0,1477094400
1324,527,4.0,1479427200
1324,814,5.0,1480291200
1325,126,5.0,1471046400
1325,692,5.0,1471046400
1325,781,5.0,1471046400
1326,363,5.0,1373068800
1326,493,5.0,1415232000
1326,818,4.0,1486512000
1326,783,5.0,1488931200
1327,154,4.0,1371859200
1327,6,4.0,1392422400
1327,146,4.0,1392422400
1327,232,4.0,1392422400
1327,364,5.0,1392422400
1327,407,4.0,1392422400
1327,777,4.0,1392422400
1328,236,4.0,1389225600
1328,716,5.0,1390003200
1328,228,3.0,1410998400
1328,469,5.0,1445472000
1329,797,5.0,1415750400
1329,719,4.0,1430179200
1329,323,3.0,1448236800
1330,100,5.0,1399852800
1330,301,5.0,1399852800
1330,430,5.0,1399852800
1331,213,4.0,1415664000
1331,429,2.0,1416787200
1331,291,4.0,1416960000
1331,556,3.0,1439596800
1331,288,4.0,1444867200
1331,246,4.0,1460073600
1331,603,4.0,1469750400
1331,772,5.0,1477440000
1331,142,5.0,1478131200
1331,452,4.0,1483315200
1332,89,3.0,1358294400
1332,745,5.0,1403136000
1332,381,4.0,1430006400
1333,406,5.0,1417392000
1333,539,5.0,1417392000
1333,575,5.0,1417392000
1334,64,5.0,1391817600
1334,257,4.0,1392508800
1334,710,5.0,1403049600
1334,175,4.0,1416268800
1334,194,2.0,1430179200
1334,501,4.0,1432598400
1334,470,3.0,1444608000
1334,524,4.0,1448755200
1334,711,3.0,1456272000
1334,297,4.0,1460678400
1334,749,4.0,1475366400
1335,600,4.0,1373155200
1335,20,4.0,1390953600
1335,716,4.0,1392422400
1335,66,4.0,1414540800
1335,406,5.0,1414540800
1335,689,4.0,1414540800
1335,464,4.0,1438387200
1335,835,3.0,1438387200
1335,823,4.0,1446163200
1335,418,4.0,1447200000
1335,649,4.0,1458950400
1335,744,4.0,1473984000
1335,354,4.0,1486771200
1335,342,4.0,1497225600
1336,554,3.0,1391990400
1336,87,5.0,1400976000
1336,694,4.0,1408492800
1336,442,4.0,1445385600
1336,428,5.0,1450828800
1336,454,5.0,1457654400
1337,138,5.0,1391904000
1337,179,4.0,1416009600
1337,501,3.0,1431820800
1337,513,3.0,1432166400
1338,408,5.0,1468368000
1338,12,5.0,1478563200
1338,423,5.0,1478563200
1339,6,5.0,1379116800
1339,146,5.0,1379116800
1339,232,5.0,1379116800
1339,364,5.0,1379116800
1339,407,5.0,1379116800
1339,777,5.0,1379116800
1340,112,5.0,1403049600
1340,174,5.0,1403049600
1340,429,4.0,1417392000
1340,281,4.0,1466467200
1341,487,4.0,1431907200
1341,602,3.0,1445731200
1341,496,4.0,1449878400
1342,425,5.0,1442966400
1342,786,3.0,1459468800
1342,326,4.0,1460246400
1343,729,4.0,1403654400
1343,646,5.0,1415232000
1343,623,4.0,1445385600
1343,75,2.0,1446595200
1343,226,3.0,1469145600
1343,471,5.0,1470441600
1343,310,4.0,1472774400
1343,443,3.0,1486339200
1343,599,2.0,1498435200
1344,296,5.0,1512086400
1344,602,1.0,1514160000
1344,634,5.0,1515369600
1345,489,4.0,1376438400
1345,472,4.0,1392249600
1345,378,5.0,1411344000
1345,564,3.0,1414540800
1345,470,3.0,1442448000
1345,467,5.0,1446768000
1345,215,5.0,1466985600
1345,720,5.0,1467849600
1345,150,4.0,1467936000
1345,202,5.0,1468972800
1345,739,4.0,1492473600
1345,92,5.0,1503446400
1345,621,5.0,1503446400
1345,822,5.0,1511222400
1345,39,2.0,1516579200
1345,62,4.0,1531267200
1346,448,4.0,1403136000
1346,771,4.0,1417305600
1346,246,4.0,1460764800
1346,553,3.0,1488067200
1346,739,4.0,1489968000
1346,571,3.0,1497225600
1346,390,4.0,1503619200
1346,508,5.0,1503964800
1346,453,3.0,1524268800
1346,11,5.0,1525478400
1346,394,5.0,1525478400
1346,599,5.0,1525478400
1347,360,3.0,1400025600
1347,341,4.0,1437696000
1347,116,4.0,1446508800
1347,759,5.0,1447545600
1347,531,4.0,1474761600
1347,338,4.0,1475193600
1347,713,4.0,1485734400
1347,45,4.0,1486080000
1348,646,4.0,1416441600
1348,289,4.0,1418860800
1348,294,3.0,1445644800
1348,93,3.0,1446336000
1348,219,4.0,1448755200
1348,804,5.0,1454112000
1348,786,3.0,1458950400
1348,353,3.0,1470441600
1348,655,4.0,1474588800
1348,300,4.0,1483142400
1349,6,5.0,1458259200
1349,146,5.0,1458259200
1349,232,5.0,1458259200
1349,364,5.0,1458259200
1349,407,5.0,1458259200
1349,777,5.0,1458259200
1350,451,4.0,1415232000
1350,646,4.0,1415491200
1350,184,4.0,1431561600
1350,697,4.0,1483660800
1351,552,4.0,1417219200
1351,485,2.0,1455667200
1351,362,3.0,1455753600
1352,89,4.0,1370995200
1352,643,4.0,1416441600
1352,262,5.0,1426204800
1352,13,4.0,1435276800
1352,409,4.0,1446076800
1352,34,4.0,1447027200
1352,696,5.0,1481673600
1353,734,3.0,1423180800
1353,7,4.0,1443916800
1353,707,4.0,1481932800
1354,6,3.0,1488931200
1354,60,3.0,1488931200
1354,146,3.0,1488931200
1354,158,3.0,1488931200
1354,232,3.0,1488931200
1354,364,3.0,1488931200
1354,407,3.0,1488931200
1354,777,3.0,1488931200
1355,503,4.0,1429747200
1355,713,5.0,1485993600
1355,11,2.0,1498435200
1355,599,4.0,1498435200
1355,8,3.0,1502668800
1355,678,3.0,1519776000
1356,829,4.0,1372204800
1356,174,5.0,1403308800
1356,360,4.0,1403308800
1356,640,5.0,1403308800
1356,609,5.0,1404691200
1356,710,4.0,1404691200
1356,179,4.0,1415145600
1356,773,5.0,1423008000
1356,762,5.0,1441843200
1356,566,5.0,1446940800
1357,387,5.0,1364688000
1357,683,5.0,1364688000
1357,450,5.0,1442880000
1357,73,5.0,1452729600
1357,352,5.0,1483574400
1358,780,4.0,1408406400
1358,756,4.0,1445472000
1358,604,4.0,1445990400
1358,602,4.0,1448323200
1358,726,4.0,1454803200
1358,644,5.0,1469491200
1358,353,4.0,1470182400
1358,152,4.0,1492041600
1358,431,4.0,1492041600
1358,484,4.0,1492732800
1358,160,3.0,1494806400
1358,282,5.0,1494892800
1358,8,4.0,1504828800
1358,334,4.0,1507161600
1359,84,5.0,1359158400
1359,6,5.0,1380758400
1359,146,5.0,1380758400
1359,232,5.0,1380758400
1359,364,5.0,1380758400
1359,407,5.0,1380758400
1359,777,5.0,1380758400
1360,6,5.0,1493596800
1360,146,5.0,1493596800
1360,232,5.0,1493596800
1360,364,5.0,1493596800
1360,407,5.0,1493596800
1360,777,5.0,1493596800
1361,646,5.0,1415059200
1361,576,5.0,1419465600
1361,137,5.0,1421020800
1361,200,3.0,1423958400
1361,735,5.0,1430179200
1361,728,5.0,1457481600
1361,533,5.0,1458172800
1361,598,5.0,1460592000
1361,413,4.0,1467072000
1361,527,5.0,1479686400
1361,245,5.0,1497916800
1361,373,4.0,1497916800
1361,394,4.0,1498694400
1362,803,4.0,1414972800
1362,456,4.0,1429833600
1362,487,5.0,1430265600
1362,7,4.0,1443830400
1362,786,5.0,1457395200
1362,696,2.0,1479686400
1362,243,2.0,1486339200
1362,553,1.0,1486944000
1362,674,3.0,1489017600
1362,11,2.0,1498089600
1362,245,3.0,1498176000
1362,127,3.0,1498435200
1362,373,3.0,1498435200
1362,142,4.0,1501459200
1362,185,4.0,1502150400
1363,6,5.0,1371600000
1363,146,5.0,1371600000
1363,232,5.0,1371600000
1363,364,5.0,1371600000
1363,407,5.0,1371600000
1363,777,5.0,1371600000
1364,472,4.0,1393372800
1364,189,4.0,1405468800
1364,135,5.0,1447891200
1365,363,4.0,1372118400
1365,261,1.0,1375660800
1365,694,4.0,1408406400
1365,604,3.0,1445644800
1365,219,4.0,1448496000
1365,465,4.0,1449273600
1365,286,4.0,1451520000
1366,6,5.0,1455321600
1366,146,5.0,1455321600
1366,232,5.0,1455321600
1366,364,5.0,1455321600
1366,407,5.0,1455321600
1366,777,5.0,1455321600
1367,72,5.0,1393804800
1367,840,2.0,1394150400
1367,787,4.0,1401148800
1367,663,2.0,1401580800
1367,360,3.0,1401667200
1367,483,3.0,1417737600
1367,135,4.0,1445558400
1367,808,4.0,1445990400
1367,823,4.0,1446681600
1367,418,4.0,1447632000
1367,524,3.0,1450224000
1367,755,5.0,1456358400
1367,414,2.0,1458000000
1367,128,5.0,1459123200
1367,590,4.0,1468454400
1367,351,5.0,1468627200
1367,785,3.0,1482796800
1367,419,4.0,1488585600
1367,526,5.0,1494547200
1367,31,4.0,1497744000
1367,46,4.0,1499731200
1367,677,5.0,1501804800
1368,294,3.0,1432944000
1368,417,4.0,1432944000
1368,570,3.0,1432944000
1368,106,3.0,1433289600
1368,477,4.0,1502323200
1369,370,4.0,1458086400
1369,399,5.0,1458086400
1369,47,3.0,1461283200
1369,527,3.0,1483228800
1370,387,5.0,1428883200
1370,683,5.0,1428883200
1370,446,5.0,1438041600
1371,6,2.0,1507420800
1371,232,2.0,1507420800
1371,364,2.0,1507420800
1371,407,2.0,1507420800
1372,175,4.0,1415318400
1372,648,4.0,1416960000
1372,773,4.0,1422403200
1372,615,4.0,1429833600
1373,742,5.0,1454803200
1373,686,5.0,1491523200
1373,11,5.0,1498435200
1373,373,5.0,1498435200
1373,724,5.0,1498435200
1373,394,5.0,1499472000
1373,836,5.0,1501459200
1374,811,5.0,1418428800
1374,629,4.0,1425945600
1374,463,5.0,1429488000
1374,529,5.0,1441584000
1375,384,4.0,1423526400
1375,495,3.0,1424649600
1375,702,5.0,1433116800
1375,514,5.0,1445040000
1375,824,5.0,1457827200
1375,11,3.0,1499558400
1375,436,5.0,1499558400
1375,373,5.0,1500508800
1375,599,5.0,1500508800
1375,394,4.0,1500940800
1376,347,4.0,1389571200
1376,87,5.0,1400284800
1376,791,5.0,1403136000
1376,746,5.0,1404691200
1376,451,5.0,1414713600
1376,372,3.0,1443312000
1376,808,5.0,1445040000
1376,823,5.0,1445472000
1376,602,5.0,1446249600
1376,133,5.0,1458345600
1376,573,4.0,1458604800
1376,388,5.0,1466726400
1376,747,4.0,1467849600
1376,359,4.0,1469145600
1376,679,4.0,1478736000
1376,526,4.0,1489449600
1377,69,5.0,1415059200
1377,372,4.0,1441584000
1377,108,5.0,1469577600
1377,471,5.0,1469577600
1377,192,4.0,1471996800
1377,240,3.0,1484697600
1377,713,5.0,1485907200
1378,473,3.0,1416614400
1378,629,5.0,1426118400
1378,569,4.0,1436227200
1378,610,4.0,1458086400
1378,326,2.0,1459296000
1378,573,4.0,1459728000
1378,50,5.0,1486771200
1378,783,5.0,1489449600
1379,840,5.0,1393459200
1379,448,3.0,1401840000
1379,474,4.0,1416528000
1379,203,4.0,1430006400
1379,739,4.0,1495324800
1379,599,2.0,1498348800
1380,564,1.0,1414454400
1380,695,2.0,1414713600
1380,175,1.0,1415059200
1380,266,5.0,1419638400
1380,680,5.0,1423267200
1380,13,4.0,1435881600
1380,492,4.0,1444867200
1380,367,2.0,1445558400
1381,257,5.0,1391040000
1381,787,4.0,1398816000
1381,463,5.0,1427673600
1381,737,4.0,1435017600
1381,831,3.0,1442966400
1381,208,5.0,1444694400
1381,623,5.0,1444953600
1381,416,5.0,1453161600
1381,399,4.0,1458000000
1381,591,4.0,1472688000
1381,352,5.0,1481587200
1381,34,4.0,1486944000
1381,245,4.0,1497830400
1381,373,4.0,1497830400
1381,46,4.0,1498003200
1381,394,3.0,1498521600
1381,11,3.0,1515456000
1381,129,4.0,1516924800
1382,311,5.0,1270857600
1382,64,5.0,1390780800
1382,371,3.0,1396224000
1382,794,5.0,1398643200
1382,805,5.0,1398643200
1382,90,2.0,1400976000
1382,597,2.0,1400976000
1382,184,4.0,1430438400
1382,823,4.0,1444953600
1382,276,4.0,1447891200
1382,219,5.0,1448928000
1382,656,5.0,1457481600
1382,153,2.0,1460073600
1382,47,2.0,1460332800
1382,176,3.0,1461110400
1382,413,5.0,1465862400
1382,666,2.0,1466812800
1382,747,5.0,1467244800
1382,420,4.0,1467331200
1382,192,2.0,1469664000
1382,108,5.0,1469836800
1382,268,4.0,1470700800
1382,177,3.0,1474070400
1382,240,3.0,1482969600
1382,40,3.0,1492300800
1382,540,2.0,1493769600
1382,373,4.0,1497484800
1382,11,4.0,1499558400
1382,142,3.0,1501286400
1382,197,3.0,1501632000
1382,453,3.0,1511568000
1382,92,4.0,1520899200
1383,502,4.0,1479081600
1383,527,4.0,1479427200
1383,168,3.0,1485475200
1383,818,5.0,1485820800
1384,6,5.0,1405123200
1384,146,5.0,1405123200
1384,232,5.0,1405123200
1384,364,5.0,1405123200
1384,407,5.0,1405123200
1384,777,5.0,1405123200
1385,6,5.0,1401494400
1385,146,5.0,1401494400
1385,232,5.0,1401494400
1385,364,5.0,1401494400
1385,407,5.0,1401494400
1385,777,5.0,1401494400
1386,60,3.0,1493078400
1386,158,3.0,1493078400
1386,349,3.0,1520640000
1387,6,5.0,1380153600
1387,146,5.0,1380153600
1387,232,5.0,1380153600
1387,364,5.0,1380153600
1387,407,5.0,1380153600
1387,777,5.0,1380153600
1388,6,5.0,1482710400
1388,146,5.0,1482710400
1388,232,5.0,1482710400
1388,364,5.0,1482710400
1388,407,5.0,1482710400
1388,777,5.0,1482710400
1389,33,4.0,1438473600
1389,567,4.0,1438473600
1389,666,5.0,1466121600
1389,713,4.0,1487980800
1390,99,4.0,1431475200
1390,635,2.0,1443225600
1390,142,5.0,1445126400
1390,756,3.0,1446336000
1390,286,5.0,1452643200
1390,36,4.0,1455840000
1390,533,4.0,1458345600
1390,412,3.0,1459987200
1390,4,3.0,1461024000
1390,230,4.0,1461628800
1390,149,3.0,1465344000
1390,192,2.0,1469664000
1390,353,4.0,1471132800
1390,713,5.0,1489104000
1390,580,4.0,1489881600
1390,303,4.0,1490054400
1390,373,3.0,1498953600
1390,8,3.0,1502236800
1390,131,3.0,1503446400
1390,147,3.0,1507939200
1390,563,3.0,1515974400
1391,813,5.0,1444780800
1391,313,4.0,1446595200
1391,276,4.0,1447891200
1391,759,5.0,1447891200
1391,414,5.0,1457827200
1391,591,5.0,1472947200
1391,156,3.0,1485648000
1391,580,4.0,1488672000
1391,11,3.0,1499040000
1391,245,4.0,1500940800
1391,675,3.0,1522627200
1392,780,4.0,1409356800
1392,572,4.0,1410480000
1392,96,3.0,1411344000
1392,102,4.0,1449273600
1392,656,5.0,1458000000
1392,359,5.0,1471132800
1392,340,4.0,1490659200
1392,394,5.0,1499299200
1393,6,2.0,1409270400
1393,146,2.0,1409270400
1393,232,2.0,1409270400
1393,364,2.0,1409270400
1393,407,2.0,1409270400
1393,777,2.0,1409270400
1394,45,5.0,1478822400
1394,750,5.0,1478822400
1394,441,5.0,1480809600
1395,6,3.0,1463356800
1395,146,3.0,1463356800
1395,232,3.0,1463356800
1395,364,3.0,1463356800
1395,407,3.0,1463356800
1395,777,3.0,1463356800
1396,758,5.0,1350518400
1396,360,3.0,1400371200
1396,459,4.0,1413331200
1396,535,2.0,1414972800
1396,544,5.0,1421020800
1396,145,4.0,1436745600
1396,341,5.0,1437004800
1396,604,4.0,1447977600
1396,664,5.0,1453766400
1396,732,4.0,1481673600
1397,6,5.0,1399420800
1397,146,5.0,1399420800
1397,232,5.0,1399420800
1397,364,5.0,1399420800
1397,407,5.0,1399420800
1397,777,5.0,1399420800
1398,6,5.0,1371427200
1398,146,5.0,1371427200
1398,232,5.0,1371427200
1398,364,5.0,1371427200
1398,407,5.0,1371427200
1398,777,5.0,1371427200
1399,88,5.0,1379289600
1399,266,5.0,1419206400
1399,312,5.0,1451952000
1399,591,5.0,1473206400
1399,686,3.0,1505174400
1399,540,2.0,1526860800
1400,6,4.0,1453680000
1400,146,4.0,1453680000
1400,232,4.0,1453680000
1400,364,4.0,1453680000
1400,407,4.0,1453680000
1400,777,4.0,1453680000
1401,254,4.0,1503360000
1401,637,4.0,1511568000
1401,458,5.0,1525132800
1401,345,5.0,1525305600
1401,186,4.0,1526256000
1401,528,4.0,1526860800
1401,22,4.0,1533772800
1401,617,4.0,1533945600
1401,523,4.0,1534118400
1402,6,2.0,1377216000
1402,146,2.0,1377216000
1402,232,2.0,1377216000
1402,364,2.0,1377216000
1402,407,2.0,1377216000
1402,777,2.0,1377216000
1403,489,3.0,1377475200
1403,448,5.0,1401235200
1403,289,5.0,1418947200
1403,766,5.0,1421625600
1403,626,5.0,1444953600
1403,93,5.0,1445644800
1403,706,5.0,1452211200
1404,840,5.0,1392940800
1404,690,5.0,1416873600
1404,209,5.0,1431475200
1404,568,5.0,1437696000
1404,425,5.0,1442793600
1404,273,5.0,1450310400
1404,475,4.0,1453334400
1404,656,5.0,1458086400
1405,157,5.0,1322611200
1405,138,2.0,1392768000
1405,816,5.0,1418428800
1405,266,5.0,1473811200
1406,72,5.0,1425340800
1406,438,4.0,1468022400
1406,575,3.0,1468022400
1406,267,3.0,1476921600
1406,277,4.0,1476921600
1406,660,5.0,1476921600
1406,826,5.0,1480204800
1406,788,4.0,1481500800
1406,402,5.0,1486684800
1406,398,4.0,1501545600
1407,559,4.0,1374883200
1407,600,5.0,1374883200
1407,622,4.0,1414800000
1407,704,5.0,1414800000
1407,474,5.0,1416268800
1407,766,4.0,1421366400
1407,667,5.0,1437782400
1407,372,3.0,1442793600
1407,134,5.0,1448323200
1407,524,5.0,1448668800
1407,85,4.0,1466640000
1407,215,3.0,1467158400
1407,718,5.0,1467590400
1407,688,5.0,1468368000
1407,751,3.0,1468800000
1407,108,4.0,1470787200
1407,337,5.0,1473638400
1407,264,5.0,1484092800
1407,275,5.0,1486080000
1407,553,4.0,1487721600
1407,377,4.0,1489449600
1407,242,4.0,1490832000
1407,375,4.0,1498608000
1407,373,3.0,1498694400
1407,599,4.0,1500076800
1407,197,4.0,1501632000
1407,92,4.0,1503273600
1408,829,4.0,1372204800
1408,336,3.0,1442275200
1408,626,4.0,1446336000
1408,177,5.0,1473724800
1409,6,5.0,1469577600
1409,146,5.0,1469577600
1409,232,5.0,1469577600
1409,364,5.0,1469577600
1409,407,5.0,1469577600
1409,777,5.0,1469577600
1410,779,4.0,1446336000
1410,636,4.0,1448582400
1410,749,3.0,1474502400
1410,432,5.0,1479859200
1410,641,3.0,1490572800
1410,115,4.0,1511740800
1411,6,5.0,1493424000
1411,146,5.0,1493424000
1411,232,5.0,1493424000
1411,364,5.0,1493424000
1411,407,5.0,1493424000
1411,777,5.0,1493424000
1412,14,3.0,1431993600
1412,336,5.0,1442102400
1412,312,3.0,1452038400
1412,180,4.0,1458691200
1413,305,5.0,1369440000
1413,6,1.0,1404086400
1413,146,1.0,1404086400
1413,232,1.0,1404086400
1413,364,1.0,1404086400
1413,407,1.0,1404086400
1413,777,1.0,1404086400
1414,23,2.0,1381968000
1414,376,5.0,1381968000
1414,510,5.0,1446336000
1415,72,4.0,1394496000
1415,66,4.0,1413504000
1415,69,4.0,1415232000
1415,816,3.0,1417651200
1415,735,4.0,1430092800
1415,54,4.0,1430265600
1415,336,4.0,1441843200
1415,839,2.0,1442102400
1415,224,5.0,1448582400
1416,93,5.0,1449360000
1416,344,3.0,1449360000
1416,604,3.0,1449360000
1417,73,5.0,1389398400
1417,424,5.0,1389398400
1417,613,4.0,1433808000
1417,5,4.0,1449446400
1417,720,4.0,1470096000
1417,393,1.0,1488844800
1418,562,3.0,1221436800
1418,162,1.0,1369699200
1418,771,1.0,1376611200
1419,750,5.0,1486598400
1419,476,5.0,1487203200
1419,49,5.0,1488499200
1419,402,3.0,1489449600
1419,436,5.0,1497398400
1419,599,3.0,1498694400
1419,11,4.0,1498867200
1419,245,5.0,1499040000
1419,394,5.0,1499385600
1419,131,3.0,1502409600
1419,46,5.0,1512691200
1419,453,5.0,1512691200
1419,800,5.0,1516060800
1420,622,4.0,1414800000
1420,629,3.0,1425340800
1420,719,5.0,1430438400
1420,367,4.0,1444176000
1420,639,4.0,1444867200
1420,34,3.0,1445212800
1420,409,5.0,1445558400
1420,602,4.0,1446422400
1420,467,5.0,1447372800
1420,206,5.0,1448236800
1420,524,4.0,1451088000
1420,488,5.0,1456185600
1420,426,5.0,1458432000
1420,215,5.0,1469491200
1420,749,4.0,1476144000
1420,632,4.0,1507593600
1420,497,5.0,1507939200
1421,723,4.0,1395273600
1421,366,5.0,1419984000
1421,184,4.0,1430179200
1421,322,5.0,1438819200
1421,623,5.0,1445385600
1421,418,4.0,1447459200
1421,524,4.0,1448496000
1421,772,5.0,1453248000
1422,73,1.0,1476316800
1422,424,1.0,1476316800
1422,158,5.0,1481500800
1423,376,4.0,1377043200
1423,553,3.0,1487548800
1423,92,5.0,1503705600
1423,621,5.0,1503705600
1424,61,5.0,1435622400
1424,219,4.0,1449532800
1424,339,5.0,1458259200
1425,587,5.0,1374192000
1425,545,5.0,1422662400
1425,16,5.0,1459555200
1426,806,4.0,1378598400
1426,451,5.0,1414627200
1426,816,3.0,1415577600
1426,648,5.0,1416441600
1426,289,5.0,1418601600
1426,771,5.0,1418860800
1426,366,3.0,1420243200
1426,155,3.0,1443657600
1426,75,4.0,1446422400
1426,116,4.0,1446681600
1426,659,5.0,1447632000
1426,187,5.0,1464739200
1426,85,5.0,1466985600
1426,747,5.0,1467936000
1426,443,5.0,1492387200
1426,553,5.0,1500336000
1426,152,4.0,1503792000
1426,431,4.0,1503792000
1426,841,4.0,1503792000
1426,390,5.0,1507334400
1426,15,4.0,1517788800
1427,98,3.0,1392854400
1427,356,4.0,1412899200
1427,473,5.0,1415750400
1427,687,4.0,1416441600
1428,803,5.0,1414800000
1428,108,5.0,1475107200
1428,393,5.0,1488499200
1428,713,4.0,1489968000
1428,167,3.0,1490832000
1428,181,5.0,1509148800
1428,104,1.0,1513296000
1428,92,3.0,1521417600
1429,503,5.0,1432252800
1429,602,5.0,1446249600
1429,652,5.0,1459296000
1429,786,5.0,1460592000
1429,612,3.0,1467504000
1430,142,5.0,1446163200
1430,823,5.0,1446163200
1430,418,5.0,1448582400
1430,649,4.0,1458864000
1431,174,4.0,1400112000
1431,643,5.0,1416441600
1431,59,5.0,1418515200
1431,116,4.0,1447372800
1431,416,5.0,1453248000
1431,767,5.0,1463529600
1431,739,5.0,1492473600
1432,378,4.0,1411516800
1432,473,4.0,1416960000
1432,56,5.0,1422921600
1432,336,3.0,1441670400
1432,623,3.0,1445126400
1432,639,4.0,1445817600
1432,280,4.0,1447977600
1432,388,4.0,1467590400
1433,64,4.0,1391558400
1433,690,4.0,1415404800
1433,584,4.0,1429833600
1433,54,2.0,1430092800
1433,13,3.0,1434585600
1434,57,3.0,1415232000
1434,142,4.0,1445817600
1434,272,4.0,1445990400
1434,166,5.0,1465084800
1434,110,4.0,1478908800
1434,49,5.0,1485648000
1434,365,2.0,1488585600
1434,581,4.0,1515456000
1435,6,5.0,1479427200
1435,146,5.0,1479427200
1435,232,5.0,1479427200
1435,234,5.0,1479427200
1435,306,5.0,1479427200
1435,364,5.0,1479427200
1435,407,5.0,1479427200
1435,777,5.0,1479427200
1436,360,4.0,1399680000
1436,406,3.0,1412985600
1436,762,4.0,1442361600
1437,336,5.0,1442016000
1437,142,5.0,1445990400
1437,286,5.0,1451520000
1437,36,3.0,1454976000
1437,117,4.0,1466294400
1437,388,4.0,1466294400
1438,6,1.0,1390348800
1438,146,1.0,1390348800
1438,232,1.0,1390348800
1438,364,1.0,1390348800
1438,407,1.0,1390348800
1438,777,1.0,1390348800
1439,816,4.0,1415232000
1439,557,2.0,1416182400
1439,473,3.0,1417392000
1439,14,1.0,1430956800
1439,294,5.0,1446854400
1439,290,2.0,1447977600
1439,726,1.0,1454371200
1439,408,5.0,1467417600
1440,89,3.0,1353196800
1440,344,1.0,1354233600
1440,179,5.0,1414108800
1440,705,5.0,1429833600
1440,556,5.0,1439251200
1440,529,5.0,1441238400
1440,676,3.0,1445299200
1440,496,5.0,1448496000
1440,297,4.0,1460332800
1440,612,2.0,1466208000
1441,6,5.0,1409011200
1441,146,5.0,1409011200
1441,232,5.0,1409011200
1441,364,5.0,1409011200
1441,407,5.0,1409011200
1441,777,5.0,1409011200
1442,87,5.0,1400112000
1442,797,4.0,1415577600
1442,54,3.0,1430697600
1442,664,4.0,1450828800
1442,426,4.0,1458000000
1442,370,5.0,1458518400
1442,161,4.0,1460678400
1442,754,5.0,1473206400
1442,127,5.0,1499212800
1442,245,5.0,1499212800
1442,581,5.0,1518048000
1443,551,4.0,1415318400
1443,648,2.0,1415750400
1443,124,3.0,1420416000
1443,672,4.0,1420588800
1443,734,2.0,1422921600
1443,615,4.0,1428451200
1443,756,4.0,1445040000
1443,280,3.0,1445472000
1443,142,3.0,1445990400
1443,93,4.0,1446681600
1443,5,4.0,1448668800
1443,624,4.0,1457395200
1443,786,4.0,1457913600
1443,153,4.0,1460937600
1443,176,3.0,1461110400
1443,150,4.0,1467158400
1443,408,4.0,1467763200
1443,28,5.0,1474588800
1443,679,4.0,1478563200
1443,527,4.0,1479168000
1443,392,4.0,1483315200
1443,713,1.0,1486252800
1443,152,4.0,1491177600
1443,431,4.0,1491177600
1443,390,4.0,1491782400
1443,394,4.0,1498608000
1443,245,3.0,1498867200
1443,693,5.0,1499126400
1443,185,4.0,1501718400
1443,637,4.0,1510876800
1443,196,4.0,1512000000
1444,376,4.0,1375660800
1444,559,2.0,1375660800
1444,716,4.0,1391904000
1445,622,5.0,1415059200
1445,291,5.0,1416614400
1445,596,5.0,1455753600
1445,281,5.0,1460505600
1445,359,5.0,1469923200
1445,283,5.0,1474502400
1445,795,5.0,1485820800
1445,373,4.0,1497830400
1445,394,5.0,1497916800
1445,453,5.0,1513036800
1446,716,5.0,1392422400
1446,609,5.0,1403740800
1446,791,5.0,1403740800
1446,473,5.0,1417564800
1446,784,5.0,1418256000
1446,289,4.0,1420416000
1446,495,5.0,1424736000
1446,244,4.0,1430265600
1446,568,4.0,1435190400
1446,679,4.0,1480118400
1447,189,5.0,1408924800
1447,823,4.0,1450137600
1447,312,5.0,1454371200
1447,414,5.0,1458172800
1447,359,5.0,1471305600
1448,124,5.0,1420588800
1448,680,5.0,1423094400
1448,384,5.0,1423612800
1448,762,4.0,1442448000
1448,566,5.0,1445644800
1448,414,5.0,1457481600
1448,230,5.0,1461715200
1448,653,5.0,1481846400
1448,46,5.0,1499212800
1448,394,5.0,1499817600
1448,41,5.0,1518220800
1449,360,4.0,1401408000
1449,452,4.0,1484179200
1449,49,5.0,1484524800
1449,602,4.0,1492732800
1449,40,4.0,1493424000
1449,526,5.0,1494806400
1449,457,5.0,1509580800
1449,530,2.0,1527292800
1450,189,4.0,1411862400
1450,710,4.0,1411862400
1450,391,4.0,1427241600
1450,162,3.0,1441065600
1450,183,5.0,1443139200
1450,144,5.0,1445212800
1450,18,5.0,1446422400
1450,828,4.0,1447718400
1450,755,4.0,1457049600
1450,399,5.0,1457568000
1450,68,4.0,1457740800
1450,370,2.0,1458345600
1450,326,5.0,1459555200
1450,679,4.0,1479081600
1450,245,1.0,1501804800
1451,152,1.0,1491177600
1451,255,1.0,1491177600
1451,431,1.0,1491177600
1451,614,5.0,1495929600
1452,774,5.0,1472601600
1452,658,4.0,1473638400
1452,369,4.0,1478995200
1452,264,5.0,1484611200
1452,476,5.0,1487030400
1452,484,5.0,1488240000
1452,419,5.0,1488326400
1452,818,4.0,1488758400
1452,386,5.0,1490832000
1452,152,4.0,1491177600
1452,431,4.0,1491177600
1452,142,4.0,1494374400
1452,732,5.0,1497830400
1452,46,5.0,1498176000
1452,11,3.0,1498262400
1452,394,5.0,1498262400
1452,316,5.0,1501718400
1452,313,4.0,1505001600
1452,822,5.0,1511136000
1452,455,5.0,1525219200
1452,196,4.0,1526169600
1453,779,5.0,1445040000
1453,573,4.0,1458777600
1453,666,5.0,1466899200
1453,226,5.0,1468886400
1453,748,5.0,1470182400
1453,655,4.0,1475712000
1453,340,2.0,1479427200
1453,633,3.0,1485475200
1453,713,2.0,1486598400
1454,69,4.0,1414886400
1454,717,5.0,1419033600
1454,33,3.0,1425168000
1454,705,4.0,1430265600
1454,526,5.0,1493596800
1455,311,3.0,1364774400
1455,6,4.0,1404691200
1455,146,4.0,1404691200
1455,232,4.0,1404691200
1455,364,4.0,1404691200
1455,407,4.0,1404691200
1455,777,4.0,1404691200
1456,16,5.0,1463443200
1456,293,5.0,1470873600
1456,301,5.0,1470873600
1457,6,5.0,1456358400
1457,146,5.0,1456358400
1457,232,5.0,1456358400
1457,364,5.0,1456358400
1457,407,5.0,1456358400
1457,777,5.0,1456358400
1458,116,4.0,1445472000
1458,283,5.0,1473811200
1458,531,5.0,1475193600
1458,772,5.0,1477094400
1458,110,4.0,1479254400
1458,763,4.0,1479859200
1458,519,4.0,1491782400
1458,242,5.0,1492300800
1458,394,4.0,1498089600
1458,245,5.0,1498176000
1458,11,3.0,1498608000
1458,373,3.0,1498694400
1458,599,3.0,1499385600
1459,732,5.0,1481760000
1459,300,4.0,1483056000
1459,393,4.0,1488153600
1459,402,4.0,1488153600
1459,526,4.0,1488153600
1459,713,4.0,1488153600
1459,818,5.0,1488153600
1459,400,4.0,1491609600
1459,607,4.0,1491609600
1459,40,4.0,1492473600
1459,159,5.0,1493251200
1459,540,4.0,1493510400
1459,142,5.0,1494374400
1459,11,4.0,1497744000
1459,808,4.0,1498089600
1459,373,5.0,1498521600
1459,801,5.0,1498608000
1459,394,5.0,1498867200
1459,245,4.0,1499040000
1459,313,4.0,1506124800
1459,26,4.0,1510185600
1459,51,4.0,1510963200
1459,606,4.0,1518134400
1459,193,4.0,1522022400
1459,691,4.0,1523664000
1459,361,5.0,1523750400
1459,770,5.0,1523750400
1459,772,4.0,1523750400
1460,486,5.0,1379289600
1460,518,4.0,1391731200
1460,372,4.0,1441411200
1460,524,5.0,1448841600
1460,399,4.0,1458000000
1460,571,5.0,1493251200
1461,615,2.0,1428192000
1461,35,4.0,1445731200
1461,636,3.0,1448841600
1461,682,5.0,1457568000
1461,47,3.0,1459728000
1461,297,4.0,1459900800
1461,153,3.0,1462233600
1461,215,4.0,1467676800
1461,688,4.0,1468195200
1461,603,4.0,1468454400
1461,202,5.0,1468972800
1461,423,4.0,1473033600
1461,156,2.0,1486425600
1461,571,3.0,1490832000
1461,394,3.0,1497744000
1461,599,5.0,1498608000
1462,626,5.0,1444089600
1462,326,5.0,1457913600
1462,353,5.0,1470096000
1462,531,3.0,1474848000
1462,772,2.0,1476921600
1462,110,5.0,1478649600
1462,778,5.0,1478822400
1462,287,5.0,1480982400
1463,6,5.0,1405900800
1463,146,5.0,1405900800
1463,232,5.0,1405900800
1463,364,5.0,1405900800
1463,407,5.0,1405900800
1463,777,5.0,1405900800
1464,187,4.0,1467072000
1464,601,5.0,1487721600
1464,156,4.0,1488067200
1465,88,4.0,1378771200
1465,600,3.0,1378771200
1465,112,5.0,1403740800
1465,715,5.0,1406160000
1465,200,1.0,1423699200
1465,762,4.0,1443052800
1465,470,2.0,1443571200
1465,577,5.0,1445990400
1466,6,4.0,1407542400
1466,146,4.0,1407542400
1466,232,4.0,1407542400
1466,364,4.0,1407542400
1466,407,4.0,1407542400
1466,777,4.0,1407542400
1467,130,4.0,1376524800
1467,395,5.0,1395014400
1467,371,5.0,1397779200
1467,694,2.0,1408233600
1467,695,4.0,1414886400
1467,734,5.0,1424649600
1467,162,2.0,1440460800
1467,219,3.0,1451347200
1467,142,5.0,1494720000
1468,495,5.0,1424217600
1468,184,4.0,1430179200
1468,49,5.0,1483660800
1468,527,4.0,1483660800
1468,34,5.0,1498089600
1468,390,5.0,1499212800
1468,11,5.0,1500595200
1468,599,5.0,1500595200
1468,245,5.0,1501632000
1468,373,5.0,1501632000
1468,394,5.0,1501632000
1468,437,5.0,1511913600
1468,46,5.0,1514419200
1469,586,3.0,1398729600
1469,672,3.0,1421107200
1469,529,5.0,1440288000
1469,756,3.0,1445040000
1469,205,3.0,1449014400
1469,216,1.0,1466467200
1469,420,2.0,1467331200
1469,380,1.0,1468368000
1469,271,3.0,1472774400
1469,300,3.0,1483142400
1469,713,4.0,1485216000
1469,402,4.0,1488758400
1470,797,4.0,1415664000
1470,391,5.0,1416096000
1470,33,4.0,1424217600
1470,737,4.0,1426118400
1470,463,5.0,1430611200
1470,569,4.0,1438473600
1470,250,4.0,1446076800
1470,399,5.0,1458432000
1470,652,5.0,1461110400
1470,426,5.0,1462752000
1470,335,4.0,1466899200
1470,420,4.0,1469491200
1470,631,3.0,1469491200
1470,108,4.0,1472947200
1470,192,4.0,1472947200
1470,275,4.0,1490486400
1470,40,5.0,1494028800
1470,11,3.0,1499385600
1470,25,5.0,1523750400
1471,409,5.0,1449100800
1471,772,5.0,1455840000
1471,475,4.0,1456185600
1472,586,3.0,1398816000
1472,333,5.0,1401408000
1472,44,5.0,1422835200
1472,262,4.0,1423785600
1472,639,4.0,1444694400
1472,34,4.0,1446508800
1472,596,5.0,1455062400
1472,36,5.0,1455580800
1472,260,5.0,1455667200
1472,150,3.0,1467849600
1472,237,3.0,1473724800
1472,42,4.0,1486771200
1473,130,5.0,1374019200
1473,622,5.0,1415491200
1473,341,5.0,1437177600
1474,272,4.0,1445385600
1474,808,5.0,1446249600
1474,237,5.0,1473379200
1474,511,4.0,1494892800
1475,23,4.0,1377216000
1475,810,5.0,1438041600
1475,577,5.0,1445731200
1476,575,5.0,1372809600
1476,347,4.0,1389312000
1476,498,5.0,1389657600
1476,20,5.0,1392249600
1476,330,4.0,1392595200
1476,448,3.0,1400889600
1476,796,4.0,1402272000
1476,499,5.0,1404691200
1476,66,4.0,1413331200
1476,689,5.0,1413417600
1476,356,5.0,1413763200
1476,236,5.0,1414368000
1476,483,3.0,1415836800
1476,734,5.0,1423526400
1476,582,4.0,1437004800
1476,835,5.0,1437091200
1476,810,4.0,1438041600
1476,529,5.0,1441670400
1476,624,5.0,1458691200
1476,588,3.0,1470441600
1477,96,4.0,1410134400
1477,451,5.0,1414800000
1477,594,5.0,1430524800
1477,208,4.0,1443225600
1477,149,4.0,1465430400
1477,117,4.0,1466899200
1477,85,3.0,1467417600
1477,216,4.0,1467417600
1477,107,5.0,1469145600
1477,42,5.0,1489363200
1477,713,4.0,1491436800
1477,394,5.0,1498953600
1478,654,3.0,1384905600
1478,715,3.0,1406592000
1478,473,5.0,1417132800
1478,139,2.0,1419552000
1478,308,4.0,1433980800
1478,808,4.0,1445299200
1478,46,3.0,1499817600
1478,247,3.0,1503446400
1479,646,4.0,1415750400
1479,557,4.0,1415836800
1479,734,4.0,1423180800
1480,374,5.0,1291766400
1480,330,5.0,1394064000
1480,173,5.0,1423353600
1480,263,5.0,1428105600
1480,40,4.0,1493683200
1480,26,5.0,1508976000
1481,491,5.0,1414800000
1481,784,5.0,1415577600
1481,33,5.0,1424822400
1481,462,4.0,1430784000
1481,778,4.0,1478131200
1481,525,5.0,1479945600
1481,74,5.0,1486425600
1482,80,4.0,1379635200
1482,112,4.0,1400716800
1482,448,4.0,1400716800
1482,640,3.0,1402012800
1482,710,5.0,1403568000
1482,695,4.0,1415059200
1482,717,4.0,1419552000
1482,730,1.0,1420761600
1482,294,4.0,1445472000
1482,418,1.0,1446681600
1482,524,5.0,1448841600
1482,684,5.0,1450051200
1482,1,2.0,1455494400
1482,176,4.0,1460073600
1482,799,2.0,1465430400
1482,388,4.0,1467072000
1482,590,4.0,1468800000
1482,76,2.0,1469404800
1482,353,2.0,1470700800
1482,655,4.0,1475020800
1482,27,3.0,1478649600
1482,373,4.0,1527033600
1482,580,2.0,1527033600
1482,26,5.0,1528416000
1482,103,5.0,1528675200
1482,458,5.0,1528675200
1482,827,5.0,1528675200
1483,572,5.0,1408147200
1483,780,2.0,1408233600
1483,602,5.0,1445644800
1483,418,4.0,1447632000
1483,224,4.0,1449878400
1483,447,5.0,1463270400
1483,772,5.0,1464739200
1483,359,4.0,1471132800
1483,271,4.0,1472515200
1483,237,5.0,1475539200
1483,245,4.0,1519776000
1483,11,5.0,1526774400
1483,242,4.0,1528588800
1483,373,4.0,1528588800
1483,599,4.0,1528588800
1484,609,4.0,1403136000
1484,791,5.0,1403136000
1484,356,2.0,1413331200
1484,66,5.0,1413504000
1484,406,4.0,1413590400
1484,689,5.0,1413849600
1484,70,5.0,1417564800
1484,289,5.0,1420070400
1484,464,4.0,1437436800
1484,582,3.0,1437523200
1484,558,5.0,1437609600
1484,410,2.0,1446249600
1484,143,4.0,1468713600
1485,6,4.0,1409961600
1485,146,4.0,1409961600
1485,232,4.0,1409961600
1485,364,4.0,1409961600
1485,407,4.0,1409961600
1485,777,4.0,1409961600
1486,551,4.0,1415232000
1486,522,3.0,1443225600
1486,603,3.0,1468800000
1487,16,4.0,1518825600
1487,93,5.0,1518825600
1487,709,5.0,1520121600
1487,294,5.0,1521331200
1487,752,3.0,1523145600
1487,837,3.0,1523491200
1487,233,3.0,1525651200
1488,462,5.0,1431648000
1488,821,5.0,1431648000
1488,798,3.0,1469664000
1488,580,4.0,1488585600
1488,739,4.0,1493942400
1488,373,4.0,1497657600
1488,743,5.0,1520035200
1488,675,3.0,1523059200
1489,830,4.0,1479340800
1489,40,5.0,1493596800
1489,373,4.0,1499644800
1489,394,3.0,1499817600
1490,98,4.0,1394755200
1490,138,3.0,1394755200
1490,595,4.0,1406332800
1490,451,3.0,1415750400
1490,735,4.0,1430179200
1490,95,4.0,1431216000
1490,219,5.0,1450569600
1490,190,5.0,1451174400
1490,105,2.0,1469664000
1491,518,5.0,1374796800
1491,790,2.0,1396569600
1491,787,3.0,1400803200
1491,448,4.0,1401062400
1492,803,2.0,1415404800
1492,209,5.0,1431302400
1492,613,5.0,1433635200
1492,569,3.0,1444780800
1493,227,5.0,1367539200
1493,292,5.0,1370390400
1493,267,5.0,1471305600
1493,700,4.0,1471305600
1494,33,4.0,1440374400
1494,567,4.0,1440374400
1494,635,3.0,1444867200
1494,577,4.0,1445472000
1494,517,3.0,1468886400
1494,271,2.0,1475539200
1495,64,3.0,1391990400
1495,840,4.0,1391990400
1495,99,4.0,1431129600
1495,676,3.0,1445472000
1495,767,5.0,1460073600
1495,149,3.0,1465257600
1495,390,3.0,1494460800
1495,614,3.0,1494460800
1496,98,5.0,1377993600
1496,498,5.0,1377993600
1496,507,4.0,1377993600
1496,554,5.0,1377993600
1496,647,4.0,1377993600
1496,765,5.0,1377993600
1496,769,5.0,1377993600
1496,284,5.0,1429747200
1496,138,3.0,1431907200
1496,256,4.0,1431907200
1496,406,4.0,1431907200
1496,796,5.0,1431907200
1497,194,5.0,1430092800
1497,14,3.0,1431043200
1497,410,4.0,1444089600
1497,201,3.0,1445212800
1497,427,4.0,1447891200
1497,706,4.0,1451347200
1497,148,4.0,1458000000
1497,326,4.0,1458950400
1497,754,4.0,1473206400
1497,118,4.0,1473292800
1497,12,3.0,1473724800
1497,240,3.0,1484697600
1497,386,4.0,1490745600
1497,253,4.0,1492819200
1497,599,5.0,1498608000
1497,245,5.0,1499212800
1497,394,4.0,1499212800
1497,281,4.0,1501632000
1498,814,3.0,1397606400
1498,371,4.0,1397952000
1498,704,4.0,1414627200
1498,493,4.0,1415059200
1498,771,4.0,1416528000
1498,609,5.0,1422230400
1498,542,5.0,1422835200
1498,501,3.0,1430956800
1498,279,4.0,1433548800
1498,322,5.0,1437091200
1498,828,4.0,1446768000
1498,566,4.0,1447200000
1498,593,5.0,1447977600
1498,219,5.0,1448668800
1498,273,5.0,1448928000
1498,706,5.0,1451347200
1498,85,2.0,1466467200
1498,751,4.0,1467676800
1498,718,4.0,1467849600
1498,688,4.0,1468195200
1498,141,5.0,1468281600
1498,3,4.0,1468368000
1498,202,5.0,1468627200
1498,226,2.0,1468713600
1498,12,4.0,1473465600
1498,655,5.0,1475193600
1498,432,4.0,1478736000
1499,6,1.0,1374796800
1499,146,1.0,1374796800
1499,232,1.0,1374796800
1499,364,1.0,1374796800
1499,407,1.0,1374796800
1499,777,1.0,1374796800
1500,347,3.0,1390176000
1500,241,3.0,1394236800
1500,235,4.0,1420675200
1501,716,5.0,1392681600
1501,595,4.0,1409443200
1501,61,5.0,1436832000
1501,144,5.0,1445212800
1501,323,4.0,1448236800
1501,480,4.0,1464220800
1501,408,4.0,1470700800
1501,733,5.0,1491696000
1502,6,5.0,1489536000
1502,146,5.0,1489536000
1502,232,5.0,1489536000
1502,364,5.0,1489536000
1502,407,5.0,1489536000
1502,777,5.0,1489536000
1503,6,5.0,1502668800
1503,146,5.0,1502668800
1503,232,5.0,1502668800
1503,364,5.0,1502668800
1503,407,5.0,1502668800
1503,777,5.0,1502668800
1504,6,2.0,1413244800
1504,146,2.0,1413244800
1504,232,2.0,1413244800
1504,364,2.0,1413244800
1504,407,2.0,1413244800
1504,777,2.0,1413244800
1505,6,1.0,1375401600
1505,146,1.0,1375401600
1505,232,1.0,1375401600
1505,364,1.0,1375401600
1505,407,1.0,1375401600
1505,777,1.0,1375401600
1506,524,4.0,1450742400
1506,838,3.0,1453248000
1506,416,2.0,1454198400
1506,249,5.0,1458259200
1506,216,4.0,1466640000
1506,471,4.0,1469836800
1506,108,5.0,1471564800
1507,311,1.0,1442361600
1507,435,5.0,1468454400
1507,547,4.0,1468454400
1507,220,5.0,1468540800
1507,338,2.0,1471392000
1508,640,5.0,1402531200
1508,69,4.0,1414886400
1508,83,4.0,1425686400
1508,582,4.0,1438732800
1509,507,5.0,1393459200
1509,174,5.0,1400716800
1509,112,5.0,1402185600
1509,710,5.0,1403395200
1509,715,5.0,1405641600
1509,689,5.0,1413936000
1509,491,4.0,1416355200
1509,262,5.0,1424563200
1509,810,5.0,1437350400
1509,529,5.0,1440720000
1509,372,5.0,1441324800
1509,34,5.0,1445990400
1509,820,5.0,1445990400
1509,418,3.0,1446681600
1509,142,4.0,1447200000
1509,664,5.0,1449619200
1509,219,5.0,1449705600
1509,273,4.0,1451347200
1509,708,5.0,1452470400
1509,804,5.0,1453075200
1509,475,5.0,1453852800
1509,772,5.0,1454371200
1509,148,5.0,1457481600
1509,238,5.0,1458691200
1509,281,4.0,1460678400
1509,598,5.0,1461024000
1509,230,5.0,1461542400
1509,216,3.0,1467158400
1509,105,5.0,1468281600
1509,108,5.0,1469750400
1509,268,1.0,1470528000
1509,603,5.0,1477526400
1509,415,4.0,1479772800
1509,830,5.0,1479772800
1509,392,5.0,1482364800
1509,697,5.0,1483056000
1509,119,4.0,1486944000
1509,757,3.0,1487548800
1509,571,2.0,1491264000
1509,282,5.0,1493769600
1509,540,3.0,1494460800
1509,808,1.0,1496275200
1509,298,4.0,1503964800
1509,520,5.0,1509148800
1509,605,5.0,1513296000
1509,10,5.0,1524009600
1509,361,5.0,1526169600
1510,112,4.0,1401580800
1510,57,4.0,1415836800
1510,474,4.0,1415923200
1510,771,3.0,1418601600
1510,201,4.0,1445904000
1510,75,4.0,1446336000
1510,183,4.0,1446422400
1510,32,4.0,1447804800
1510,350,4.0,1449964800
1510,313,4.0,1450137600
1510,598,5.0,1460246400
1510,281,4.0,1460332800
1510,408,5.0,1468022400
1510,720,3.0,1470182400
1510,310,5.0,1473984000
1510,358,4.0,1474243200
1510,369,3.0,1480204800
1510,599,4.0,1499990400
1511,448,5.0,1402531200
1511,715,4.0,1405900800
1511,784,5.0,1415491200
1511,639,3.0,1445212800
1511,706,3.0,1452556800
1511,471,4.0,1472515200
1511,415,4.0,1479859200
1511,45,4.0,1487548800
1511,818,5.0,1490832000
1512,88,3.0,1378512000
1512,694,2.0,1408320000
1512,266,2.0,1419379200
1512,817,2.0,1423526400
1512,312,5.0,1452470400
1512,187,5.0,1464912000
1512,612,3.0,1467676800
1512,283,4.0,1475193600
1513,42,5.0,1485734400
1513,713,5.0,1485734400
1513,365,5.0,1487376000
1513,808,5.0,1497830400
1513,195,4.0,1498262400
1513,373,5.0,1498262400
1513,599,5.0,1498262400
1513,245,5.0,1498521600
1513,394,5.0,1498953600
1513,185,5.0,1503705600
1514,767,5.0,1459641600
1514,49,5.0,1484006400
1514,354,3.0,1486512000
1515,833,2.0,1327881600
1515,362,4.0,1431302400
1515,293,3.0,1437350400
1515,301,3.0,1437350400
1516,6,5.0,1404086400
1516,146,5.0,1404086400
1516,232,5.0,1404086400
1516,364,5.0,1404086400
1516,407,5.0,1404086400
1516,777,5.0,1404086400
1517,6,5.0,1420761600
1517,146,5.0,1420761600
1517,232,5.0,1420761600
1517,364,5.0,1420761600
1517,407,5.0,1420761600
1517,777,5.0,1420761600
1518,806,3.0,1379030400
1518,241,3.0,1394582400
1518,125,5.0,1417478400
1518,463,5.0,1428624000
1518,322,3.0,1439424000
1518,464,3.0,1439424000
1518,558,3.0,1439424000
1518,201,4.0,1443225600
1518,367,4.0,1443830400
1518,566,5.0,1445990400
1518,32,5.0,1447977600
1518,427,5.0,1447977600
1518,602,4.0,1449360000
1518,300,4.0,1484179200
1518,42,3.0,1488153600
1518,160,4.0,1491782400
1518,519,4.0,1493164800
1518,630,5.0,1495065600
1518,196,4.0,1520985600
1518,743,4.0,1528243200
1518,62,3.0,1529539200
1519,307,5.0,1512000000
1519,441,5.0,1512000000
1519,713,5.0,1512000000
1519,750,5.0,1512000000
1519,795,5.0,1512000000
1519,818,5.0,1512000000
1520,6,5.0,1463270400
1520,146,5.0,1463270400
1520,232,5.0,1463270400
1520,364,5.0,1463270400
1520,407,5.0,1463270400
1520,777,5.0,1463270400
1521,236,4.0,1391126400
1521,189,2.0,1404777600
1521,244,3.0,1430179200
1521,166,4.0,1464480000
1521,26,4.0,1465084800
1522,6,2.0,1392508800
1522,146,2.0,1392508800
1522,232,2.0,1392508800
1522,364,2.0,1392508800
1522,407,2.0,1392508800
1522,777,2.0,1392508800
1523,183,5.0,1444003200
1523,310,5.0,1474675200
1523,515,3.0,1481155200
1524,6,5.0,1379894400
1524,146,5.0,1379894400
1524,232,5.0,1379894400
1524,364,5.0,1379894400
1524,407,5.0,1379894400
1524,777,5.0,1379894400
1525,742,5.0,1383696000
1525,6,5.0,1398556800
1525,146,5.0,1398556800
1525,232,5.0,1398556800
1525,364,5.0,1398556800
1525,407,5.0,1398556800
1525,777,5.0,1398556800
1526,6,3.0,1371859200
1526,146,3.0,1371859200
1526,232,3.0,1371859200
1526,364,3.0,1371859200
1526,407,3.0,1371859200
1526,777,3.0,1371859200
1527,483,4.0,1416268800
1527,687,4.0,1416268800
1527,576,4.0,1419897600
1527,384,3.0,1424908800
1527,250,4.0,1447113600
1527,682,5.0,1458086400
1527,767,5.0,1461715200
1528,562,2.0,1477958400
1528,440,5.0,1493683200
1528,0,2.0,1503705600
1528,58,1.0,1507075200
1529,735,5.0,1373068800
1529,262,4.0,1424649600
1529,456,4.0,1430265600
1529,481,5.0,1430265600
1529,513,5.0,1430438400
1529,224,5.0,1448841600
1529,433,5.0,1457654400
1530,564,5.0,1414972800
1530,184,4.0,1429228800
1530,659,4.0,1445472000
1530,265,5.0,1447027200
1530,102,3.0,1449100800
1530,612,4.0,1465862400
1530,432,5.0,1478563200
1530,515,5.0,1481241600
1530,182,3.0,1489017600
1530,641,3.0,1489968000
1530,608,5.0,1490918400
1530,142,5.0,1494374400
1530,693,5.0,1498089600
1530,67,5.0,1502755200
1530,603,5.0,1503360000
1531,320,4.0,1407456000
1531,175,5.0,1415059200
1531,695,5.0,1415750400
1531,33,5.0,1423008000
1531,83,2.0,1423699200
1531,582,5.0,1436918400
1531,464,5.0,1437609600
1531,162,3.0,1440201600
1531,290,5.0,1445385600
1531,658,3.0,1446336000
1531,227,4.0,1447718400
1531,265,4.0,1447718400
1531,539,5.0,1447718400
1531,741,2.0,1454371200
1531,1,5.0,1455753600
1531,339,2.0,1458432000
1531,480,3.0,1464307200
1531,331,5.0,1465257600
1531,283,5.0,1473811200
1531,163,5.0,1474416000
1531,316,5.0,1502236800
1531,768,4.0,1509494400
1532,33,4.0,1438560000
1532,567,4.0,1438560000
1532,327,4.0,1440288000
1533,586,4.0,1398729600
1533,174,4.0,1400112000
1533,344,5.0,1446249600
1533,4,4.0,1460764800
1533,505,4.0,1463356800
1533,107,4.0,1467849600
1533,688,4.0,1468195200
1533,268,4.0,1469836800
1533,283,3.0,1474588800
1533,365,5.0,1487462400
1533,713,4.0,1488931200
1533,255,4.0,1490227200
1534,456,4.0,1430092800
1534,422,2.0,1457136000
1534,426,5.0,1457481600
1534,287,5.0,1481155200
1534,671,5.0,1486684800
1534,352,4.0,1488499200
1534,571,3.0,1491436800
1534,732,4.0,1497657600
1534,247,2.0,1502755200
1534,693,4.0,1504137600
1534,515,5.0,1508284800
1534,620,5.0,1510963200
1534,563,2.0,1516233600
1534,10,5.0,1522108800
1535,495,1.0,1424476800
1535,30,4.0,1430092800
1535,328,3.0,1430524800
1535,462,3.0,1430956800
1535,821,3.0,1430956800
1535,623,3.0,1444867200
1535,75,3.0,1446249600
1535,496,3.0,1449964800
1535,150,3.0,1467331200
1535,107,4.0,1467849600
1536,72,5.0,1395187200
1536,321,5.0,1414886400
1536,200,3.0,1423267200
1536,719,5.0,1429833600
1537,840,3.0,1392681600
1537,294,3.0,1445385600
1537,411,4.0,1445904000
1537,465,3.0,1449792000
1537,772,5.0,1454198400
1537,649,4.0,1457913600
1537,718,3.0,1468022400
1538,126,5.0,1380844800
1538,692,5.0,1380844800
1538,17,2.0,1384128000
1538,400,2.0,1384128000
1538,607,2.0,1384128000
1539,6,5.0,1415404800
1539,146,5.0,1415404800
1539,232,5.0,1415404800
1539,364,5.0,1415404800
1539,407,5.0,1415404800
1539,777,5.0,1415404800
1540,49,5.0,1488499200
1540,526,5.0,1488499200
1540,302,3.0,1491091200
1540,242,3.0,1492214400
1540,245,4.0,1497916800
1540,801,4.0,1498435200
1540,373,4.0,1498867200
1541,173,5.0,1389571200
1541,776,5.0,1389571200
1541,78,5.0,1433289600
1541,439,5.0,1433289600
1541,642,5.0,1444262400
1541,126,5.0,1444348800
1541,692,5.0,1444348800
1541,421,5.0,1452297600
1541,560,5.0,1452297600
1541,258,5.0,1452384000
1541,210,5.0,1454889600
1541,579,1.0,1493424000
1541,307,5.0,1502150400
1542,6,5.0,1386288000
1542,146,5.0,1386288000
1542,232,5.0,1386288000
1542,364,5.0,1386288000
1542,407,5.0,1386288000
1542,777,5.0,1386288000
1543,6,1.0,1468713600
1543,146,1.0,1468713600
1543,232,1.0,1468713600
1543,364,1.0,1468713600
1543,407,1.0,1468713600
1543,777,1.0,1468713600
1544,570,3.0,1353456000
1544,295,4.0,1376524800
1544,114,5.0,1447200000
1544,349,5.0,1447200000
1544,6,5.0,1485820800
1544,49,5.0,1485820800
1544,146,5.0,1485820800
1544,232,5.0,1485820800
1544,364,5.0,1485820800
1544,407,5.0,1485820800
1544,777,5.0,1485820800
1545,314,4.0,1425600000
1545,262,5.0,1426809600
1545,381,5.0,1432339200
1546,6,5.0,1375833600
1546,146,5.0,1375833600
1546,232,5.0,1375833600
1546,364,5.0,1375833600
1546,407,5.0,1375833600
1546,777,5.0,1375833600
1547,657,5.0,1423958400
1547,33,3.0,1426118400
1547,592,1.0,1433808000
1547,462,4.0,1434240000
1547,821,4.0,1434240000
1547,344,3.0,1446681600
1548,6,2.0,1408838400
1548,146,2.0,1408838400
1548,232,2.0,1408838400
1548,364,2.0,1408838400
1548,407,2.0,1408838400
1548,777,2.0,1408838400
1549,507,5.0,1393286400
1549,462,4.0,1431129600
1549,728,5.0,1457568000
1549,420,4.0,1467936000
1549,649,4.0,1480550400
1549,287,5.0,1483920000
1549,300,4.0,1485820800
1549,42,4.0,1487030400
1549,247,4.0,1503792000
1549,313,5.0,1505174400
1549,11,5.0,1517961600
1549,650,5.0,1519603200
1550,6,5.0,1426896000
1550,146,5.0,1426896000
1550,232,5.0,1426896000
1550,364,5.0,1426896000
1550,407,5.0,1426896000
1550,777,5.0,1426896000
1551,100,3.0,1524182400
1551,233,3.0,1524182400
1551,403,1.0,1524182400
1551,485,5.0,1524182400
1552,88,4.0,1440892800
1552,236,5.0,1440892800
1552,600,5.0,1440892800
1552,647,3.0,1440892800
1553,790,2.0,1397520000
1553,366,3.0,1420329600
1553,495,4.0,1426723200
1553,702,4.0,1435363200
1553,664,4.0,1452038400
1553,830,3.0,1480636800
1553,479,3.0,1490400000
1553,160,4.0,1494288000
1554,472,3.0,1393545600
1554,371,3.0,1397692800
1554,360,4.0,1400112000
1554,690,4.0,1415318400
1554,336,3.0,1443052800
1554,250,3.0,1445558400
1554,134,4.0,1448582400
1554,838,5.0,1453161600
1554,728,5.0,1457654400
1554,149,4.0,1463702400
1554,117,4.0,1467244800
1554,388,4.0,1467244800
1554,603,4.0,1468281600
1554,631,4.0,1468281600
1554,774,5.0,1472428800
1554,310,5.0,1472774400
1554,318,3.0,1472947200
1554,237,4.0,1473465600
1554,110,5.0,1478822400
1554,526,4.0,1489276800
1554,739,3.0,1492992000
1554,11,2.0,1497916800
1554,25,3.0,1523491200
1554,675,2.0,1523491200
1555,642,5.0,1241481600
1555,184,5.0,1429747200
1555,324,4.0,1441929600
1555,313,4.0,1447372800
1555,783,5.0,1488844800
1555,419,5.0,1489017600
1555,725,4.0,1489795200
1555,713,3.0,1490745600
1555,198,2.0,1491004800
1555,439,5.0,1491004800
1555,693,5.0,1498867200
1555,394,4.0,1499040000
1555,599,4.0,1499040000
1555,316,5.0,1502496000
1555,677,5.0,1502755200
1555,534,5.0,1502928000
1555,25,4.0,1524009600
1555,109,5.0,1525392000
1555,81,5.0,1526169600
1555,538,5.0,1526342400
1555,248,3.0,1526601600
1556,6,5.0,1414540800
1556,146,5.0,1414540800
1556,232,5.0,1414540800
1556,364,5.0,1414540800
1556,407,5.0,1414540800
1556,777,5.0,1414540800
1557,628,4.0,1406937600
1557,125,4.0,1408147200
1557,366,4.0,1408147200
1557,595,4.0,1408147200
1558,172,4.0,1399248000
1558,451,4.0,1415318400
1558,59,5.0,1418601600
1558,216,4.0,1467072000
1558,748,5.0,1470787200
1558,168,4.0,1486684800
1558,307,5.0,1486684800
1558,167,5.0,1491955200
1558,394,4.0,1499644800
1559,6,5.0,1382313600
1559,146,5.0,1382313600
1559,232,5.0,1382313600
1559,364,5.0,1382313600
1559,407,5.0,1382313600
1559,777,5.0,1382313600
1560,174,5.0,1401580800
1560,787,5.0,1401580800
1560,137,5.0,1420070400
1560,445,2.0,1432944000
1560,676,4.0,1445472000
1560,350,2.0,1446076800
1560,416,5.0,1453075200
1560,335,5.0,1466899200
1560,420,5.0,1467417600
1560,798,4.0,1471910400
1560,358,5.0,1472947200
1561,308,5.0,1157587200
1561,173,5.0,1211673600
1561,256,5.0,1230249600
1561,88,5.0,1374192000
1561,20,5.0,1391731200
1562,6,5.0,1464652800
1562,146,5.0,1464652800
1562,232,5.0,1464652800
1562,364,5.0,1464652800
1562,407,5.0,1464652800
1562,777,5.0,1464652800
1563,704,5.0,1414540800
1563,470,5.0,1443312000
1563,727,5.0,1444435200
1563,135,5.0,1444780800
1563,290,5.0,1445817600
1563,133,5.0,1458000000
1563,505,5.0,1463270400
1563,388,5.0,1466380800
1563,631,4.0,1468195200
1563,739,4.0,1487980800
1563,497,5.0,1493251200
1563,599,5.0,1497916800
1563,51,5.0,1511740800
1564,6,4.0,1468540800
1564,146,4.0,1468540800
1564,232,4.0,1468540800
1564,364,4.0,1468540800
1564,407,4.0,1468540800
1564,777,4.0,1468540800
1565,805,3.0,1398902400
1565,429,2.0,1416182400
1565,83,4.0,1423353600
1565,623,4.0,1444867200
1565,135,4.0,1444953600
1565,820,5.0,1446681600
1565,276,3.0,1449187200
1565,161,3.0,1460160000
1565,200,2.0,1460160000
1565,380,5.0,1468108800
1565,519,4.0,1494892800
1565,39,4.0,1518739200
1566,472,3.0,1395100800
1566,174,4.0,1403049600
1566,609,4.0,1404604800
1566,715,4.0,1407024000
1566,451,4.0,1415059200
1566,695,4.0,1415923200
1566,615,4.0,1428796800
1566,244,3.0,1430870400
1566,613,3.0,1434153600
1566,13,3.0,1437091200
1566,183,3.0,1443225600
1566,522,4.0,1443225600
1566,470,3.0,1444694400
1566,566,4.0,1444867200
1566,344,3.0,1445558400
1566,93,3.0,1447632000
1566,32,3.0,1448150400
1566,250,3.0,1449100800
1566,313,4.0,1450396800
1566,533,4.0,1458000000
1566,161,3.0,1459900800
1566,616,3.0,1460332800
1566,153,4.0,1460419200
1566,335,4.0,1467763200
1566,718,3.0,1468713600
1566,526,3.0,1491091200
1567,537,5.0,1419033600
1567,73,5.0,1455235200
1567,424,5.0,1455235200
1567,701,4.0,1455321600
1568,6,5.0,1372118400
1568,146,5.0,1372118400
1568,232,5.0,1372118400
1568,364,5.0,1372118400
1568,407,5.0,1372118400
1568,777,5.0,1372118400
1569,38,5.0,1400889600
1569,277,5.0,1420761600
1569,834,5.0,1420761600
1570,6,5.0,1413936000
1570,146,5.0,1413936000
1570,232,5.0,1413936000
1570,364,5.0,1413936000
1570,407,5.0,1413936000
1570,777,5.0,1413936000
1571,473,4.0,1416960000
1571,48,5.0,1423440000
1571,503,4.0,1432080000
1571,336,4.0,1442793600
1571,294,5.0,1446336000
1572,371,3.0,1397779200
1572,551,5.0,1414972800
1572,687,3.0,1416960000
1573,6,5.0,1382572800
1573,146,5.0,1382572800
1573,232,5.0,1382572800
1573,311,5.0,1382572800
1573,364,5.0,1382572800
1573,407,5.0,1382572800
1573,777,5.0,1382572800
1574,295,3.0,1471824000
1574,84,3.0,1477440000
1574,140,3.0,1477440000
1574,565,3.0,1477440000
1574,0,5.0,1488758400
1575,456,5.0,1430092800
1575,188,5.0,1430611200
1575,155,5.0,1439078400
1575,639,5.0,1445126400
1576,44,3.0,1423440000
1576,299,4.0,1423440000
1576,278,2.0,1433376000
1577,393,5.0,1230768000
1577,89,2.0,1352937600
1577,99,5.0,1431216000
1577,826,4.0,1436918400
1577,336,4.0,1441497600
1577,294,5.0,1445904000
1577,713,5.0,1485475200
1577,50,5.0,1486684800
1577,419,5.0,1490054400
1577,373,5.0,1499212800
1577,245,5.0,1499644800
1577,10,5.0,1523232000
1578,227,5.0,1410307200
1578,438,5.0,1410307200
1578,796,5.0,1410307200
1579,545,3.0,1430179200
1579,762,5.0,1443225600
1579,208,4.0,1445299200
1580,6,5.0,1384128000
1580,146,5.0,1384128000
1580,232,5.0,1384128000
1580,234,5.0,1384128000
1580,306,5.0,1384128000
1580,364,5.0,1384128000
1580,407,5.0,1384128000
1580,777,5.0,1384128000
1581,60,5.0,1494892800
1581,158,5.0,1494892800
1581,140,5.0,1503014400
1581,740,5.0,1503014400
1582,498,4.0,1390435200
1582,250,4.0,1447545600
1582,359,5.0,1470873600
1582,531,5.0,1474675200
1582,763,5.0,1483401600
1583,89,4.0,1360454400
1583,806,3.0,1377302400
1583,663,4.0,1398124800
1583,746,4.0,1403654400
1583,356,3.0,1412812800
1583,622,4.0,1414627200
1583,391,3.0,1414972800
1583,704,4.0,1415059200
1583,503,4.0,1429228800
1583,278,4.0,1433030400
1583,618,5.0,1433289600
1583,762,5.0,1443225600
1583,32,4.0,1445212800
1583,133,4.0,1458086400
1583,533,5.0,1458345600
1583,505,4.0,1463616000
1583,216,4.0,1466553600
1583,26,4.0,1466985600
1583,351,4.0,1468454400
1583,359,4.0,1469577600
1583,12,4.0,1472860800
1583,358,4.0,1473206400
1583,237,4.0,1473984000
1583,142,5.0,1477094400
1583,204,4.0,1478476800
1583,830,5.0,1479254400
1583,240,5.0,1483142400
1583,818,4.0,1485820800
1583,373,3.0,1497225600
1583,245,3.0,1497571200
1583,599,4.0,1497571200
1583,394,4.0,1499644800
1583,512,4.0,1501891200
1583,197,4.0,1502064000
1583,457,5.0,1508803200
1584,622,4.0,1416441600
1584,569,3.0,1438732800
1584,514,4.0,1446681600
1584,294,4.0,1446768000
1584,772,3.0,1456099200
1584,133,4.0,1461024000
1584,128,5.0,1462320000
1585,73,5.0,1448236800
1585,424,5.0,1448236800
1585,80,5.0,1459555200
1586,366,5.0,1418169600
1586,314,5.0,1423699200
1586,705,5.0,1430179200
1586,343,5.0,1442016000
1586,260,5.0,1456272000
1586,21,5.0,1472947200
1587,6,5.0,1416182400
1587,146,5.0,1416182400
1587,232,5.0,1416182400
1587,364,5.0,1416182400
1587,407,5.0,1416182400
1587,777,5.0,1416182400
1588,841,4.0,1490140800
1588,11,5.0,1503964800
1588,599,5.0,1503964800
1588,245,4.0,1505088000
1589,502,4.0,1483056000
1589,49,5.0,1490745600
1589,581,4.0,1515628800
1589,619,2.0,1526428800
1590,456,5.0,1429833600
1590,265,3.0,1448236800
1590,219,4.0,1448841600
1590,610,4.0,1457395200
1590,786,3.0,1458172800
1590,718,5.0,1467590400
1590,688,3.0,1468281600
1590,479,4.0,1486166400
1590,795,3.0,1486166400
1590,394,5.0,1499126400
1590,52,5.0,1503792000
1590,115,5.0,1512172800
1591,450,5.0,1393977600
1591,790,5.0,1394668800
1591,586,5.0,1398816000
1591,663,5.0,1398902400
1591,320,5.0,1406160000
1591,258,5.0,1415145600
1591,391,3.0,1415232000
1591,474,4.0,1415836800
1591,82,5.0,1419379200
1591,430,5.0,1420070400
1591,225,4.0,1422144000
1591,56,5.0,1422576000
1591,615,5.0,1429833600
1591,798,5.0,1429833600
1591,191,4.0,1436918400
1591,546,5.0,1437350400
1591,32,5.0,1445558400
1591,170,5.0,1445558400
1591,276,5.0,1448409600
1591,121,2.0,1448668800
1591,784,5.0,1448668800
1591,249,5.0,1458950400
1591,399,5.0,1458950400
1591,426,4.0,1459296000
1591,230,3.0,1461542400
1591,625,4.0,1464652800
1591,150,5.0,1467417600
1591,85,5.0,1467504000
1591,215,5.0,1467676800
1591,114,5.0,1467763200
1591,349,5.0,1467763200
1591,747,5.0,1467849600
1591,688,5.0,1468281600
1591,76,5.0,1468800000
1591,202,5.0,1468800000
1591,226,5.0,1468972800
1591,351,5.0,1468972800
1591,192,5.0,1469577600
1591,471,5.0,1470614400
1591,383,5.0,1472169600
1591,774,5.0,1472688000
1591,318,5.0,1472947200
1591,628,5.0,1472947200
1591,118,5.0,1473206400
1591,749,3.0,1474934400
1591,369,5.0,1481846400
1591,97,5.0,1483747200
1591,352,4.0,1483747200
1591,392,4.0,1483747200
1591,671,4.0,1483747200
1591,785,4.0,1483747200
1591,632,5.0,1488412800
1591,602,5.0,1488499200
1591,679,5.0,1489622400
1591,400,5.0,1491782400
1591,526,3.0,1499126400
1591,373,5.0,1503705600
1591,782,5.0,1503705600
1591,11,5.0,1503792000
1591,245,5.0,1503792000
1591,394,5.0,1503792000
1591,693,5.0,1503792000
1591,732,5.0,1503792000
1591,515,5.0,1504483200
1591,653,4.0,1504483200
1591,772,4.0,1504483200
1591,386,5.0,1534377600
1591,458,5.0,1534377600
1591,476,5.0,1534377600
1592,23,5.0,1390435200
1592,489,4.0,1390435200
1592,241,4.0,1395273600
1593,554,5.0,1394841600
1593,175,3.0,1415059200
1593,473,2.0,1415664000
1594,6,5.0,1410048000
1594,146,5.0,1410048000
1594,232,5.0,1410048000
1594,364,5.0,1410048000
1594,407,5.0,1410048000
1594,777,5.0,1410048000
1595,173,5.0,1407888000
1595,136,4.0,1409702400
1595,791,3.0,1421193600
1596,261,5.0,1379289600
1596,723,5.0,1393718400
1596,69,4.0,1415836800
1596,470,5.0,1442448000
1596,118,4.0,1473811200
1596,394,4.0,1500249600
1597,555,5.0,1476316800
1597,49,5.0,1481932800
1597,419,5.0,1488758400
1597,614,5.0,1489881600
1597,253,5.0,1493078400
1597,630,5.0,1493078400
1597,693,5.0,1497312000
1597,142,5.0,1501804800
1597,836,5.0,1501804800
1597,581,5.0,1512345600
1597,772,5.0,1523923200
1597,196,3.0,1525564800
1598,745,5.0,1399248000
1598,729,5.0,1404691200
1598,695,5.0,1414886400
1598,473,5.0,1415404800
1598,155,4.0,1441324800
1598,201,4.0,1445126400
1598,32,5.0,1447891200
1599,241,4.0,1393632000
1599,723,5.0,1394841600
1599,582,4.0,1437436800
1599,68,4.0,1458000000
1599,19,5.0,1463097600
1600,499,5.0,1404259200
1600,199,1.0,1423180800
1600,308,5.0,1433721600
1600,659,1.0,1447372800
1601,609,2.0,1403136000
1601,694,3.0,1408060800
1601,526,5.0,1488585600
1601,394,5.0,1497830400
1601,245,5.0,1498953600
1601,127,4.0,1499212800
1601,373,5.0,1499212800
1602,72,5.0,1390435200
1602,723,5.0,1396310400
1602,586,4.0,1400457600
1602,694,2.0,1409529600
1602,595,4.0,1411948800
1602,69,5.0,1415059200
1602,291,5.0,1417651200
1602,289,5.0,1418688000
1602,771,4.0,1418774400
1602,766,5.0,1420761600
1602,124,4.0,1421280000
1602,14,3.0,1431129600
1602,501,3.0,1434326400
1602,810,5.0,1439424000
1602,667,2.0,1441065600
1602,155,3.0,1444176000
1602,492,3.0,1444780800
1602,367,4.0,1445385600
1602,201,4.0,1445731200
1602,372,3.0,1445731200
1602,425,5.0,1446336000
1602,676,2.0,1447200000
1602,165,5.0,1447459200
1602,32,3.0,1448150400
1602,427,4.0,1448323200
1602,602,3.0,1449446400
1602,808,3.0,1449619200
1602,219,1.0,1450051200
1602,286,5.0,1451779200
1602,706,2.0,1451865600
1602,132,5.0,1464739200
1602,192,3.0,1469404800
1602,268,3.0,1470787200
1602,644,3.0,1472083200
1602,471,5.0,1474070400
1602,531,5.0,1474502400
1602,337,5.0,1479340800
1602,555,2.0,1479772800
1602,415,4.0,1480118400
1602,118,5.0,1481673600
1602,28,4.0,1481760000
1602,754,5.0,1483056000
1602,156,2.0,1485129600
1602,732,5.0,1485561600
1602,713,4.0,1489104000
1602,309,3.0,1491091200
1602,342,2.0,1493942400
1602,31,5.0,1500336000
1602,373,5.0,1500336000
1602,11,5.0,1500854400
1602,394,4.0,1501113600
1602,599,5.0,1501372800
1602,245,5.0,1501545600
1602,298,3.0,1502668800
1602,313,5.0,1505520000
1603,6,2.0,1388275200
1603,146,2.0,1388275200
1603,232,2.0,1388275200
1603,364,2.0,1388275200
1603,407,2.0,1388275200
1603,777,2.0,1388275200
1604,114,5.0,1448841600
1604,349,5.0,1448841600
1604,504,5.0,1473897600
1605,784,5.0,1416441600
1605,93,5.0,1446076800
1605,636,5.0,1449705600
1605,326,5.0,1458691200
1606,451,4.0,1414800000
1606,493,4.0,1414800000
1606,310,4.0,1473724800
1606,394,4.0,1497916800
1607,723,3.0,1394841600
1607,360,4.0,1400976000
1607,715,3.0,1406592000
1607,729,3.0,1406592000
1607,493,4.0,1414627200
1607,235,3.0,1417824000
1607,779,4.0,1446249600
1607,323,4.0,1450051200
1608,840,4.0,1393459200
1608,586,3.0,1403136000
1608,564,5.0,1414972800
1608,391,4.0,1415318400
1608,289,5.0,1418688000
1608,266,5.0,1418860800
1608,95,3.0,1430784000
1608,188,4.0,1431388800
1608,13,4.0,1435536000
1608,522,5.0,1443139200
1608,626,5.0,1445472000
1608,673,5.0,1447027200
1608,102,5.0,1450569600
1608,273,5.0,1451952000
1608,767,5.0,1460678400
1608,517,4.0,1467676800
1608,268,4.0,1470096000
1608,671,5.0,1481500800
1608,74,5.0,1486512000
1608,34,5.0,1487808000
1608,476,5.0,1487808000
1608,674,3.0,1489104000
1608,783,5.0,1490054400
1608,8,5.0,1502928000
1609,6,5.0,1388275200
1609,146,5.0,1388275200
1609,232,5.0,1388275200
1609,364,5.0,1388275200
1609,407,5.0,1388275200
1609,777,5.0,1388275200
1610,805,4.0,1398038400
1610,595,3.0,1407196800
1610,474,3.0,1415750400
1610,784,5.0,1416268800
1610,336,4.0,1442275200
1610,635,3.0,1444348800
1610,288,4.0,1446076800
1610,566,4.0,1446854400
1610,388,3.0,1469318400
1610,590,3.0,1469664000
1610,34,2.0,1487721600
1610,841,5.0,1490054400
1610,309,4.0,1491523200
1610,386,4.0,1493337600
1610,123,4.0,1498003200
1610,552,3.0,1501200000
1611,6,2.0,1408320000
1611,146,2.0,1408320000
1611,232,2.0,1408320000
1611,364,2.0,1408320000
1611,407,2.0,1408320000
1611,777,2.0,1408320000
1612,78,5.0,1439683200
1612,231,5.0,1439683200
1612,504,5.0,1439683200
1613,6,5.0,1419379200
1613,146,5.0,1419379200
1613,232,5.0,1419379200
1613,364,5.0,1419379200
1613,407,5.0,1419379200
1613,777,5.0,1419379200
1614,537,4.0,1395273600
1614,626,3.0,1444608000
1614,577,5.0,1445558400
1614,636,5.0,1449014400
1614,666,4.0,1466035200
1614,369,2.0,1479340800
1615,700,5.0,1478044800
1615,227,5.0,1490572800
1615,438,5.0,1490572800
1616,784,5.0,1415404800
1616,442,4.0,1445212800
1616,515,2.0,1481500800
1617,6,4.0,1412726400
1617,146,4.0,1412726400
1617,232,4.0,1412726400
1617,364,4.0,1412726400
1617,407,4.0,1412726400
1617,777,4.0,1412726400
1618,554,5.0,1391385600
1618,235,5.0,1418428800
1618,368,5.0,1423785600
1618,610,5.0,1457481600
1618,133,5.0,1459123200
1618,161,4.0,1459555200
1618,230,5.0,1460937600
1619,6,3.0,1410307200
1619,146,3.0,1410307200
1619,232,3.0,1410307200
1619,364,3.0,1410307200
1619,407,3.0,1410307200
1619,777,3.0,1410307200
1620,536,2.0,1374364800
1620,715,4.0,1407110400
1620,551,4.0,1414713600
1620,491,4.0,1414800000
1620,34,4.0,1446249600
1620,271,4.0,1473379200
1621,236,5.0,1388966400
1621,87,3.0,1398297600
1621,794,3.0,1398297600
1621,184,3.0,1431043200
1621,602,4.0,1446163200
1621,664,4.0,1447804800
1621,205,4.0,1448755200
1621,731,3.0,1478822400
1621,696,5.0,1480550400
1621,245,3.0,1498262400
1621,599,2.0,1498262400
1622,6,5.0,1378425600
1622,146,5.0,1378425600
1622,232,5.0,1378425600
1622,364,5.0,1378425600
1622,407,5.0,1378425600
1622,777,5.0,1378425600
1623,716,5.0,1394755200
1623,61,5.0,1438732800
1623,667,5.0,1438732800
1624,72,5.0,1392422400
1624,716,5.0,1393372800
1624,473,3.0,1416009600
1624,784,3.0,1416009600
1624,719,3.0,1429747200
1624,75,4.0,1447027200
1624,224,5.0,1448496000
1625,257,4.0,1391644800
1625,554,3.0,1393200000
1625,520,4.0,1395273600
1625,87,3.0,1400457600
1625,360,2.0,1400457600
1625,663,4.0,1400457600
1625,329,2.0,1402185600
1625,609,5.0,1403136000
1625,710,4.0,1403568000
1625,239,5.0,1403827200
1625,514,4.0,1403827200
1625,638,4.0,1403913600
1625,29,5.0,1404691200
1625,791,3.0,1404950400
1625,689,5.0,1414108800
1625,48,4.0,1421971200
1625,384,3.0,1423612800
1625,262,3.0,1425168000
1625,263,4.0,1428278400
1625,804,5.0,1454284800
1625,271,3.0,1472256000
1625,649,4.0,1477872000
1625,110,5.0,1478476800
1625,484,4.0,1488412800
1625,119,4.0,1490227200
1625,164,5.0,1496793600
1626,499,5.0,1403568000
1626,811,5.0,1418169600
1626,702,5.0,1433635200
1627,218,3.0,1373932800
1627,489,4.0,1374537600
1627,722,5.0,1443830400
1627,820,4.0,1446249600
1627,273,5.0,1449964800
1627,388,3.0,1466640000
1627,240,5.0,1482969600
1627,300,4.0,1482969600
1628,6,5.0,1374710400
1628,146,5.0,1374710400
1628,232,5.0,1374710400
1628,364,5.0,1374710400
1628,407,5.0,1374710400
1628,777,5.0,1374710400
1629,806,4.0,1381881600
1629,228,3.0,1410566400
1629,685,3.0,1412899200
1629,629,2.0,1426032000
1629,244,2.0,1430956800
1629,322,5.0,1442275200
1629,756,2.0,1447545600
1630,6,5.0,1420416000
1630,146,5.0,1420416000
1630,232,5.0,1420416000
1630,364,5.0,1420416000
1630,407,5.0,1420416000
1630,777,5.0,1420416000
1631,6,5.0,1406764800
1631,146,5.0,1406764800
1631,232,5.0,1406764800
1631,364,5.0,1406764800
1631,407,5.0,1406764800
1631,777,5.0,1406764800
1632,685,5.0,1412899200
1632,584,4.0,1431216000
1632,344,5.0,1446163200
1632,604,3.0,1447718400
1632,454,5.0,1457568000
1632,533,5.0,1458345600
1632,652,5.0,1458345600
1632,351,5.0,1468886400
1632,531,2.0,1475625600
1632,785,1.0,1482451200
1632,264,5.0,1484784000
1632,354,5.0,1485388800
1632,526,5.0,1488412800
1632,34,3.0,1496102400
1632,394,1.0,1497657600
1632,599,3.0,1497657600
1632,373,2.0,1498608000
1633,646,5.0,1415318400
1633,483,3.0,1416614400
1633,766,2.0,1421452800
1633,612,4.0,1466294400
1633,718,5.0,1468108800
1634,559,5.0,1375574400
1634,806,5.0,1377302400
1634,236,5.0,1391040000
1634,330,5.0,1393200000
1634,723,4.0,1393891200
1634,835,4.0,1439683200
1634,529,5.0,1440374400
1634,722,5.0,1442361600
1634,831,4.0,1442534400
1634,201,4.0,1443139200
1634,411,5.0,1444953600
1634,808,4.0,1444953600
1634,35,4.0,1445040000
1634,32,5.0,1445731200
1634,427,4.0,1446249600
1634,165,3.0,1446768000
1634,659,4.0,1446768000
1634,276,5.0,1447372800
1634,593,5.0,1448064000
1634,755,5.0,1457654400
1634,180,5.0,1458259200
1634,128,5.0,1458432000
1634,4,2.0,1459641600
1634,230,4.0,1460246400
1634,521,5.0,1463097600
1634,799,4.0,1463961600
1634,150,4.0,1466812800
1634,215,4.0,1467244800
1634,747,5.0,1467331200
1634,408,5.0,1467504000
1634,603,5.0,1468281600
1634,798,4.0,1468972800
1634,202,4.0,1469059200
1634,351,4.0,1469059200
1634,359,2.0,1470873600
1634,423,5.0,1473897600
1634,12,4.0,1474156800
1634,754,5.0,1475020800
1634,337,5.0,1475107200
1634,118,4.0,1475280000
1634,28,5.0,1476230400
1634,355,4.0,1477612800
1634,731,4.0,1478217600
1634,696,5.0,1478822400
1634,415,5.0,1478908800
1634,340,4.0,1480464000
1634,352,5.0,1480723200
1634,697,5.0,1481932800
1634,354,3.0,1485475200
1634,733,4.0,1487376000
1634,164,5.0,1488067200
1634,526,5.0,1488326400
1634,484,4.0,1488585600
1634,377,5.0,1488672000
1634,303,4.0,1489190400
1634,668,4.0,1489708800
1634,614,5.0,1489795200
1634,302,4.0,1489881600
1634,809,5.0,1490054400
1634,152,4.0,1490313600
1634,431,4.0,1490313600
1634,386,4.0,1491091200
1634,630,5.0,1492732800
1634,253,3.0,1492819200
1634,709,5.0,1493078400
1634,497,5.0,1493164800
1634,282,4.0,1493510400
1634,159,5.0,1494115200
1634,142,5.0,1494374400
1634,772,5.0,1494547200
1634,245,4.0,1497484800
1634,693,5.0,1497657600
1634,732,5.0,1497830400
1634,281,5.0,1501027200
1634,223,4.0,1503792000
1634,181,5.0,1508112000
1634,520,5.0,1508976000
1634,650,4.0,1510790400
1634,11,5.0,1515024000
1634,743,3.0,1519171200
1634,397,4.0,1523059200
1634,530,5.0,1524700800
1635,834,4.0,1329091200
1635,554,3.0,1390780800
1635,646,4.0,1415664000
1635,315,3.0,1423785600
1635,68,3.0,1457049600
1635,166,4.0,1465171200
1635,561,2.0,1466035200
1635,143,3.0,1468368000
1635,591,3.0,1473897600
1636,395,5.0,1395014400
1636,689,5.0,1415664000
1636,391,5.0,1416355200
1636,244,5.0,1430179200
1636,373,3.0,1498089600
1636,394,4.0,1498089600
1636,436,5.0,1498089600
1636,599,4.0,1498089600
1636,245,3.0,1499558400
1637,520,4.0,1394323200
1637,174,5.0,1402185600
1637,715,5.0,1407196800
1637,780,5.0,1408320000
1637,474,5.0,1417305600
1637,213,5.0,1417564800
1637,813,5.0,1444867200
1637,208,4.0,1445558400
1637,823,3.0,1447459200
1637,454,5.0,1457049600
1637,517,3.0,1466812800
1637,335,5.0,1467676800
1637,720,5.0,1468108800
1637,679,5.0,1480809600
1637,394,5.0,1498262400
1637,801,4.0,1498262400
1638,6,5.0,1388448000
1638,146,5.0,1388448000
1638,232,5.0,1388448000
1638,364,5.0,1388448000
1638,407,5.0,1388448000
1638,777,5.0,1388448000
1639,6,5.0,1409616000
1639,146,5.0,1409616000
1639,232,5.0,1409616000
1639,364,5.0,1409616000
1639,407,5.0,1409616000
1639,777,5.0,1409616000
1640,600,3.0,1376265600
1640,66,5.0,1413849600
1640,735,5.0,1430179200
1641,811,5.0,1417996800
1641,773,3.0,1421020800
1641,33,4.0,1422921600
1641,545,5.0,1430265600
1641,409,4.0,1447113600
1641,728,3.0,1458604800
1641,573,4.0,1460505600
1641,736,5.0,1471996800
1641,50,3.0,1486944000
1642,89,4.0,1351296000
1642,187,5.0,1464652800
1642,335,5.0,1467072000
1642,76,5.0,1469145600
1642,192,5.0,1469491200
1642,754,5.0,1473292800
1642,163,5.0,1473638400
1642,749,5.0,1474848000
1642,247,5.0,1502928000
1643,363,2.0,1372464000
1643,506,5.0,1387411200
1643,791,3.0,1402876800
1644,114,5.0,1431907200
1644,231,5.0,1431907200
1644,349,5.0,1431907200
1645,510,5.0,1257897600
1645,806,3.0,1377561600
1645,98,5.0,1392768000
1645,498,5.0,1392768000
1645,20,5.0,1392854400
1645,472,3.0,1392940800
1645,448,5.0,1402358400
1645,586,5.0,1402358400
1645,356,5.0,1413590400
1646,241,5.0,1393632000
1646,330,5.0,1393632000
1646,723,5.0,1393632000
1646,308,5.0,1433980800
1646,180,4.0,1459900800
1647,595,5.0,1407974400
1647,646,4.0,1415318400
1647,445,5.0,1433462400
1647,47,5.0,1459296000
1647,526,4.0,1492560000
1647,245,5.0,1497312000
1648,694,2.0,1411257600
1648,249,3.0,1462406400
1648,132,4.0,1464739200
1648,721,3.0,1480377600
1648,653,3.0,1482796800
1648,841,3.0,1490486400
1648,11,3.0,1500249600
1648,373,3.0,1500681600
1649,690,2.0,1415318400
1649,576,4.0,1419206400
1649,773,5.0,1420761600
1649,263,4.0,1427328000
1649,328,5.0,1431734400
1649,93,3.0,1446595200
1649,219,4.0,1448841600
1649,5,5.0,1449619200
1649,726,1.0,1452556800
1649,399,4.0,1457481600
1649,610,4.0,1457740800
1649,351,3.0,1469750400
1649,353,3.0,1470182400
1649,217,5.0,1480550400
1649,653,3.0,1482278400
1649,632,4.0,1482796800
1649,602,4.0,1484179200
1649,697,4.0,1484179200
1649,707,5.0,1484179200
1649,713,3.0,1486857600
1649,526,2.0,1488758400
1649,40,2.0,1493251200
1649,599,3.0,1498262400
1649,131,4.0,1523577600
1649,373,3.0,1533340800
1650,6,5.0,1371945600
1650,146,5.0,1371945600
1650,232,5.0,1371945600
1650,364,5.0,1371945600
1650,407,5.0,1371945600
1650,777,5.0,1371945600
1651,716,5.0,1393459200
1651,663,5.0,1400112000
1651,794,5.0,1400112000
1651,213,5.0,1415923200
1651,474,4.0,1415923200
1651,779,4.0,1445558400
1651,9,5.0,1445990400
1651,168,3.0,1485475200
1651,243,5.0,1485475200
1651,307,4.0,1485561600
1651,441,4.0,1485561600
1651,45,3.0,1486080000
1651,750,4.0,1486080000
1651,795,4.0,1486080000
1651,156,3.0,1486425600
1651,818,3.0,1486425600
1651,34,3.0,1486771200
1651,443,4.0,1486944000
1651,42,4.0,1487289600
1651,275,5.0,1487289600
1651,479,5.0,1487894400
1651,601,3.0,1487894400
1651,50,4.0,1489190400
1651,713,5.0,1489276800
1651,182,3.0,1490659200
1651,354,5.0,1491004800
1651,571,4.0,1491523200
1651,31,4.0,1497830400
1651,245,4.0,1498780800
1651,46,3.0,1516924800
1652,657,5.0,1423699200
1652,603,4.0,1467676800
1652,750,5.0,1485302400
1652,601,4.0,1489104000
1652,142,5.0,1501545600
1652,298,5.0,1502496000
1652,768,5.0,1510185600
1653,71,5.0,1396224000
1653,311,4.0,1407542400
1653,231,3.0,1407801600
1653,178,5.0,1433980800
1653,485,2.0,1460764800
1653,6,4.0,1464048000
1653,146,4.0,1464048000
1653,173,5.0,1464048000
1653,232,4.0,1464048000
1653,364,4.0,1464048000
1653,407,4.0,1464048000
1653,777,4.0,1464048000
1654,6,5.0,1389052800
1654,146,5.0,1389052800
1654,232,5.0,1389052800
1654,364,5.0,1389052800
1654,407,5.0,1389052800
1654,777,5.0,1389052800
1655,60,5.0,1498953600
1655,158,5.0,1498953600
1655,151,5.0,1517702400
1656,449,3.0,1447200000
1656,332,5.0,1461024000
1656,414,4.0,1461024000
1657,100,4.0,1465430400
1657,758,3.0,1465862400
1657,486,4.0,1471392000
1657,6,4.0,1507593600
1657,146,4.0,1507593600
1657,232,4.0,1507593600
1657,364,4.0,1507593600
1657,407,4.0,1507593600
1657,777,4.0,1507593600
1658,753,2.0,1504742400
1658,106,5.0,1513123200
1658,129,5.0,1518307200
1658,102,2.0,1522540800
1659,6,5.0,1403049600
1659,146,5.0,1403049600
1659,232,5.0,1403049600
1659,364,5.0,1403049600
1659,407,5.0,1403049600
1659,777,5.0,1403049600
1660,73,4.0,1366070400
1660,424,4.0,1366070400
1660,587,2.0,1437350400
1661,172,2.0,1397865600
1661,429,3.0,1416441600
1661,162,2.0,1440720000
1661,280,4.0,1445385600
1661,294,5.0,1445385600
1661,53,4.0,1446940800
1661,75,3.0,1447027200
1661,416,4.0,1455494400
1661,656,5.0,1457568000
1661,786,4.0,1459900800
1661,230,2.0,1461456000
1661,751,4.0,1467504000
1661,3,3.0,1468281600
1661,141,5.0,1468281600
1661,202,5.0,1468972800
1661,611,4.0,1476144000
1661,142,5.0,1479254400
1661,603,4.0,1479254400
1661,772,4.0,1479254400
1661,49,5.0,1484611200
1661,602,5.0,1484611200
1661,707,5.0,1484611200
1661,243,2.0,1485302400
1661,365,4.0,1487980800
1661,526,5.0,1487980800
1661,40,4.0,1492646400
1661,739,4.0,1492646400
1661,674,4.0,1492732800
1661,724,4.0,1505174400
1661,303,5.0,1507852800
1662,601,5.0,1485388800
1662,354,3.0,1486425600
1662,668,5.0,1489881600
1662,630,5.0,1492905600
1662,253,5.0,1492992000
1662,373,5.0,1497312000
1663,417,3.0,1499385600
1663,484,4.0,1499385600
1663,676,5.0,1499385600
1664,20,1.0,1390867200
1664,194,5.0,1430611200
1664,604,4.0,1449878400
1664,824,5.0,1458691200
1664,149,4.0,1464480000
1664,26,5.0,1465171200
1664,105,4.0,1467849600
1664,380,4.0,1467936000
1664,21,4.0,1471910400
1664,591,5.0,1472601600
1664,310,5.0,1473206400
1664,337,2.0,1473984000
1664,526,3.0,1489104000
1664,309,4.0,1492300800
1664,123,4.0,1499731200
1664,599,2.0,1499731200
1664,46,5.0,1503014400
1664,245,5.0,1503014400
1664,801,4.0,1503014400
1665,73,1.0,1455753600
1665,424,1.0,1455753600
1665,100,5.0,1459296000
1666,507,3.0,1394064000
1666,451,4.0,1414713600
1666,414,5.0,1457654400
1666,652,4.0,1458345600
1666,767,4.0,1460764800
1667,53,5.0,1446422400
1667,593,4.0,1448323200
1667,274,5.0,1457308800
1667,246,5.0,1458000000
1667,767,5.0,1459814400
1667,19,5.0,1463184000
1667,799,5.0,1463961600
1667,149,5.0,1464048000
1667,603,5.0,1467676800
1667,118,5.0,1473552000
1668,6,5.0,1465603200
1668,146,5.0,1465603200
1668,232,5.0,1465603200
1668,364,5.0,1465603200
1668,407,5.0,1465603200
1668,777,5.0,1465603200
1669,385,2.0,1485216000
1669,484,4.0,1488326400
1669,182,3.0,1488931200
1669,402,4.0,1489536000
1669,247,5.0,1502841600
1669,482,4.0,1526688000
1670,368,3.0,1424044800
1670,469,5.0,1445558400
1670,841,4.0,1490313600
1670,393,4.0,1493424000
1671,640,4.0,1402531200
1671,646,4.0,1416182400
1671,623,4.0,1444867200
1671,350,3.0,1446076800
1671,409,4.0,1446249600
1671,426,3.0,1458172800
1671,230,4.0,1461196800
1671,718,3.0,1468281600
1671,603,3.0,1468972800
1671,355,4.0,1477699200
1671,778,5.0,1478995200
1671,240,4.0,1484956800
1671,45,5.0,1487894400
1671,526,4.0,1490486400
1671,552,5.0,1498867200
1671,245,4.0,1498953600
1671,801,4.0,1500076800
1671,207,4.0,1502582400
1671,637,4.0,1510531200
1672,293,5.0,1464134400
1672,301,5.0,1464134400
1672,466,5.0,1464134400
1673,734,5.0,1423180800
1673,54,3.0,1429920000
1673,467,5.0,1446422400
1673,649,4.0,1457740800
1673,480,3.0,1464652800
1673,159,2.0,1493510400
1673,147,2.0,1507593600
1673,453,4.0,1512691200
1673,678,3.0,1519171200
1674,199,2.0,1299888000
1674,487,4.0,1299974400
1674,429,4.0,1416614400
1674,291,4.0,1435795200
1675,48,5.0,1421107200
1675,194,4.0,1430524800
1675,278,4.0,1433203200
1675,813,5.0,1444953600
1675,469,4.0,1445472000
1675,313,4.0,1446508800
1675,274,5.0,1457049600
1675,682,5.0,1457049600
1675,649,4.0,1458000000
1675,426,5.0,1458432000
1675,413,4.0,1466380800
1675,76,3.0,1469318400
1675,527,4.0,1480550400
1676,138,3.0,1394928000
1676,790,3.0,1397606400
1676,586,5.0,1398988800
1676,90,3.0,1401321600
1676,597,3.0,1401321600
1676,263,5.0,1427241600
1676,462,5.0,1430524800
1677,6,5.0,1470182400
1677,146,5.0,1470182400
1677,232,5.0,1470182400
1677,364,5.0,1470182400
1677,407,5.0,1470182400
1677,777,5.0,1470182400
1678,65,5.0,1391731200
1678,72,5.0,1393372800
1678,371,3.0,1397865600
1678,90,4.0,1399939200
1678,597,4.0,1399939200
1679,6,5.0,1381795200
1679,146,5.0,1381795200
1679,232,5.0,1381795200
1679,364,5.0,1381795200
1679,407,5.0,1381795200
1679,777,5.0,1381795200
1680,327,4.0,1440201600
1680,497,3.0,1495238400
1680,772,4.0,1503792000
1681,785,2.0,1415404800
1681,49,5.0,1487203200
1681,169,2.0,1487462400
1682,6,3.0,1420156800
1682,146,3.0,1420156800
1682,232,3.0,1420156800
1682,364,3.0,1420156800
1682,407,3.0,1420156800
1682,777,3.0,1420156800
1683,239,4.0,1448668800
1683,396,3.0,1469232000
1683,21,4.0,1480032000
1684,6,5.0,1380585600
1684,146,5.0,1380585600
1684,232,5.0,1380585600
1684,364,5.0,1380585600
1684,407,5.0,1380585600
1684,777,5.0,1380585600
1685,451,5.0,1472601600
1685,473,5.0,1472601600
1685,564,5.0,1472601600
1685,685,5.0,1472601600
1685,784,5.0,1472601600
1686,6,5.0,1409270400
1686,146,5.0,1409270400
1686,232,5.0,1409270400
1686,364,5.0,1409270400
1686,407,5.0,1409270400
1686,777,5.0,1409270400
1687,11,5.0,1498608000
1687,394,4.0,1498608000
1687,373,5.0,1498867200
1687,245,5.0,1499904000
1687,197,5.0,1502064000
1687,281,3.0,1505520000
1687,104,5.0,1511481600
1687,453,4.0,1513900800
1688,6,5.0,1466553600
1688,146,5.0,1466553600
1688,232,5.0,1466553600
1688,364,5.0,1466553600
1688,407,5.0,1466553600
1688,777,5.0,1466553600
1689,6,5.0,1465776000
1689,146,5.0,1465776000
1689,232,5.0,1465776000
1689,234,5.0,1465776000
1689,306,5.0,1465776000
1689,364,5.0,1465776000
1689,407,5.0,1465776000
1689,777,5.0,1465776000
1690,199,3.0,1422835200
1690,328,2.0,1431129600
1690,826,4.0,1437264000
1690,561,4.0,1465862400
1690,163,4.0,1473984000
1690,754,5.0,1474502400
1690,337,5.0,1474588800
1690,58,5.0,1496361600
1690,801,4.0,1498435200
1691,6,5.0,1402617600
1691,146,5.0,1402617600
1691,232,5.0,1402617600
1691,364,5.0,1402617600
1691,407,5.0,1402617600
1691,777,5.0,1402617600
1692,6,1.0,1460592000
1692,146,1.0,1460592000
1692,232,1.0,1460592000
1692,364,1.0,1460592000
1692,407,1.0,1460592000
1692,777,1.0,1460592000
1693,723,5.0,1394668800
1693,138,5.0,1395100800
1693,448,5.0,1402790400
1693,814,4.0,1402963200
1693,44,4.0,1425859200
1693,45,5.0,1489622400
1694,6,5.0,1410048000
1694,146,5.0,1410048000
1694,232,5.0,1410048000
1694,364,5.0,1410048000
1694,407,5.0,1410048000
1694,777,5.0,1410048000
1695,239,5.0,1520035200
1695,258,5.0,1520035200
1695,560,5.0,1520035200
1696,6,5.0,1467763200
1696,146,5.0,1467763200
1696,232,5.0,1467763200
1696,364,5.0,1467763200
1696,407,5.0,1467763200
1696,777,5.0,1467763200
1697,532,5.0,1433462400
1697,122,3.0,1456704000
1697,685,5.0,1456704000
1698,218,5.0,1497657600
1698,600,5.0,1497657600
1698,647,5.0,1497657600
1699,0,5.0,1424044800
1699,435,2.0,1424044800
1699,654,5.0,1477958400
1700,714,4.0,1369958400
1700,71,3.0,1370563200
1700,84,5.0,1377302400
1700,776,5.0,1380931200
1701,289,5.0,1418774400
1701,83,4.0,1423180800
1701,244,4.0,1430265600
1701,823,4.0,1447891200
1701,505,4.0,1463616000
1701,720,4.0,1469232000
1701,163,5.0,1476144000
1702,6,2.0,1466985600
1702,146,2.0,1466985600
1702,232,2.0,1466985600
1702,364,2.0,1466985600
1702,407,2.0,1466985600
1702,777,2.0,1466985600
1703,20,4.0,1392508800
1703,663,4.0,1400630400
1703,689,5.0,1413676800
1703,493,4.0,1415232000
1703,657,5.0,1423612800
1703,165,5.0,1445385600
1703,616,5.0,1461628800
1704,48,5.0,1421107200
1704,262,4.0,1425340800
1704,487,5.0,1430697600
1704,592,3.0,1433808000
1704,422,5.0,1457136000
1704,656,5.0,1457827200
1704,786,5.0,1457827200
1704,426,5.0,1459296000
1704,156,4.0,1486252800
1704,783,5.0,1491177600
1704,808,5.0,1498694400
1704,182,4.0,1502755200
1704,606,3.0,1517702400
1704,109,2.0,1525392000
1705,6,4.0,1417478400
1705,146,4.0,1417478400
1705,232,4.0,1417478400
1705,364,4.0,1417478400
1705,407,4.0,1417478400
1705,777,4.0,1417478400
1706,444,5.0,1469664000
1706,114,4.0,1494979200
1706,349,4.0,1494979200
1707,376,4.0,1373328000
1707,780,4.0,1406419200
1707,816,5.0,1415836800
1707,162,4.0,1441584000
1707,372,5.0,1441584000
1707,5,4.0,1449273600
1707,394,3.0,1498608000
1708,6,5.0,1396310400
1708,146,5.0,1396310400
1708,232,5.0,1396310400
1708,364,5.0,1396310400
1708,407,5.0,1396310400
1708,777,5.0,1396310400
1709,247,2.0,1504051200
1709,207,4.0,1507593600
1709,115,3.0,1512345600
1710,579,2.0,1270598400
1710,738,5.0,1296604800
1710,665,1.0,1327795200
1710,172,2.0,1405814400
1710,715,1.0,1405814400
1710,542,4.0,1423872000
1710,503,3.0,1430265600
1710,722,5.0,1443830400
1710,676,5.0,1444780800
1710,9,4.0,1444953600
1710,290,4.0,1445126400
1710,272,2.0,1445299200
1710,344,4.0,1445817600
1710,411,2.0,1446336000
1710,418,4.0,1447804800
1710,706,3.0,1452211200
1710,475,2.0,1453593600
1710,838,4.0,1453593600
1710,742,5.0,1455148800
1710,755,5.0,1455148800
1710,389,3.0,1455321600
1710,649,2.0,1457481600
1710,786,4.0,1458172800
1710,656,5.0,1458259200
1710,573,3.0,1458691200
1710,238,4.0,1458777600
1710,47,3.0,1459382400
1710,246,3.0,1459382400
1710,230,4.0,1460419200
1710,187,4.0,1464912000
1710,517,3.0,1464912000
1710,666,2.0,1465948800
1710,107,3.0,1468022400
1710,21,2.0,1472256000
1710,337,5.0,1473897600
1710,28,5.0,1474848000
1710,343,4.0,1475625600
1710,611,2.0,1475884800
1710,772,3.0,1477094400
1710,355,4.0,1477785600
1710,603,4.0,1478304000
1710,142,4.0,1478649600
1710,340,5.0,1478649600
1710,778,4.0,1478649600
1710,369,5.0,1479772800
1710,27,4.0,1481587200
1710,515,5.0,1481587200
1710,49,5.0,1482883200
1710,452,3.0,1483574400
1710,697,4.0,1483574400
1710,602,4.0,1484265600
1710,243,2.0,1486080000
1710,365,4.0,1487894400
1710,739,4.0,1487894400
1710,526,5.0,1488326400
1710,782,2.0,1491782400
1710,707,4.0,1492387200
1710,74,5.0,1492560000
1710,40,5.0,1493942400
1710,342,3.0,1494633600
1710,282,4.0,1496793600
1710,11,2.0,1498176000
1710,245,3.0,1498262400
1710,373,2.0,1498780800
1710,633,3.0,1499385600
1710,674,4.0,1499385600
1710,394,2.0,1500076800
1710,50,3.0,1501286400
1710,34,3.0,1503532800
1710,281,4.0,1504483200
1710,650,3.0,1512691200
1710,115,4.0,1512950400
1710,619,4.0,1525564800
1710,397,3.0,1525651200
1711,448,5.0,1402963200
1711,111,5.0,1443657600
1711,219,5.0,1450051200
1711,496,5.0,1451692800
1712,6,5.0,1402444800
1712,146,5.0,1402444800
1712,232,5.0,1402444800
1712,364,5.0,1402444800
1712,407,5.0,1402444800
1712,777,5.0,1402444800
1713,6,1.0,1391472000
1713,146,1.0,1391472000
1713,232,1.0,1391472000
1713,364,1.0,1391472000
1713,407,1.0,1391472000
1713,777,1.0,1391472000
1714,64,4.0,1390694400
1714,586,4.0,1399161600
1714,816,3.0,1415318400
1714,576,5.0,1418947200
1714,75,4.0,1447372800
1715,829,4.0,1370476800
1715,451,4.0,1414972800
1715,493,4.0,1415577600
1715,384,4.0,1424217600
1715,594,4.0,1431475200
1715,772,5.0,1452729600
1715,128,4.0,1459468800
1715,713,4.0,1486944000
1716,395,5.0,1394064000
1716,90,4.0,1401753600
1716,597,4.0,1401753600
1716,14,5.0,1431129600
1716,209,5.0,1431475200
1716,278,4.0,1433203200
1716,250,2.0,1446076800
1716,290,4.0,1446681600
1716,273,5.0,1449360000
1716,465,5.0,1449360000
1716,286,5.0,1451174400
1716,47,4.0,1459036800
1716,27,5.0,1478044800
1716,452,4.0,1482710400
1716,479,4.0,1486166400
1716,46,5.0,1498089600
1717,554,4.0,1391212800
1717,564,5.0,1415145600
1717,784,4.0,1416873600
1717,557,3.0,1417132800
1717,719,4.0,1430784000
1717,755,4.0,1456617600
1717,610,3.0,1457913600
1717,786,2.0,1459209600
1717,413,3.0,1467936000
1717,142,3.0,1501286400
1718,279,5.0,1433980800
1718,548,5.0,1457568000
1718,598,5.0,1460160000
1718,603,5.0,1468022400
1718,160,5.0,1490313600
1719,314,4.0,1422921600
1719,711,5.0,1454889600
1719,326,4.0,1459987200
1720,6,5.0,1501459200
1720,146,5.0,1501459200
1720,232,5.0,1501459200
1720,364,5.0,1501459200
1720,407,5.0,1501459200
1720,777,5.0,1501459200
1721,218,2.0,1374105600
1721,805,4.0,1400803200
1721,174,5.0,1400889600
1721,459,4.0,1414454400
1721,690,2.0,1415664000
1721,645,3.0,1447459200
1721,772,1.0,1455148800
1722,715,5.0,1406592000
1722,551,4.0,1415145600
1722,493,4.0,1416873600
1722,199,5.0,1423008000
1722,54,5.0,1431993600
1722,283,5.0,1475107200
1723,646,5.0,1415145600
1723,83,3.0,1423526400
1723,615,5.0,1432339200
1723,604,4.0,1445385600
1723,418,2.0,1447113600
1723,443,1.0,1485820800
1723,519,3.0,1491609600
1723,677,3.0,1502150400
1723,207,5.0,1502582400
1723,8,5.0,1503619200
1723,147,4.0,1507852800
1723,461,1.0,1513123200
1723,675,1.0,1522454400
1723,81,5.0,1527033600
1723,62,3.0,1530316800
1724,732,4.0,1481155200
1724,152,4.0,1491264000
1724,431,4.0,1491264000
1724,614,3.0,1491264000
1724,668,5.0,1492387200
1724,255,5.0,1492473600
1724,253,5.0,1493510400
1724,497,5.0,1493510400
1724,630,5.0,1493942400
1724,709,5.0,1493942400
1724,772,2.0,1495497600
1724,8,4.0,1501804800
1725,88,5.0,1373932800
1725,600,5.0,1373932800
1725,98,5.0,1392076800
1725,138,5.0,1393286400
1725,507,5.0,1393286400
1725,241,5.0,1393804800
1725,689,5.0,1413331200
1725,66,5.0,1416268800
1725,463,5.0,1430697600
1725,529,5.0,1440720000
1725,831,4.0,1443052800
1725,706,4.0,1451865600
1725,480,5.0,1464220800
1725,588,5.0,1468281600
1725,105,5.0,1468800000
1725,143,4.0,1468972800
1725,21,4.0,1473724800
1725,118,1.0,1473724800
1726,371,4.0,1396483200
1726,320,4.0,1407628800
1726,685,2.0,1413417600
1726,576,4.0,1418774400
1726,503,4.0,1430352000
1727,150,4.0,1467504000
1727,338,1.0,1475366400
1727,355,5.0,1478217600
1727,441,3.0,1488153600
1728,6,5.0,1401580800
1728,146,5.0,1401580800
1728,232,5.0,1401580800
1728,364,5.0,1401580800
1728,407,5.0,1401580800
1728,777,5.0,1401580800
1729,60,5.0,1473984000
1729,151,5.0,1473984000
1729,158,5.0,1473984000
1730,6,5.0,1379635200
1730,146,5.0,1379635200
1730,232,5.0,1379635200
1730,364,5.0,1379635200
1730,407,5.0,1379635200
1730,777,5.0,1379635200
1731,646,4.0,1415145600
1731,291,5.0,1415232000
1731,522,5.0,1443225600
1731,744,5.0,1472601600
1731,177,4.0,1473292800
1731,754,5.0,1474416000
1731,52,4.0,1501891200
1731,760,5.0,1507248000
1732,6,3.0,1482019200
1732,146,3.0,1482019200
1732,232,3.0,1482019200
1732,364,3.0,1482019200
1732,407,3.0,1482019200
1732,777,3.0,1482019200
1733,510,4.0,1437350400
1733,0,4.0,1460419200
1733,356,5.0,1460419200
1733,765,5.0,1460419200
1734,829,5.0,1373760000
1734,520,5.0,1393891200
1734,371,5.0,1397692800
1734,640,5.0,1403913600
1734,179,5.0,1414800000
1734,473,5.0,1415404800
1734,483,5.0,1416009600
1734,811,5.0,1419552000
1734,208,5.0,1444003200
1734,514,5.0,1445299200
1734,9,5.0,1445990400
1734,524,5.0,1447718400
1734,102,5.0,1448668800
1734,496,5.0,1449014400
1734,706,3.0,1451865600
1734,249,4.0,1457654400
1734,332,5.0,1458259200
1734,246,5.0,1459123200
1734,412,5.0,1459123200
1734,281,5.0,1460678400
1734,744,5.0,1472947200
1734,12,5.0,1473465600
1734,157,5.0,1474243200
1734,311,5.0,1475280000
1734,649,4.0,1477872000
1734,721,5.0,1479081600
1734,74,4.0,1487721600
1734,750,5.0,1489363200
1735,6,5.0,1371600000
1735,146,5.0,1371600000
1735,232,5.0,1371600000
1735,364,5.0,1371600000
1735,407,5.0,1371600000
1735,777,5.0,1371600000
1736,137,4.0,1420243200
1736,773,4.0,1420675200
1736,200,4.0,1422835200
1736,367,3.0,1443744000
1736,779,5.0,1444867200
1736,93,4.0,1445385600
1736,205,4.0,1448409600
1736,738,2.0,1455321600
1736,786,4.0,1457568000
1736,370,4.0,1457740800
1736,128,5.0,1458777600
1736,230,5.0,1460937600
1736,666,2.0,1466208000
1736,718,4.0,1467417600
1736,720,4.0,1467417600
1736,107,4.0,1467763200
1736,237,4.0,1473292800
1736,432,5.0,1479168000
1736,707,4.0,1482451200
1736,526,3.0,1488326400
1736,49,5.0,1488931200
1736,419,5.0,1488931200
1736,540,3.0,1493337600
1736,373,3.0,1497484800
1736,245,3.0,1498435200
1736,808,3.0,1498694400
1736,46,4.0,1499212800
1736,599,3.0,1499472000
1736,394,4.0,1499904000
1736,313,4.0,1505347200
1736,41,3.0,1518825600
1736,606,3.0,1518825600
1737,704,4.0,1414800000
1737,491,4.0,1415059200
1737,278,4.0,1433203200
1737,324,4.0,1441929600
1737,449,2.0,1445385600
1737,290,4.0,1445990400
1737,250,4.0,1446336000
1737,102,5.0,1449532800
1737,331,4.0,1460505600
1737,517,3.0,1465084800
1737,216,1.0,1466553600
1737,718,5.0,1467763200
1737,526,4.0,1488412800
1737,674,4.0,1488412800
1737,92,3.0,1502496000
1737,621,3.0,1502496000
1738,360,4.0,1401667200
1738,690,4.0,1415404800
1738,735,5.0,1430092800
1738,142,4.0,1445644800
1738,35,4.0,1446768000
1738,804,4.0,1453593600
1738,488,5.0,1454889600
1738,755,4.0,1456012800
1738,414,4.0,1457654400
1738,786,4.0,1457827200
1738,649,5.0,1457913600
1738,128,5.0,1459209600
1738,4,4.0,1460851200
1738,413,4.0,1465862400
1738,603,5.0,1467936000
1738,631,5.0,1468108800
1738,590,3.0,1468713600
1738,688,4.0,1468713600
1738,471,5.0,1469750400
1738,108,5.0,1470614400
1738,28,4.0,1476057600
1738,49,4.0,1483747200
1738,452,4.0,1485648000
1738,602,5.0,1485648000
1738,526,4.0,1489881600
1738,809,5.0,1491091200
1738,280,2.0,1492732800
1738,40,4.0,1498348800
1738,46,5.0,1498953600
1738,808,1.0,1499212800
1738,11,5.0,1502582400
1738,195,5.0,1502582400
1739,646,5.0,1415577600
1739,643,3.0,1416009600
1739,495,4.0,1423785600
1739,492,5.0,1443312000
1739,288,5.0,1444694400
1739,367,4.0,1444694400
1739,280,5.0,1445990400
1739,602,5.0,1446163200
1739,427,5.0,1446854400
1739,32,5.0,1447372800
1739,488,5.0,1455148800
1739,426,3.0,1457740800
1739,238,3.0,1458259200
1739,141,4.0,1468368000
1739,202,5.0,1468972800
1739,271,5.0,1473724800
1739,819,5.0,1474502400
1739,352,5.0,1481414400
1739,707,4.0,1482105600
1739,49,5.0,1482364800
1739,452,5.0,1482451200
1739,240,4.0,1483228800
1739,750,3.0,1485820800
1739,42,5.0,1486598400
1739,526,4.0,1488931200
1739,739,5.0,1492905600
1739,808,5.0,1497312000
1739,630,5.0,1497657600
1739,552,5.0,1498262400
1739,732,5.0,1499558400
1739,373,5.0,1499731200
1739,693,5.0,1500681600
1739,142,5.0,1501372800
1739,534,5.0,1503446400
1739,603,4.0,1504310400
1739,620,4.0,1514073600
1739,691,4.0,1524182400
1739,772,5.0,1525392000
1739,743,4.0,1525478400
1740,209,5.0,1432080000
1740,308,4.0,1436140800
1740,135,3.0,1445040000
1740,142,4.0,1445990400
1740,276,2.0,1449014400
1740,590,3.0,1468540800
1740,611,4.0,1475798400
1740,713,4.0,1486425600
1740,750,3.0,1486425600
1740,668,3.0,1490832000
1740,40,4.0,1494460800
1740,31,3.0,1498953600
1740,147,2.0,1508544000
1740,247,3.0,1508544000
1741,58,5.0,1402099200
1741,391,5.0,1415318400
1741,816,5.0,1415491200
1741,263,5.0,1427068800
1741,582,5.0,1437264000
1741,667,5.0,1438473600
1741,635,3.0,1443398400
1741,762,5.0,1443657600
1741,208,4.0,1444780800
1741,9,5.0,1445040000
1741,344,5.0,1445644800
1741,93,5.0,1445731200
1741,602,5.0,1446076800
1741,116,5.0,1446163200
1741,409,5.0,1446249600
1741,604,5.0,1446768000
1741,418,5.0,1448496000
1741,5,5.0,1449014400
1741,496,5.0,1450051200
1741,804,5.0,1453334400
1741,475,5.0,1453507200
1741,755,5.0,1456358400
1741,399,5.0,1458000000
1741,4,5.0,1461024000
1741,767,5.0,1461110400
1741,751,5.0,1467936000
1741,590,4.0,1468454400
1741,603,5.0,1468454400
1741,631,5.0,1468454400
1741,3,5.0,1468540800
1741,268,5.0,1469836800
1741,353,5.0,1471132800
1741,177,5.0,1473724800
1741,515,3.0,1482192000
1741,732,5.0,1483056000
1741,653,5.0,1484006400
1741,707,5.0,1484092800
1741,452,5.0,1484179200
1741,49,5.0,1484265600
1741,633,5.0,1485734400
1741,307,5.0,1485993600
1741,42,5.0,1487376000
1741,750,4.0,1488585600
1741,243,4.0,1489276800
1741,34,4.0,1489968000
1741,484,5.0,1490486400
1741,739,5.0,1491004800
1741,526,5.0,1491350400
1741,580,5.0,1491609600
1741,809,4.0,1491696000
1741,40,4.0,1493510400
1741,342,5.0,1494547200
1741,142,5.0,1495497600
1741,303,5.0,1495497600
1741,599,2.0,1498608000
1741,394,5.0,1500508800
1741,245,5.0,1500595200
1742,834,5.0,1427846400
1742,38,4.0,1430870400
1742,670,5.0,1461888000
1743,6,4.0,1380585600
1743,146,4.0,1380585600
1743,232,4.0,1380585600
1743,364,4.0,1380585600
1743,407,4.0,1380585600
1743,777,4.0,1380585600
1744,587,5.0,1355356800
1744,673,4.0,1404345600
1744,0,5.0,1410825600
1744,98,5.0,1415923200
1745,213,5.0,1416096000
1745,783,5.0,1488499200
1745,540,5.0,1494028800
1745,599,5.0,1497744000
1746,626,4.0,1445385600
1746,329,5.0,1450137600
1746,475,3.0,1453766400
1746,163,4.0,1473552000
1746,830,4.0,1479254400
1747,729,3.0,1404518400
1747,96,3.0,1411257600
1747,336,3.0,1443571200
1747,425,4.0,1443916800
1747,496,5.0,1450915200
1747,533,4.0,1459555200
1747,141,4.0,1470268800
1747,365,4.0,1488499200
1748,138,1.0,1391040000
1748,557,5.0,1417305600
1748,717,5.0,1419552000
1748,162,3.0,1441756800
1748,442,5.0,1445299200
1748,358,4.0,1474070400
1749,812,3.0,1403827200
1749,557,4.0,1417737600
1749,384,5.0,1423353600
1749,463,3.0,1430006400
1750,89,1.0,1352851200
1750,130,4.0,1373328000
1750,715,4.0,1406678400
1750,572,5.0,1410220800
1751,64,4.0,1393200000
1751,57,4.0,1414800000
1751,33,4.0,1425686400
1751,32,4.0,1448582400
1751,517,4.0,1467417600
1751,720,4.0,1469145600
1751,192,4.0,1470441600
1751,674,4.0,1488931200
1751,393,4.0,1489276800
1752,501,4.0,1431820800
1752,635,5.0,1443830400
1752,0,4.0,1473638400
1753,499,5.0,1404345600
1753,503,5.0,1429920000
1753,99,3.0,1430870400
1753,635,5.0,1443398400
1753,756,2.0,1446249600
1753,200,1.0,1458259200
1753,388,4.0,1466899200
1753,329,3.0,1483315200
1753,49,5.0,1488153600
1754,126,5.0,1492992000
1754,692,5.0,1492992000
1754,574,5.0,1493164800
1755,472,4.0,1390780800
1755,745,4.0,1398988800
1755,124,5.0,1421539200
1756,263,5.0,1427328000
1756,183,5.0,1443571200
1756,808,4.0,1446508800
1756,5,4.0,1449360000
1756,333,4.0,1454803200
1757,395,3.0,1394064000
1757,314,4.0,1423180800
1757,4,5.0,1459900800
1757,47,4.0,1460764800
1757,380,4.0,1468281600
1757,720,3.0,1468281600
1757,142,4.0,1477699200
1757,778,3.0,1479168000
1757,340,4.0,1481673600
1757,307,5.0,1486684800
1757,373,3.0,1497484800
1757,11,5.0,1498521600
1757,8,5.0,1502323200
1757,186,3.0,1524787200
1758,463,5.0,1428451200
1758,93,4.0,1445299200
1758,480,2.0,1464739200
1758,603,5.0,1467676800
1758,772,4.0,1477612800
1758,649,5.0,1477699200
1758,110,4.0,1478476800
1758,264,3.0,1484179200
1758,275,5.0,1485388800
1758,49,5.0,1488412800
1758,242,3.0,1491350400
1758,608,2.0,1491523200
1758,373,4.0,1497916800
1758,123,4.0,1498176000
1758,245,3.0,1498608000
1759,663,4.0,1399248000
1759,175,5.0,1414713600
1759,48,5.0,1421107200
1759,381,3.0,1429833600
1759,779,4.0,1444608000
1759,808,4.0,1445126400
1759,738,3.0,1456358400
1759,297,4.0,1460851200
1759,351,5.0,1469145600
1759,118,5.0,1476403200
1760,80,4.0,1199664000
1760,218,4.0,1379980800
1760,376,3.0,1379980800
1761,536,5.0,1372032000
1761,663,5.0,1398038400
1761,174,5.0,1400544000
1761,576,5.0,1418860800
1761,776,5.0,1440201600
1761,280,5.0,1444953600
1761,684,5.0,1448323200
1761,550,5.0,1457654400
1761,370,5.0,1458432000
1761,632,5.0,1483401600
1761,74,5.0,1484524800
1761,182,5.0,1488844800
1761,526,5.0,1488844800
1761,245,5.0,1497312000
1761,373,5.0,1498521600
1762,6,1.0,1473811200
1762,146,1.0,1473811200
1762,232,1.0,1473811200
1762,364,1.0,1473811200
1762,407,1.0,1473811200
1762,777,1.0,1473811200
1763,814,3.0,1396483200
1763,19,4.0,1463702400
1763,521,4.0,1463702400
1763,588,4.0,1467936000
1763,310,5.0,1475193600
1764,478,5.0,1485648000
1764,589,5.0,1485648000
1764,757,5.0,1487980800
1764,365,3.0,1504483200
1765,6,5.0,1461801600
1765,146,5.0,1461801600
1765,232,5.0,1461801600
1765,364,5.0,1461801600
1765,407,5.0,1461801600
1765,777,5.0,1461801600
1766,6,5.0,1458691200
1766,146,5.0,1458691200
1766,232,5.0,1458691200
1766,364,5.0,1458691200
1766,407,5.0,1458691200
1766,777,5.0,1458691200
1767,384,5.0,1423872000
1767,99,4.0,1434153600
1767,148,4.0,1458000000
1768,6,5.0,1410566400
1768,146,5.0,1410566400
1768,232,5.0,1410566400
1768,364,5.0,1410566400
1768,407,5.0,1410566400
1768,777,5.0,1410566400
1769,498,5.0,1394928000
1769,19,4.0,1466294400
1769,318,5.0,1473292800
1769,177,4.0,1476403200
1770,531,5.0,1333152000
1770,613,4.0,1333152000
1770,663,3.0,1397865600
1770,266,5.0,1418688000
1770,672,4.0,1422489600
1770,56,5.0,1423094400
1770,772,5.0,1452556800
1770,216,5.0,1466899200
1771,6,5.0,1404691200
1771,146,5.0,1404691200
1771,232,5.0,1404691200
1771,364,5.0,1404691200
1771,407,5.0,1404691200
1771,777,5.0,1404691200
1772,829,5.0,1372291200
1772,448,5.0,1403049600
1772,262,5.0,1424304000
1772,475,4.0,1455580800
1773,837,5.0,1503792000
1773,233,5.0,1516752000
1773,715,5.0,1516752000
1774,347,2.0,1391990400
1774,491,4.0,1415577600
1774,208,5.0,1444176000
1774,838,2.0,1455148800
1774,414,4.0,1459468800
1774,128,5.0,1462147200
1774,271,2.0,1473638400
1775,321,4.0,1415145600
1775,164,5.0,1489363200
1775,526,4.0,1494547200
1776,763,4.0,1479168000
1776,181,5.0,1493510400
1776,709,4.0,1493510400
1776,457,3.0,1509148800
1777,510,5.0,1388793600
1777,387,3.0,1404000000
1777,683,3.0,1404000000
1777,796,5.0,1405900800
1777,681,5.0,1408838400
1777,689,4.0,1408838400
1778,489,4.0,1378080000
1778,787,4.0,1400284800
1778,514,4.0,1404345600
1778,175,4.0,1415491200
1778,224,4.0,1448928000
1778,337,3.0,1474156800
1778,118,4.0,1475280000
1778,731,4.0,1478476800
1778,415,4.0,1479081600
1778,340,5.0,1479427200
1778,527,3.0,1480032000
1779,735,5.0,1430092800
1779,116,5.0,1446336000
1779,26,5.0,1464912000
1779,166,5.0,1466294400
1779,423,5.0,1472860800
1779,744,5.0,1473465600
1779,177,5.0,1474243200
1779,655,4.0,1474934400
1780,328,5.0,1431216000
1780,135,5.0,1444694400
1780,649,4.0,1458432000
1780,180,3.0,1458777600
1781,69,5.0,1415577600
1781,730,5.0,1420848000
1781,722,5.0,1443398400
1781,422,5.0,1457568000
1782,805,5.0,1399939200
1782,360,5.0,1401062400
1782,291,4.0,1416268800
1782,213,5.0,1416441600
1782,576,5.0,1418601600
1782,730,5.0,1421193600
1782,456,5.0,1430352000
1782,13,5.0,1434412800
1782,612,5.0,1469664000
1782,605,5.0,1528675200
1783,791,3.0,1402963200
1783,406,5.0,1413417600
1783,410,2.0,1444435200
1783,116,2.0,1445558400
1783,237,3.0,1473984000
1783,713,5.0,1485734400
1783,526,4.0,1488412800
1783,49,5.0,1488672000
1783,818,4.0,1488931200
1783,608,4.0,1490227200
1783,373,5.0,1497484800
1783,127,4.0,1498089600
1783,245,5.0,1498089600
1783,11,5.0,1498867200
1783,530,5.0,1524700800
1784,294,5.0,1447027200
1784,697,5.0,1483488000
1784,641,4.0,1492732800
1784,782,5.0,1492732800
1784,519,5.0,1492905600
1784,11,5.0,1497657600
1784,394,5.0,1497830400
1785,6,5.0,1405900800
1785,146,5.0,1405900800
1785,232,5.0,1405900800
1785,364,5.0,1405900800
1785,407,5.0,1405900800
1785,777,5.0,1405900800
1786,60,5.0,1489881600
1786,158,5.0,1489881600
1786,579,5.0,1489881600
1787,797,5.0,1415145600
1787,483,5.0,1418515200
1787,54,5.0,1430179200
1787,568,3.0,1435017600
1787,162,5.0,1441584000
1787,835,2.0,1442448000
1787,823,4.0,1447286400
1787,326,4.0,1458259200
1788,6,3.0,1376179200
1788,146,3.0,1376179200
1788,232,3.0,1376179200
1788,364,3.0,1376179200
1788,407,3.0,1376179200
1788,777,3.0,1376179200
1789,6,5.0,1403481600
1789,146,5.0,1403481600
1789,232,5.0,1403481600
1789,364,5.0,1403481600
1789,407,5.0,1403481600
1789,777,5.0,1403481600
1790,828,4.0,1445904000
1790,273,5.0,1450396800
1790,128,5.0,1459468800
1790,76,1.0,1468454400
1790,599,5.0,1497916800
1791,229,3.0,1447632000
1791,698,3.0,1475884800
1791,259,5.0,1489795200
1791,383,5.0,1489795200
1792,6,5.0,1406419200
1792,146,5.0,1406419200
1792,232,5.0,1406419200
1792,364,5.0,1406419200
1792,407,5.0,1406419200
1792,777,5.0,1406419200
1793,717,5.0,1419897600
1793,734,5.0,1424131200
1793,18,5.0,1445904000
1793,422,3.0,1458000000
1793,230,5.0,1461110400
1793,187,4.0,1467590400
1793,264,5.0,1485388800
1793,739,4.0,1493078400
1793,245,4.0,1499385600
1793,599,5.0,1499385600
1793,51,5.0,1517529600
1794,6,5.0,1429056000
1794,146,5.0,1429056000
1794,232,5.0,1429056000
1794,364,5.0,1429056000
1794,407,5.0,1429056000
1794,777,5.0,1429056000
1795,615,5.0,1428537600
1795,558,5.0,1438732800
1795,5,5.0,1448755200
1795,755,4.0,1456617600
1795,264,4.0,1484006400
1796,44,4.0,1423526400
1796,445,3.0,1433203200
1796,13,3.0,1435449600
1796,492,2.0,1443744000
1796,290,4.0,1447459200
1797,788,4.0,1368316800
1797,20,5.0,1368403200
1797,227,2.0,1368748800
1797,136,5.0,1369699200
1797,539,5.0,1369699200
1798,34,3.0,1487721600
1798,245,3.0,1498003200
1798,373,4.0,1500508800
1798,104,4.0,1512518400
1798,270,4.0,1523577600
1798,193,4.0,1525651200
1799,163,2.0,1477008000
1799,355,5.0,1477180800
1799,27,4.0,1477872000
1799,300,3.0,1484438400
1799,42,4.0,1490227200
1799,394,4.0,1499990400
1799,818,4.0,1501459200
1799,127,4.0,1502150400
1799,49,4.0,1502236800
1799,526,4.0,1502582400
1800,6,3.0,1415577600
1800,146,3.0,1415577600
1800,232,3.0,1415577600
1800,364,3.0,1415577600
1800,407,3.0,1415577600
1800,777,3.0,1415577600
1801,6,5.0,1405814400
1801,146,5.0,1405814400
1801,232,5.0,1405814400
1801,364,5.0,1405814400
1801,407,5.0,1405814400
1801,777,5.0,1405814400
1802,6,5.0,1409961600
1802,146,5.0,1409961600
1802,232,5.0,1409961600
1802,364,5.0,1409961600
1802,407,5.0,1409961600
1802,777,5.0,1409961600
1803,6,5.0,1369008000
1803,146,5.0,1369008000
1803,232,5.0,1369008000
1803,364,5.0,1369008000
1803,407,5.0,1369008000
1803,777,5.0,1369008000
1804,780,4.0,1406160000
1804,356,4.0,1414368000
1804,690,2.0,1415491200
1804,410,4.0,1445558400
1805,324,5.0,1441756800
1805,659,3.0,1445299200
1805,639,4.0,1447545600
1805,339,5.0,1458000000
1805,644,5.0,1471824000
1805,240,3.0,1484524800
1805,354,3.0,1486512000
1805,479,4.0,1487548800
1805,390,4.0,1491868800
1805,739,3.0,1495756800
1805,526,4.0,1496534400
1805,540,4.0,1497916800
1805,599,5.0,1499299200
1805,394,4.0,1500508800
1805,142,5.0,1503705600
1805,67,3.0,1507766400
1805,520,5.0,1514246400
1806,6,5.0,1470009600
1806,146,5.0,1470009600
1806,232,5.0,1470009600
1806,364,5.0,1470009600
1806,407,5.0,1470009600
1806,777,5.0,1470009600
1807,829,4.0,1371427200
1807,507,4.0,1391472000
1807,710,5.0,1403136000
1807,99,3.0,1431302400
1807,529,4.0,1441670400
1807,372,3.0,1442448000
1807,708,5.0,1453248000
1807,786,3.0,1458518400
1807,149,4.0,1463961600
1807,331,4.0,1465257600
1807,342,4.0,1499731200
1807,245,4.0,1503446400
1807,836,5.0,1505347200
1807,373,4.0,1505952000
1807,394,4.0,1511308800
1807,437,5.0,1514851200
1807,51,5.0,1516060800
1807,563,2.0,1516060800
1808,803,4.0,1414800000
1808,483,3.0,1415664000
1808,48,4.0,1420502400
1809,130,2.0,1370908800
1809,536,2.0,1370908800
1809,803,4.0,1415145600
1809,695,5.0,1415232000
1809,194,4.0,1430352000
1809,702,3.0,1432771200
1809,522,5.0,1443225600
1809,18,5.0,1445558400
1809,76,1.0,1468368000
1809,351,4.0,1468886400
1809,385,3.0,1487462400
1810,371,4.0,1397433600
1810,690,4.0,1416268800
1810,203,3.0,1430438400
1810,201,4.0,1444694400
1810,32,5.0,1445731200
1810,467,5.0,1448582400
1810,216,3.0,1466121600
1810,215,4.0,1468540800
1810,351,4.0,1469664000
1810,34,3.0,1486771200
1810,526,4.0,1488758400
1810,394,5.0,1500163200
1810,46,5.0,1502064000
1810,313,5.0,1505174400
1811,311,5.0,1316995200
1811,114,5.0,1475625600
1811,349,5.0,1475625600
1812,371,5.0,1398038400
1812,514,5.0,1404691200
1812,643,4.0,1416268800
1812,294,5.0,1445990400
1812,238,4.0,1458604800
1812,331,5.0,1466121600
1812,841,5.0,1492732800
1813,98,5.0,1395273600
1813,69,5.0,1418947200
1813,245,5.0,1498435200
1814,6,5.0,1473033600
1814,146,5.0,1473033600
1814,232,5.0,1473033600
1814,364,5.0,1473033600
1814,407,5.0,1473033600
1814,777,5.0,1473033600
1815,672,3.0,1421712000
1815,522,5.0,1443571200
1815,359,4.0,1470528000
1815,423,3.0,1473811200
1815,443,4.0,1485993600
1815,390,5.0,1492819200
1815,739,4.0,1494892800
1816,829,4.0,1371600000
1816,376,2.0,1374105600
1816,654,5.0,1389744000
1816,695,4.0,1414713600
1816,57,5.0,1415145600
1816,615,5.0,1428105600
1816,501,4.0,1431907200
1816,33,5.0,1439683200
1816,567,5.0,1439683200
1816,162,4.0,1441670400
1816,409,4.0,1445731200
1816,602,4.0,1446163200
1816,604,3.0,1447372800
1816,465,2.0,1450828800
1816,475,4.0,1454716800
1816,101,5.0,1456358400
1816,274,5.0,1457740800
1816,326,1.0,1458518400
1816,331,5.0,1464998400
1816,590,5.0,1468281600
1816,237,5.0,1473465600
1816,310,5.0,1473811200
1817,6,5.0,1376697600
1817,146,5.0,1376697600
1817,232,5.0,1376697600
1817,364,5.0,1376697600
1817,407,5.0,1376697600
1817,777,5.0,1376697600
1818,6,5.0,1378252800
1818,146,5.0,1378252800
1818,232,5.0,1378252800
1818,364,5.0,1378252800
1818,407,5.0,1378252800
1818,777,5.0,1378252800
1819,172,4.0,1400457600
1819,463,3.0,1430092800
1819,188,3.0,1431475200
1819,128,5.0,1459814400
1819,526,2.0,1489622400
1819,40,5.0,1495670400
1819,245,4.0,1499299200
1819,394,4.0,1499990400
1819,373,5.0,1500854400
1820,627,5.0,1389052800
1820,794,5.0,1399248000
1820,704,5.0,1415577600
1820,771,5.0,1416528000
1820,235,5.0,1418688000
1820,592,5.0,1433894400
1820,782,5.0,1491696000
1820,394,5.0,1498608000
1820,373,5.0,1498953600
1820,8,5.0,1503964800
1820,453,4.0,1514851200
1821,257,5.0,1393804800
1821,640,5.0,1404086400
1821,179,4.0,1415232000
1821,576,4.0,1419292800
1821,263,5.0,1427241600
1821,639,5.0,1445990400
1821,281,5.0,1461024000
1821,3,5.0,1468368000
1821,644,4.0,1469491200
1821,721,4.0,1476662400
1822,601,3.0,1485475200
1822,46,5.0,1498003200
1822,373,5.0,1498003200
1822,599,4.0,1498608000
1822,394,5.0,1499731200
1822,581,5.0,1512691200
1823,763,5.0,1479168000
1823,197,4.0,1502841600
1823,115,4.0,1512345600
1823,807,5.0,1525392000
1824,829,5.0,1370908800
1824,130,3.0,1371600000
1824,376,5.0,1375315200
1824,65,5.0,1391385600
1824,805,5.0,1399507200
1824,638,4.0,1403568000
1824,541,4.0,1412380800
1824,685,5.0,1412812800
1824,175,4.0,1415577600
1824,391,5.0,1415577600
1824,262,5.0,1424304000
1824,95,5.0,1432080000
1824,722,5.0,1442793600
1824,142,5.0,1445472000
1824,93,4.0,1445990400
1824,772,4.0,1453680000
1824,505,3.0,1463356800
1824,85,5.0,1467158400
1824,631,4.0,1467936000
1824,732,5.0,1482796800
1824,795,4.0,1486080000
1824,11,4.0,1501286400
1824,245,4.0,1501286400
1824,394,4.0,1501286400
1824,599,4.0,1501286400
1824,724,5.0,1501286400
1824,15,5.0,1511913600
1825,358,5.0,1431129600
1825,0,4.0,1431216000
1825,500,4.0,1431216000
1825,654,5.0,1431216000
1826,544,5.0,1398470400
1826,700,5.0,1400803200
1826,509,5.0,1404259200
1827,6,5.0,1469404800
1827,146,5.0,1469404800
1827,232,5.0,1469404800
1827,364,5.0,1469404800
1827,407,5.0,1469404800
1827,777,5.0,1469404800
1828,6,2.0,1389398400
1828,146,2.0,1389398400
1828,232,2.0,1389398400
1828,364,2.0,1389398400
1828,407,2.0,1389398400
1828,777,2.0,1389398400
1829,130,4.0,1374192000
1829,536,3.0,1374192000
1829,600,4.0,1375142400
1829,360,3.0,1403654400
1830,142,3.0,1477267200
1830,74,5.0,1484611200
1830,373,3.0,1501113600
1831,445,3.0,1434240000
1831,667,5.0,1438819200
1831,132,4.0,1462147200
1832,6,1.0,1401235200
1832,146,1.0,1401235200
1832,232,1.0,1401235200
1832,364,1.0,1401235200
1832,407,1.0,1401235200
1832,777,1.0,1401235200
1833,805,5.0,1402790400
1833,112,4.0,1403136000
1833,90,3.0,1404604800
1833,597,3.0,1404604800
1833,609,5.0,1404604800
1833,715,4.0,1407024000
1833,57,5.0,1414972800
1833,771,5.0,1418515200
1833,299,5.0,1423699200
1833,481,4.0,1429920000
1833,584,5.0,1430352000
1833,13,4.0,1435363200
1833,343,5.0,1438732800
1833,835,1.0,1439337600
1833,336,4.0,1440806400
1833,667,3.0,1440979200
1833,111,5.0,1442620800
1833,773,5.0,1442620800
1833,492,3.0,1444867200
1833,367,4.0,1445558400
1833,75,3.0,1445644800
1833,201,4.0,1445731200
1833,205,5.0,1448841600
1833,533,5.0,1457568000
1833,399,4.0,1457913600
1833,47,2.0,1458864000
1833,598,4.0,1460937600
1833,117,3.0,1467244800
1833,141,4.0,1468368000
1833,335,3.0,1468540800
1833,351,4.0,1468972800
1833,202,5.0,1469404800
1833,108,5.0,1469664000
1833,192,3.0,1469836800
1834,396,3.0,1468108800
1834,121,5.0,1480377600
1834,106,5.0,1491609600
1834,311,5.0,1502582400
1835,317,5.0,1413590400
1835,0,1.0,1416700800
1835,654,4.0,1416700800
1836,327,5.0,1389571200
1836,781,4.0,1394236800
1836,121,4.0,1400716800
1836,122,4.0,1401667200
1836,6,4.0,1403654400
1836,146,4.0,1403654400
1836,232,4.0,1403654400
1836,234,4.0,1403654400
1836,306,4.0,1403654400
1836,364,4.0,1403654400
1836,407,4.0,1403654400
1836,777,4.0,1403654400
1836,662,5.0,1408838400
1836,84,5.0,1410048000
1836,803,3.0,1414713600
1836,321,4.0,1415750400
1836,285,5.0,1422316800
1836,772,3.0,1422576000
1836,68,5.0,1425772800
1836,495,5.0,1426982400
1836,87,3.0,1430006400
1836,771,4.0,1431216000
1836,82,3.0,1443139200
1836,239,5.0,1446249600
1836,640,3.0,1450137600
1836,114,5.0,1460851200
1836,349,5.0,1460851200
1836,710,5.0,1463616000
1836,171,5.0,1464998400
1836,15,5.0,1466035200
1837,60,5.0,1496880000
1837,158,5.0,1496880000
1837,254,5.0,1496880000
1838,100,2.0,1421798400
1838,833,4.0,1433635200
1838,703,1.0,1450828800
1839,6,1.0,1413676800
1839,146,1.0,1413676800
1839,232,1.0,1413676800
1839,364,1.0,1413676800
1839,407,1.0,1413676800
1839,777,1.0,1413676800
1840,347,4.0,1390348800
1840,90,4.0,1400630400
1840,597,4.0,1400630400
1840,672,4.0,1421452800
1840,381,4.0,1430438400
1840,99,3.0,1432771200
1840,727,4.0,1444608000
